Date,Open,High,Low,Close,Adj Close,Volume
2005-09-28,13.149999618530273,13.789999961853027,13.100000381469727,13.470000267028809,2.1804192066192627,2973519
2005-09-29,13.359999656677246,13.59000015258789,13.0,13.100000381469727,2.1205267906188965,938754
2005-09-30,13.170000076293945,13.550000190734863,13.0,13.149999618530273,2.128620147705078,172330
2005-10-03,13.149999618530273,13.149999618530273,13.0,13.029999732971191,2.109196662902832,259749
2005-10-04,13.0600004196167,13.15999984741211,13.0,13.029999732971191,2.109196662902832,47670
2005-10-05,13.0,13.069999694824219,12.75,12.800000190734863,2.071965456008911,227452
2005-10-06,12.600000381469727,12.890000343322754,12.600000381469727,12.890000343322754,2.086533546447754,125050
2005-10-07,13.0,13.0,12.680000305175781,12.760000228881836,2.065490484237671,106257
2005-10-10,12.800000190734863,12.8100004196167,12.380000114440918,12.5,2.0234036445617676,58803
2005-10-11,12.449999809265137,12.579999923706055,12.0,12.350000381469727,1.9991230964660645,260520
2005-10-12,12.75,12.75,12.149999618530273,12.279999732971191,1.9877912998199463,40351
2005-10-13,12.199999809265137,12.770000457763672,12.109999656677246,12.109999656677246,1.9602736234664917,28718
2005-10-14,12.109999656677246,12.399999618530273,12.109999656677246,12.25,1.9829354286193848,20350
2005-10-17,12.100000381469727,12.130000114440918,11.319999694824219,11.84000015258789,1.9165680408477783,73945
2005-10-18,11.899999618530273,12.09000015258789,11.850000381469727,12.0,1.942467212677002,34390
2005-10-19,11.65999984741211,11.779999732971191,11.550000190734863,11.739999771118164,1.9003801345825195,101123
2005-10-20,11.850000381469727,12.010000228881836,11.850000381469727,11.899999618530273,1.9262800216674805,28340
2005-10-21,11.75,12.0,11.75,11.90999984741211,1.9278991222381592,12150
2005-10-24,11.899999618530273,11.899999618530273,11.760000228881836,11.800000190734863,1.910092830657959,43605
2005-10-25,11.859999656677246,12.390000343322754,11.859999656677246,12.010000228881836,1.9440861940383911,58605
2005-10-26,11.75100040435791,12.75,11.75100040435791,12.75,2.0638716220855713,294745
2005-10-27,12.989999771118164,12.989999771118164,12.5,12.859999656677246,2.0816776752471924,101549
2005-10-28,12.859999656677246,12.859999656677246,12.550000190734863,12.729999542236328,2.0606343746185303,32590
2005-10-31,12.550000190734863,13.229999542236328,12.550000190734863,13.0,2.104340076446533,74223
2005-11-01,13.0,13.0600004196167,12.979999542236328,13.0,2.104340076446533,35740
2005-11-02,12.649999618530273,13.399999618530273,12.649999618530273,13.260000228881836,2.146425724029541,90315
2005-11-03,13.390000343322754,14.119999885559082,13.149999618530273,13.699999809265137,2.2176501750946045,182748
2005-11-04,13.75,14.460000038146973,13.5,13.880000114440918,2.2467873096466064,240286
2005-11-07,14.289999961853027,14.289999961853027,14.079999923706055,14.289999961853027,2.313154458999634,107385
2005-11-08,13.90999984741211,15.0,13.90999984741211,14.470000267028809,2.342291831970215,315321
2005-11-09,14.819999694824219,15.020000457763672,14.25,14.579999923706055,2.360098123550415,95338
2005-11-10,14.260000228881836,14.880000114440918,14.260000228881836,14.579999923706055,2.360098123550415,85726
2005-11-11,14.520000457763672,15.399999618530273,14.520000457763672,15.329999923706055,2.481501817703247,198412
2005-11-14,14.4399995803833,14.779999732971191,14.079999923706055,14.359999656677246,2.324486017227173,272070
2005-11-15,13.9399995803833,14.09000015258789,13.699999809265137,13.75,2.225743532180786,210494
2005-11-16,13.699999809265137,13.729999542236328,13.640000343322754,13.670000076293945,2.212794065475464,130628
2005-11-17,14.09000015258789,14.789999961853027,14.09000015258789,14.65999984741211,2.3730478286743164,154760
2005-11-18,14.670000076293945,14.75,14.229999542236328,14.350000381469727,2.3228671550750732,59528
2005-11-21,14.260000228881836,14.260000228881836,13.899999618530273,14.09000015258789,2.28078031539917,120119
2005-11-22,13.880000114440918,14.760000228881836,13.880000114440918,14.65999984741211,2.3730478286743164,117784
2005-11-23,14.460000038146973,14.979999542236328,14.460000038146973,14.75,2.387615919113159,171353
2005-11-25,14.609999656677246,14.609999656677246,14.229999542236328,14.430000305175781,2.335817337036133,71005
2005-11-28,14.289999961853027,14.640000343322754,14.180000305175781,14.260000228881836,2.3082990646362305,102989
2005-11-29,14.430000305175781,14.75,14.420000076293945,14.550000190734863,2.3552417755126953,68510
2005-11-30,14.770000457763672,14.770000457763672,14.539999961853027,14.770000457763672,2.3908538818359375,65357
2005-12-01,14.390000343322754,14.670000076293945,14.34000015258789,14.489999771118164,2.345529556274414,74832
2005-12-02,14.859999656677246,15.130000114440918,14.630000114440918,14.9399995803833,2.4183719158172607,166638
2005-12-05,15.0,15.0,14.520000457763672,14.600000381469727,2.363335609436035,74881
2005-12-06,14.560999870300293,14.789999961853027,14.560999870300293,14.789999961853027,2.3940911293029785,41678
2005-12-07,14.5,14.5,14.25,14.4399995803833,2.337435722351074,73451
2005-12-08,14.199999809265137,14.899999618530273,14.199999809265137,14.899999618530273,2.4118967056274414,70508
2005-12-09,14.84000015258789,14.880000114440918,14.699999809265137,14.699999809265137,2.3795228004455566,50260
2005-12-12,14.920000076293945,14.989999771118164,14.630999565124512,14.899999618530273,2.4118967056274414,61984
2005-12-13,14.989999771118164,15.359999656677246,14.680000305175781,15.0,2.4280834197998047,95190
2005-12-14,15.300000190734863,16.229999542236328,14.899999618530273,15.869999885559082,2.5689139366149902,476566
2005-12-15,15.770000457763672,16.280000686645508,15.770000457763672,16.149999618530273,2.6142373085021973,109532
2005-12-16,16.149999618530273,16.3799991607666,15.90999984741211,16.0,2.589956521987915,65038
2005-12-19,15.949999809265137,15.949999809265137,15.399999618530273,15.510000228881836,2.510638952255249,135569
2005-12-20,15.5,15.569999694824219,15.350000381469727,15.5,2.5090198516845703,41781
2005-12-21,15.579999923706055,15.720000267028809,15.350000381469727,15.520000457763672,2.5122575759887695,29227
2005-12-22,15.6899995803833,17.027000427246094,15.600000381469727,16.649999618530273,2.695173740386963,254278
2005-12-23,17.100000381469727,17.1299991607666,16.520000457763672,16.540000915527344,2.677367687225342,180934
2005-12-27,16.34000015258789,16.3799991607666,16.010000228881836,16.079999923706055,2.6029062271118164,61576
2005-12-28,15.670000076293945,16.049999237060547,15.5,15.899999618530273,2.5737690925598145,70531
2005-12-29,15.699999809265137,16.18000030517578,15.699999809265137,15.84000015258789,2.564056634902954,23131
2005-12-30,15.550000190734863,16.399999618530273,15.550000190734863,15.949999809265137,2.5818631649017334,94125
2006-01-03,16.389999389648438,16.979999542236328,16.3799991607666,16.440000534057617,2.6611807346343994,84325
2006-01-04,16.989999771118164,16.989999771118164,16.170000076293945,16.3799991607666,2.65146803855896,49731
2006-01-05,15.960000038146973,16.350000381469727,15.60099983215332,16.280000686645508,2.635281562805176,127109
2006-01-06,16.200000762939453,16.309999465942383,15.9399995803833,16.138999938964844,2.612457036972046,45935
2006-01-09,16.260000228881836,16.889999389648438,16.0,16.43000030517578,2.6595616340637207,77845
2006-01-10,16.610000610351562,18.329999923706055,16.549999237060547,17.860000610351562,2.891038417816162,484611
2006-01-11,17.989999771118164,18.100000381469727,17.600000381469727,17.860000610351562,2.891038417816162,149416
2006-01-12,17.979999542236328,18.200000762939453,17.5,17.600000381469727,2.848952531814575,227305
2006-01-13,17.420000076293945,17.899999618530273,17.350000381469727,17.8799991607666,2.8942766189575195,34226
2006-01-17,18.0,18.399999618530273,17.801000595092773,18.198999404907227,2.945913076400757,162698
2006-01-18,18.200000762939453,18.399999618530273,17.850000381469727,18.1299991607666,2.934744119644165,48940
2006-01-19,18.229999542236328,18.329999923706055,17.899999618530273,18.030000686645508,2.9185569286346436,118106
2006-01-20,18.1200008392334,18.18000030517578,17.360000610351562,17.559999465942383,2.842477560043335,72114
2006-01-23,17.65999984741211,17.809999465942383,17.209999084472656,17.31999969482422,2.8036272525787354,67305
2006-01-24,17.270000457763672,17.790000915527344,17.270000457763672,17.56999969482422,2.8440959453582764,42361
2006-01-25,17.59000015258789,18.450000762939453,17.59000015258789,18.1200008392334,2.933126926422119,71639
2006-01-26,18.229999542236328,18.65999984741211,18.229999542236328,18.59000015258789,3.0092053413391113,63059
2006-01-27,18.690000534057617,18.690000534057617,17.950000762939453,18.190000534057617,2.9444568157196045,41170
2006-01-30,18.149999618530273,18.149999618530273,17.610000610351562,18.040000915527344,2.9201765060424805,60409
2006-01-31,18.06999969482422,18.06999969482422,17.464000701904297,17.760000228881836,2.874851942062378,30944
2006-02-01,17.670000076293945,18.195999145507812,17.6299991607666,18.06999969482422,2.925032615661621,61944
2006-02-02,18.100000381469727,18.190000534057617,17.700000762939453,18.059999465942383,2.9234132766723633,45522
2006-02-03,18.0,18.200000762939453,17.940000534057617,18.0,2.9137017726898193,60214
2006-02-06,18.0,18.0,17.84000015258789,18.0,2.9137017726898193,23241
2006-02-07,17.940000534057617,17.940000534057617,16.40999984741211,17.0,2.751829147338867,109559
2006-02-08,17.0,17.239999771118164,16.420000076293945,17.139999389648438,2.7744905948638916,438539
2006-02-09,17.31999969482422,17.700000762939453,17.200000762939453,17.209999084472656,2.7858216762542725,29981
2006-02-10,17.1200008392334,17.420000076293945,16.950000762939453,17.340999603271484,2.8070271015167236,37461
2006-02-13,17.389999389648438,17.389999389648438,16.714000701904297,16.989999771118164,2.750210762023926,24082
2006-02-14,16.940000534057617,16.989999771118164,16.690000534057617,16.950000762939453,2.7437362670898438,31837
2006-02-15,16.670000076293945,16.780000686645508,16.18000030517578,16.239999771118164,2.62880539894104,100939
2006-02-16,16.190000534057617,16.3799991607666,16.110000610351562,16.309999465942383,2.640136480331421,47518
2006-02-17,16.25,16.65999984741211,16.25,16.440000534057617,2.6611807346343994,21863
2006-02-21,16.510000228881836,16.84000015258789,16.399999618530273,16.6299991607666,2.6919360160827637,37309
2006-02-22,16.579999923706055,16.780000686645508,15.65999984741211,15.800000190734863,2.557581901550293,238903
2006-02-23,15.720000267028809,15.949999809265137,14.829999923706055,14.970000267028809,2.4232282638549805,210727
2006-02-24,15.020000457763672,16.25,14.979999542236328,16.139999389648438,2.6126179695129395,119423
2006-02-27,16.100000381469727,17.049999237060547,16.079999923706055,16.93000030517578,2.7404980659484863,97513
2006-02-28,16.850000381469727,17.600000381469727,16.549999237060547,17.0,2.751829147338867,92704
2006-03-01,17.0,17.43000030517578,17.0,17.0,2.751829147338867,33885
2006-03-02,16.850000381469727,17.09000015258789,16.700000762939453,17.0,2.751829147338867,32466
2006-03-03,17.0,17.260000228881836,16.989999771118164,17.010000228881836,2.7534472942352295,34037
2006-03-06,17.010000228881836,17.059999465942383,16.75,16.790000915527344,2.7178361415863037,132846
2006-03-07,16.700000762939453,17.010000228881836,16.670000076293945,16.84000015258789,2.7259292602539062,151295
2006-03-08,16.850000381469727,17.030000686645508,16.75,17.0,2.751829147338867,107731
2006-03-09,16.969999313354492,17.170000076293945,16.8700008392334,17.0,2.751829147338867,69780
2006-03-10,17.0,17.020000457763672,16.469999313354492,16.479999542236328,2.6676552295684814,64107
2006-03-13,16.459999084472656,16.75,16.350000381469727,16.3700008392334,2.6498498916625977,45807
2006-03-14,16.290000915527344,16.520000457763672,16.030000686645508,16.049999237060547,2.598050355911255,107376
2006-03-15,16.0,16.139999389648438,15.430000305175781,15.800000190734863,2.557581901550293,148604
2006-03-16,15.800000190734863,16.5,15.75,16.290000915527344,2.636899948120117,17630
2006-03-17,16.270000457763672,16.270000457763672,15.6899995803833,15.8100004196167,2.5592007637023926,48884
2006-03-20,15.869999885559082,16.1200008392334,15.699999809265137,15.710000038146973,2.543013334274292,60039
2006-03-21,15.789999961853027,16.170000076293945,15.789999961853027,15.970000267028809,2.585099697113037,32357
2006-03-22,16.010000228881836,16.149999618530273,15.84000015258789,16.049999237060547,2.598050355911255,22861
2006-03-23,15.960000038146973,16.049999237060547,15.810999870300293,16.049999237060547,2.598050355911255,6550
2006-03-24,15.819999694824219,15.890000343322754,15.710000038146973,15.829999923706055,2.562438726425171,18714
2006-03-27,15.890000343322754,16.399999618530273,15.770000457763672,16.239999771118164,2.62880539894104,56098
2006-03-28,16.15999984741211,16.450000762939453,15.970000267028809,16.079999923706055,2.6029062271118164,77511
2006-03-29,16.040000915527344,16.040000915527344,15.670000076293945,15.739999771118164,2.5478696823120117,38945
2006-03-30,15.6899995803833,15.84000015258789,15.6899995803833,15.84000015258789,2.564056634902954,20133
2006-03-31,15.75,15.75,15.069999694824219,15.130000114440918,2.474118947982788,126766
2006-04-03,15.319999694824219,15.529999732971191,15.319999694824219,15.529999732971191,2.5395288467407227,35695
2006-04-04,15.75,15.970000267028809,15.579999923706055,15.970000267028809,2.611478567123413,51011
2006-04-05,16.049999237060547,16.5,16.010000228881836,16.469999313354492,2.6932411193847656,57453
2006-04-06,16.5,16.850000381469727,16.5,16.75,2.739027738571167,28476
2006-04-07,16.56999969482422,16.81999969482422,16.549999237060547,16.81999969482422,2.750474452972412,9504
2006-04-10,16.889999389648438,17.149999618530273,16.81999969482422,17.149999618530273,2.8044369220733643,14066
2006-04-11,16.790000915527344,16.850000381469727,15.5600004196167,15.949999809265137,2.608208656311035,36051
2006-04-12,16.0,16.209999084472656,15.9399995803833,16.149999618530273,2.640913248062134,4940
2006-04-13,16.209999084472656,16.8700008392334,16.209999084472656,16.760000228881836,2.740663528442383,17815
2006-04-17,16.8700008392334,17.3799991607666,16.850000381469727,17.0,2.779909133911133,51658
2006-04-18,17.100000381469727,17.100000381469727,16.81999969482422,16.979999542236328,2.7766380310058594,8399
2006-04-19,16.959999084472656,17.319000244140625,16.90999984741211,17.200000762939453,2.8126139640808105,126620
2006-04-20,17.260000228881836,17.260000228881836,16.850000381469727,16.93000030517578,2.7684619426727295,30437
2006-04-21,17.0,17.048999786376953,16.68000030517578,16.799999237060547,2.747203826904297,18049
2006-04-24,16.799999237060547,16.950000762939453,16.6299991607666,16.950000762939453,2.771733283996582,30118
2006-04-25,16.8799991607666,16.93000030517578,16.59000015258789,16.799999237060547,2.747203826904297,32424
2006-04-26,16.520000457763672,16.799999237060547,16.450000762939453,16.68000030517578,2.72758150100708,9365
2006-04-27,16.65999984741211,16.690000534057617,16.110000610351562,16.43000030517578,2.6867001056671143,17622
2006-04-28,16.5,16.770000457763672,16.43000030517578,16.639999389648438,2.721039295196533,16670
2006-05-01,16.600000381469727,17.200000762939453,16.31999969482422,16.729999542236328,2.7357563972473145,26272
2006-05-02,17.280000686645508,17.3700008392334,16.700000762939453,16.889999389648438,2.761920928955078,60947
2006-05-03,16.940000534057617,17.149999618530273,16.889999389648438,16.979999542236328,2.7766380310058594,77383
2006-05-04,16.93000030517578,16.93000030517578,16.75,16.81999969482422,2.750474452972412,31989
2006-05-05,16.860000610351562,17.0,16.68000030517578,16.799999237060547,2.747203826904297,127128
2006-05-08,16.799999237060547,16.829999923706055,16.399999618530273,16.5,2.6981468200683594,79286
2006-05-09,16.530000686645508,16.530000686645508,16.200000762939453,16.350000381469727,2.6736178398132324,72176
2006-05-10,16.290000915527344,16.290000915527344,15.130000114440918,15.270000457763672,2.497012138366699,344245
2006-05-11,15.529999732971191,15.800000190734863,15.359999656677246,15.359999656677246,2.5117292404174805,85290
2006-05-12,15.270000457763672,15.609999656677246,15.260000228881836,15.359999656677246,2.5117292404174805,113796
2006-05-15,16.399999618530273,16.399999618530273,15.829999923706055,16.149999618530273,2.640913248062134,73951
2006-05-16,16.229999542236328,16.649999618530273,16.229999542236328,16.520000457763672,2.7014172077178955,42370
2006-05-17,16.639999389648438,16.690000534057617,16.15999984741211,16.309999465942383,2.6670773029327393,30745
2006-05-18,16.309999465942383,16.610000610351562,15.579999923706055,16.260000228881836,2.6589012145996094,34086
2006-05-19,16.190000534057617,16.5,16.190000534057617,16.350000381469727,2.6736178398132324,6632
2006-05-22,15.779999732971191,15.779999732971191,15.550000190734863,15.550000190734863,2.5427985191345215,33828
2006-05-23,15.489999771118164,15.729999542236328,15.069999694824219,15.15999984741211,2.479024887084961,145734
2006-05-24,15.109999656677246,15.109999656677246,14.050000190734863,14.119999885559082,2.3089599609375,372030
2006-05-25,14.119999885559082,14.399999618530273,13.710000038146973,14.0,2.289336681365967,222286
2006-05-26,14.0600004196167,14.180000305175781,13.800000190734863,14.149999618530273,2.3138651847839355,160376
2006-05-30,14.850000381469727,15.050000190734863,14.609999656677246,14.6899995803833,2.4021692276000977,161603
2006-05-31,14.819999694824219,14.960000038146973,14.630000114440918,14.869999885559082,2.4316024780273438,55502
2006-06-01,14.829999923706055,14.989999771118164,14.710000038146973,14.9399995803833,2.4430501461029053,18511
2006-06-02,15.010000228881836,15.0600004196167,14.880000114440918,14.949999809265137,2.4446849822998047,83022
2006-06-05,15.3100004196167,15.5,14.75,14.8100004196167,2.4217910766601562,190853
2006-06-06,14.789999961853027,14.829999923706055,14.15999984741211,14.300000190734863,2.338393449783325,65447
2006-06-07,14.270000457763672,14.520000457763672,14.029999732971191,14.229999542236328,2.3269476890563965,125231
2006-06-08,14.090999603271484,14.109999656677246,13.8100004196167,13.960000038146973,2.2827956676483154,120871
2006-06-09,14.100000381469727,14.149999618530273,13.869999885559082,14.020000457763672,2.292607307434082,295351
2006-06-12,14.029999732971191,14.130000114440918,13.960000038146973,14.0,2.289336681365967,128994
2006-06-13,13.869999885559082,14.149999618530273,13.660099983215332,13.850000381469727,2.264808416366577,42251
2006-06-14,13.899999618530273,14.319999694824219,13.789999961853027,13.949999809265137,2.281160593032837,43889
2006-06-15,14.0,14.880000114440918,14.0,14.880000114440918,2.433237314224243,81175
2006-06-16,14.829999923706055,14.880000114440918,14.529999732971191,14.880000114440918,2.433237314224243,13450
2006-06-19,15.010000228881836,15.010000228881836,14.5,14.680000305175781,2.400533437728882,20668
2006-06-20,14.6899995803833,14.6899995803833,14.369999885559082,14.539999961853027,2.3776395320892334,48570
2006-06-21,14.520000457763672,15.0,14.399999618530273,14.619999885559082,2.390721082687378,63595
2006-06-22,14.90999984741211,14.90999984741211,14.239999771118164,14.359999656677246,2.3482048511505127,28443
2006-06-23,14.399999618530273,14.420000076293945,14.220000267028809,14.420000076293945,2.3580169677734375,35504
2006-06-26,14.40999984741211,14.40999984741211,13.920000076293945,14.100000381469727,2.3056883811950684,47669
2006-06-27,14.34000015258789,14.369999885559082,13.920000076293945,14.050000190734863,2.2975118160247803,337249
2006-06-28,14.069999694824219,14.449999809265137,13.920000076293945,14.0,2.289336681365967,141402
2006-06-29,13.949999809265137,14.050000190734863,13.670000076293945,13.829999923706055,2.261537790298462,74130
2006-06-30,13.84000015258789,14.149999618530273,13.84000015258789,14.010000228881836,2.2909719944000244,113233
2006-07-03,14.220000267028809,14.800000190734863,14.130000114440918,14.6899995803833,2.4021692276000977,128667
2006-07-05,14.8100004196167,15.109999656677246,14.65999984741211,14.989999771118164,2.451226234436035,70225
2006-07-06,15.0600004196167,15.380000114440918,15.0600004196167,15.239999771118164,2.4921066761016846,14789
2006-07-07,15.180000305175781,15.229999542236328,15.0,15.1899995803833,2.4839303493499756,50938
2006-07-10,15.34000015258789,15.350000381469727,15.0,15.140000343322754,2.475754499435425,53212
2006-07-11,15.140000343322754,15.15999984741211,14.90999984741211,15.09000015258789,2.467578411102295,33493
2006-07-12,14.5,14.5,13.949999809265137,14.079999923706055,2.3024184703826904,43286
2006-07-13,13.9399995803833,14.0,13.520000457763672,13.649999618530273,2.2321033477783203,41242
2006-07-14,13.609999656677246,13.699999809265137,13.109999656677246,13.359999656677246,2.184680700302124,34595
2006-07-17,14.390000343322754,14.890000343322754,13.989999771118164,14.25,2.3302178382873535,90941
2006-07-18,14.720000267028809,14.930000305175781,14.720000267028809,14.930000305175781,2.4414138793945312,57136
2006-07-19,14.65999984741211,14.989999771118164,14.619999885559082,14.930000305175781,2.4414138793945312,28394
2006-07-20,14.979999542236328,15.100000381469727,14.930000305175781,14.949999809265137,2.4446849822998047,21432
2006-07-21,14.949999809265137,14.949999809265137,14.0,14.369999885559082,2.3498404026031494,53778
2006-07-24,14.449999809265137,14.729999542236328,14.15999984741211,14.520000457763672,2.3743691444396973,54635
2006-07-25,14.520000457763672,14.670000076293945,14.350000381469727,14.489999771118164,2.3694639205932617,69599
2006-07-26,14.100000381469727,14.18589973449707,13.649999618530273,13.899999618530273,2.272984027862549,33801
2006-07-27,14.119999885559082,14.319999694824219,13.850000381469727,13.859999656677246,2.2664430141448975,48069
2006-07-28,14.0,14.0,13.760000228881836,13.989999771118164,2.28770112991333,27893
2006-07-31,14.300000190734863,14.449999809265137,14.119999885559082,14.430000305175781,2.359652042388916,56557
2006-08-01,14.239999771118164,14.239999771118164,13.989999771118164,13.989999771118164,2.28770112991333,8580
2006-08-02,14.270000457763672,14.729999542236328,14.270000457763672,14.619999885559082,2.390721082687378,45892
2006-08-03,14.5600004196167,14.5600004196167,14.329999923706055,14.369999885559082,2.3498404026031494,11722
2006-08-04,14.399999618530273,14.40999984741211,14.239999771118164,14.399999618530273,2.3547465801239014,34191
2006-08-07,14.399999618530273,14.399999618530273,13.829999923706055,14.050000190734863,2.2975118160247803,24782
2006-08-08,14.329999923706055,14.399999618530273,14.130000114440918,14.229999542236328,2.3269476890563965,52922
2006-08-09,14.4399995803833,14.5600004196167,14.270000457763672,14.329999923706055,2.3432998657226562,33830
2006-08-10,14.1899995803833,14.210000038146973,14.029999732971191,14.100000381469727,2.3056883811950684,7799
2006-08-11,14.0600004196167,14.220000267028809,13.930000305175781,14.100000381469727,2.3056883811950684,14700
2006-08-14,14.199999809265137,14.300000190734863,13.979999542236328,14.050000190734863,2.2975118160247803,23060
2006-08-15,14.229999542236328,14.510000228881836,14.229999542236328,14.510000228881836,2.3727340698242188,15325
2006-08-16,14.979999542236328,14.979999542236328,14.550000190734863,14.600000381469727,2.387451410293579,72008
2006-08-17,14.720000267028809,14.720000267028809,14.100000381469727,14.229999542236328,2.3269476890563965,47572
2006-08-18,14.40999984741211,14.40999984741211,14.100000381469727,14.279999732971191,2.33512282371521,61106
2006-08-21,14.270000457763672,14.529999732971191,14.180000305175781,14.479999542236328,2.367828369140625,49191
2006-08-22,14.479999542236328,14.479999542236328,14.180000305175781,14.180000305175781,2.3187708854675293,10413
2006-08-23,14.220000267028809,14.329999923706055,13.899999618530273,14.0600004196167,2.299147844314575,40173
2006-08-24,14.149999618530273,14.270000457763672,14.0600004196167,14.069999694824219,2.300783395767212,15386
2006-08-25,14.279999732971191,14.279999732971191,14.09000015258789,14.149999618530273,2.3138651847839355,2256
2006-08-28,13.949999809265137,14.1899995803833,13.949999809265137,14.050000190734863,2.2975118160247803,21080
2006-08-29,14.050000190734863,14.15999984741211,14.0,14.050000190734863,2.2975118160247803,29910
2006-08-30,14.239999771118164,14.239999771118164,14.010000228881836,14.100000381469727,2.3056883811950684,13409
2006-08-31,14.100000381469727,14.149999618530273,13.779999732971191,13.84000015258789,2.2631728649139404,31983
2006-09-01,13.829999923706055,13.9399995803833,13.829999923706055,13.880000114440918,2.2697131633758545,30856
2006-09-05,13.979999542236328,14.119999885559082,13.949999809265137,14.069999694824219,2.300783395767212,24176
2006-09-06,14.399999618530273,14.739999771118164,14.399999618530273,14.569999694824219,2.3825454711914062,65638
2006-09-07,14.65999984741211,15.109999656677246,14.600000381469727,14.859999656677246,2.4299674034118652,44779
2006-09-08,14.850000381469727,15.0,14.819999694824219,14.930000305175781,2.4414138793945312,15221
2006-09-11,14.8100004196167,14.8100004196167,14.479999542236328,14.479999542236328,2.367828369140625,40521
2006-09-12,14.920000076293945,14.920000076293945,14.539999961853027,14.84000015258789,2.426697015762329,24210
2006-09-13,14.989999771118164,15.039999961853027,14.899999618530273,15.039999961853027,2.4594013690948486,7090
2006-09-14,15.109999656677246,15.300000190734863,15.050000190734863,15.130000114440918,2.474118947982788,72496
2006-09-15,15.149999618530273,15.300000190734863,15.069999694824219,15.199999809265137,2.4855659008026123,30129
2006-09-18,15.039999961853027,15.289999961853027,15.039999961853027,15.289999961853027,2.5002830028533936,27887
2006-09-19,15.069999694824219,15.34000015258789,14.920000076293945,15.0600004196167,2.4626715183258057,11984
2006-09-20,15.210000038146973,15.210000038146973,14.600000381469727,14.90999984741211,2.438143730163574,35150
2006-09-21,14.800000190734863,15.010000228881836,14.600000381469727,14.9399995803833,2.4430501461029053,23579
2006-09-22,14.989999771118164,14.989999771118164,14.649999618530273,14.739999771118164,2.410344362258911,29652
2006-09-25,14.800000190734863,14.819999694824219,14.579999923706055,14.739999771118164,2.410344362258911,18435
2006-09-26,14.640000343322754,14.710000038146973,14.460000038146973,14.5600004196167,2.3809094429016113,21438
2006-09-27,14.40999984741211,14.699999809265137,14.40999984741211,14.600000381469727,2.387451410293579,6555
2006-09-28,14.739999771118164,14.739999771118164,14.369999885559082,14.399999618530273,2.3547465801239014,5761
2006-09-29,14.380000114440918,14.399999618530273,14.34000015258789,14.350000381469727,2.346569538116455,12721
2006-10-02,14.329999923706055,14.350000381469727,14.25,14.350000381469727,2.346569538116455,70952
2006-10-03,14.239999771118164,14.399999618530273,14.239999771118164,14.270000457763672,2.3334879875183105,20087
2006-10-04,14.369999885559082,14.899999618530273,14.369999885559082,14.800000190734863,2.420156240463257,67928
2006-10-05,14.899999618530273,14.9399995803833,14.789999961853027,14.8100004196167,2.4217910766601562,5518
2006-10-06,14.800000190734863,14.899999618530273,14.800000190734863,14.899999618530273,2.4365079402923584,29958
2006-10-09,14.869999885559082,15.100000381469727,14.8100004196167,14.890000343322754,2.43487286567688,45580
2006-10-10,14.890000343322754,15.300000190734863,14.890000343322754,15.140000343322754,2.475754499435425,29212
2006-10-11,15.380000114440918,15.550000190734863,15.3100004196167,15.350000381469727,2.510094165802002,24713
2006-10-12,15.350000381469727,15.550000190734863,15.350000381469727,15.550000190734863,2.5427985191345215,3247
2006-10-13,15.420000076293945,15.520000457763672,15.399999618530273,15.520000457763672,2.537893295288086,37550
2006-10-16,15.300000190734863,15.510000228881836,14.98799991607666,15.100000381469727,2.469212770462036,60199
2006-10-17,14.989999771118164,15.319999694824219,14.989999771118164,15.210000038146973,2.4872007369995117,13937
2006-10-18,15.109999656677246,15.34000015258789,15.109999656677246,15.220000267028809,2.4888362884521484,7535
2006-10-19,15.470000267028809,15.649999618530273,15.399999618530273,15.460000038146973,2.5280821323394775,25405
2006-10-20,15.460000038146973,15.5,15.460000038146973,15.460000038146973,2.5280821323394775,24472
2006-10-23,16.030000686645508,16.31999969482422,15.75,16.030000686645508,2.621291399002075,206432
2006-10-24,16.309999465942383,16.891000747680664,16.219999313354492,16.790000915527344,2.7455689907073975,75599
2006-10-25,16.790000915527344,17.020000457763672,16.790000915527344,16.950000762939453,2.771733283996582,15564
2006-10-26,16.940000534057617,17.639999389648438,16.84000015258789,17.56999969482422,2.8731179237365723,27864
2006-10-27,17.639999389648438,17.639999389648438,16.979999542236328,16.979999542236328,2.7766380310058594,16002
2006-10-30,16.969999313354492,16.979999542236328,16.280000686645508,16.719999313354492,2.7341222763061523,46235
2006-10-31,17.010000228881836,17.40999984741211,17.0,17.312999725341797,2.83109188079834,17897
2006-11-01,17.30299949645996,17.309999465942383,16.850000381469727,17.0,2.779909133911133,24910
2006-11-02,16.65999984741211,16.65999984741211,16.28230094909668,16.440000534057617,2.6883351802825928,19969
2006-11-03,16.389999389648438,16.610000610351562,16.360000610351562,16.610000610351562,2.716134786605835,5418
2006-11-06,16.950000762939453,16.989999771118164,16.719999313354492,16.93000030517578,2.7684619426727295,15553
2006-11-07,16.989999771118164,17.030000686645508,16.889999389648438,17.030000686645508,2.7848153114318848,7012
2006-11-08,17.170000076293945,17.170000076293945,16.65999984741211,16.75,2.739027738571167,18423
2006-11-09,16.836000442504883,16.950000762939453,16.836000442504883,16.950000762939453,2.771733283996582,3071
2006-11-10,17.030000686645508,17.170000076293945,16.93600082397461,17.170000076293945,2.8077077865600586,3769
2006-11-13,17.5,18.229999542236328,17.5,17.899999618530273,2.9270808696746826,78812
2006-11-14,18.040000915527344,18.040000915527344,17.040000915527344,17.68000030517578,2.8911056518554688,15562
2006-11-15,17.399999618530273,17.559999465942383,17.399999618530273,17.559999465942383,2.8714828491210938,117910
2006-11-16,17.450000762939453,17.6200008392334,17.110000610351562,17.149999618530273,2.8044369220733643,12277
2006-11-17,17.139999389648438,17.469999313354492,17.139999389648438,17.299999237060547,2.8289666175842285,13503
2006-11-20,17.0,17.0,16.549999237060547,16.6299991607666,2.719404458999634,6472
2006-11-21,16.799999237060547,17.05699920654297,16.799999237060547,17.05699920654297,2.789229393005371,10043
2006-11-22,16.860000610351562,16.8700008392334,16.5,16.56999969482422,2.7095935344696045,25252
2006-11-24,16.229999542236328,16.260000228881836,16.0,16.100000381469727,2.632736921310425,7572
2006-11-27,16.200000762939453,16.209999084472656,16.149999618530273,16.149999618530273,2.640913248062134,9635
2006-11-28,16.15999984741211,16.389999389648438,16.06999969482422,16.280000686645508,2.662172317504883,11416
2006-11-29,16.15999984741211,16.239999771118164,16.0,16.15999984741211,2.6425487995147705,12003
2006-11-30,16.200000762939453,16.34000015258789,15.989999771118164,15.989999771118164,2.6147496700286865,3900
2006-12-01,15.960000038146973,15.960000038146973,15.609999656677246,15.800000190734863,2.5836799144744873,37717
2006-12-04,15.979999542236328,16.010000228881836,15.449999809265137,15.5,2.5346224308013916,68876
2006-12-05,15.449999809265137,15.550000190734863,15.279999732971191,15.5,2.5346224308013916,51702
2006-12-06,15.619999885559082,15.760000228881836,15.5,15.59000015258789,2.5493390560150146,12209
2006-12-07,15.789999961853027,16.0,15.779999732971191,15.899999618530273,2.600032091140747,19158
2006-12-08,16.020000457763672,16.020000457763672,15.949999809265137,16.020000457763672,2.619654893875122,11737
2006-12-11,16.550100326538086,16.729999542236328,16.440000534057617,16.5,2.6981468200683594,68386
2006-12-12,16.5,16.5,16.059999465942383,16.100000381469727,2.632736921310425,20303
2006-12-13,16.010000228881836,16.010000228881836,15.619999885559082,15.75,2.5755038261413574,21373
2006-12-14,16.200000762939453,16.200000762939453,15.619999885559082,15.699999809265137,2.5673279762268066,20653
2006-12-15,15.979999542236328,15.979999542236328,15.539999961853027,15.630000114440918,2.5558810234069824,29593
2006-12-18,15.470000267028809,15.670000076293945,15.25,15.25,2.493741273880005,58074
2006-12-19,15.4399995803833,15.4399995803833,14.9399995803833,15.0,2.4528608322143555,71583
2006-12-20,15.140000343322754,15.149999618530273,14.739999771118164,14.800000190734863,2.420156240463257,33611
2006-12-21,14.890000343322754,14.890000343322754,14.65999984741211,14.65999984741211,2.3972620964050293,12207
2006-12-22,14.670000076293945,14.739999771118164,14.5600004196167,14.609999656677246,2.3890867233276367,47038
2006-12-26,14.9399995803833,14.979999542236328,14.600000381469727,14.649999618530273,2.39562726020813,119580
2006-12-27,14.819999694824219,14.819999694824219,14.600000381469727,14.619999885559082,2.390721082687378,96672
2006-12-28,14.630000114440918,14.960000038146973,14.630000114440918,14.899999618530273,2.4365079402923584,54932
2006-12-29,15.050000190734863,15.130000114440918,15.050000190734863,15.130000114440918,2.474118947982788,53198
2007-01-03,15.34000015258789,15.710000038146973,15.15999984741211,15.569999694824219,2.546069622039795,133759
2007-01-04,15.779999732971191,15.789999961853027,15.449999809265137,15.510000228881836,2.53625750541687,34394
2007-01-05,15.510000228881836,15.510000228881836,15.140000343322754,15.279999732971191,2.498647928237915,31841
2007-01-08,15.149999618530273,15.15999984741211,14.65999984741211,14.920000076293945,2.439779281616211,103400
2007-01-09,14.899999618530273,14.90999984741211,14.640000343322754,14.800000190734863,2.420156240463257,65441
2007-01-10,14.8100004196167,14.8100004196167,14.550000190734863,14.619999885559082,2.390721082687378,52020
2007-01-11,14.739999771118164,15.0,14.619999885559082,14.920000076293945,2.439779281616211,99533
2007-01-12,15.050000190734863,15.050000190734863,14.789999961853027,14.899999618530273,2.4365079402923584,237047
2007-01-16,15.130000114440918,15.130000114440918,14.970000267028809,15.0,2.4528608322143555,84491
2007-01-17,15.039999961853027,15.039999961853027,14.619999885559082,14.649999618530273,2.39562726020813,52148
2007-01-18,14.699999809265137,14.770000457763672,14.300000190734863,14.520000457763672,2.3743691444396973,85382
2007-01-19,14.40999984741211,14.600000381469727,14.399999618530273,14.600000381469727,2.387451410293579,100348
2007-01-22,14.8100004196167,14.880000114440918,14.760000228881836,14.880000114440918,2.433237314224243,126297
2007-01-23,14.84000015258789,15.239999771118164,14.84000015258789,15.239999771118164,2.4921066761016846,105953
2007-01-24,14.970000267028809,15.039999961853027,14.75,14.90999984741211,2.438143730163574,193556
2007-01-25,14.989999771118164,15.329999923706055,14.949999809265137,15.0,2.4528608322143555,17244
2007-01-26,15.029999732971191,15.029999732971191,14.770000457763672,15.010000228881836,2.454495668411255,13100
2007-01-29,15.1899995803833,15.210000038146973,15.149999618530273,15.210000038146973,2.4872007369995117,48979
2007-01-30,15.100000381469727,15.100000381469727,14.9399995803833,14.989999771118164,2.451226234436035,8614
2007-01-31,14.880000114440918,14.880000114440918,14.680000305175781,14.699999809265137,2.4038033485412598,59763
2007-02-01,14.760000228881836,14.850000381469727,14.609999656677246,14.609999656677246,2.3890867233276367,71083
2007-02-02,14.729999542236328,14.970000267028809,14.640000343322754,14.930000305175781,2.4414138793945312,51116
2007-02-05,14.899999618530273,15.020000457763672,14.699999809265137,15.020000457763672,2.4561314582824707,57733
2007-02-06,15.180000305175781,15.180000305175781,14.770000457763672,14.869999885559082,2.4316024780273438,20825
2007-02-07,14.989999771118164,15.079999923706055,14.760000228881836,14.920000076293945,2.439779281616211,76257
2007-02-08,15.0,15.0,14.640000343322754,14.720000267028809,2.407073736190796,15041
2007-02-09,14.600000381469727,14.890000343322754,14.600000381469727,14.770000457763672,2.415250539779663,13773
2007-02-12,14.640000343322754,14.869999885559082,14.640000343322754,14.710000038146973,2.4054388999938965,14539
2007-02-13,14.920000076293945,15.140000343322754,14.880000114440918,15.130000114440918,2.474118947982788,70182
2007-02-14,15.25,15.550000190734863,15.210000038146973,15.4399995803833,2.524810552597046,150383
2007-02-15,15.5600004196167,15.710000038146973,15.350000381469727,15.479999542236328,2.5313522815704346,60297
2007-02-16,15.579999923706055,15.770000457763672,15.34000015258789,15.720000267028809,2.5705983638763428,81810
2007-02-20,15.800000190734863,15.800000190734863,15.149999618530273,15.479999542236328,2.5313522815704346,83445
2007-02-21,15.300000190734863,15.300000190734863,14.710000038146973,14.899999618530273,2.4365079402923584,80336
2007-02-22,15.0,15.170000076293945,14.9399995803833,15.170000076293945,2.4806597232818604,45964
2007-02-23,15.0600004196167,15.130000114440918,14.960000038146973,14.989999771118164,2.451226234436035,31370
2007-02-26,15.229999542236328,15.229999542236328,14.930000305175781,14.9399995803833,2.4430501461029053,60048
2007-02-27,14.850000381469727,14.90999984741211,14.5,14.579999923706055,2.384181022644043,35760
2007-02-28,14.90999984741211,15.229999542236328,14.90999984741211,15.229999542236328,2.490471363067627,31535
2007-03-01,14.789999961853027,15.199999809265137,14.619999885559082,14.989999771118164,2.451226234436035,50246
2007-03-02,14.789999961853027,14.899999618530273,14.760000228881836,14.850000381469727,2.4283316135406494,22128
2007-03-05,14.489999771118164,14.739999771118164,14.229999542236328,14.250100135803223,2.330233573913574,57434
2007-03-06,14.579999923706055,14.65999984741211,14.479999542236328,14.630000114440918,2.3923563957214355,50241
2007-03-07,14.619999885559082,14.65999984741211,14.420000076293945,14.5,2.371098756790161,15901
2007-03-08,14.729999542236328,14.930000305175781,14.699999809265137,14.699999809265137,2.4038033485412598,24350
2007-03-09,14.850000381469727,14.899999618530273,14.550000190734863,14.670000076293945,2.398897886276245,16002
2007-03-12,14.760000228881836,14.850000381469727,14.680000305175781,14.75,2.411979913711548,17704
2007-03-13,14.720000267028809,14.800000190734863,14.449999809265137,14.470000267028809,2.3661928176879883,19926
2007-03-14,14.119999885559082,15.010000228881836,14.119999885559082,15.010000228881836,2.454495668411255,151308
2007-03-15,14.75,14.75,14.350000381469727,14.479999542236328,2.367828369140625,36787
2007-03-16,14.300000190734863,14.520000457763672,14.300000190734863,14.399999618530273,2.3547465801239014,9621
2007-03-19,14.399999618530273,14.569999694824219,14.25,14.25,2.363870143890381,12154
2007-03-20,14.4399995803833,14.609999656677246,14.130000114440918,14.279999732971191,2.3688457012176514,36012
2007-03-21,14.319999694824219,14.4399995803833,14.210000038146973,14.399999618530273,2.3887524604797363,16489
2007-03-22,14.579999923706055,14.760000228881836,14.300000190734863,14.3100004196167,2.524596929550171,12816
2007-03-23,14.399999618530273,14.489999771118164,14.25,14.329999923706055,2.5281260013580322,47424
2007-03-26,13.59000015258789,13.829999923706055,13.229999542236328,13.75,2.4258017539978027,185452
2007-03-27,13.710000038146973,13.899999618530273,13.649999618530273,13.729999542236328,2.4222731590270996,62895
2007-03-28,13.720000267028809,13.720000267028809,13.369999885559082,13.529999732971191,2.386988401412964,36375
2007-03-29,13.279999732971191,13.380999565124512,13.279999732971191,13.380999565124512,2.3607025146484375,31598
2007-03-30,13.329999923706055,13.329999923706055,13.1899995803833,13.319999694824219,2.349940061569214,20223
2007-04-02,13.649999618530273,13.739999771118164,13.1899995803833,13.3100004196167,2.348175287246704,26870
2007-04-03,13.510000228881836,13.510000228881836,13.260000228881836,13.40999984741211,2.3658182621002197,19000
2007-04-04,14.59000015258789,14.59000015258789,13.5,13.75,2.4258017539978027,39632
2007-04-05,13.65999984741211,13.90999984741211,13.390000343322754,13.8100004196167,2.436387300491333,103809
2007-04-09,13.800000190734863,13.800000190734863,13.59000015258789,13.65999984741211,2.4099233150482178,53737
2007-04-10,13.470000267028809,13.720000267028809,13.470000267028809,13.720000267028809,2.4205095767974854,23175
2007-04-11,13.649999618530273,13.84000015258789,13.569999694824219,13.699999809265137,2.416980266571045,15339
2007-04-12,13.850000381469727,13.920000076293945,13.779999732971191,13.829999923706055,2.439915418624878,25597
2007-04-13,13.739999771118164,13.920000076293945,13.739999771118164,13.920000076293945,2.455793619155884,7548
2007-04-16,13.800000190734863,14.020000457763672,13.800000190734863,13.869999885559082,2.446972131729126,40415
2007-04-17,14.029999732971191,14.270000457763672,14.0,14.100000381469727,2.487549304962158,43026
2007-04-18,14.154000282287598,14.350000381469727,14.154000282287598,14.350000381469727,2.5316543579101562,60453
2007-04-19,14.140000343322754,14.199999809265137,13.989999771118164,14.079999923706055,2.4840197563171387,34562
2007-04-20,14.09000015258789,14.140000343322754,14.020000457763672,14.050000190734863,2.4787280559539795,15047
2007-04-23,14.380000114440918,14.380000114440918,14.0,14.0,2.4699065685272217,28055
2007-04-24,14.0,14.140000343322754,13.979999542236328,14.050000190734863,2.4787280559539795,26333
2007-04-25,14.25,14.25,13.88010025024414,13.960000038146973,2.4628498554229736,76165
2007-04-26,13.996999740600586,14.0,13.880000114440918,13.880000114440918,2.4487366676330566,43588
2007-04-27,13.869999885559082,13.9399995803833,13.869999885559082,13.899999618530273,2.4522650241851807,3161
2007-04-30,13.779999732971191,13.845199584960938,13.520000457763672,13.649999618530273,2.408158540725708,271509
2007-05-01,14.09000015258789,14.09000015258789,13.649999618530273,13.739999771118164,2.424036979675293,102730
2007-05-02,13.819999694824219,13.890000343322754,13.819999694824219,13.890000343322754,2.45050048828125,88065
2007-05-03,14.0,14.300000190734863,14.0,14.300000190734863,2.5228335857391357,40637
2007-05-04,14.359999656677246,14.449999809265137,14.199999809265137,14.229999542236328,2.510484218597412,45022
2007-05-07,14.40999984741211,14.550000190734863,14.300000190734863,14.390000343322754,2.5387115478515625,42991
2007-05-08,14.25,14.520000457763672,14.15999984741211,14.4399995803833,2.547532320022583,46736
2007-05-09,14.399999618530273,14.619999885559082,14.399999618530273,14.619999885559082,2.5792880058288574,19190
2007-05-10,14.5600004196167,14.569999694824219,14.34000015258789,14.569999694824219,2.570467472076416,37188
2007-05-11,14.5,14.649999618530273,14.140000343322754,14.569999694824219,2.570467472076416,12364
2007-05-14,14.729999542236328,14.930000305175781,14.729999542236328,14.930000305175781,2.6339786052703857,58023
2007-05-15,14.630000114440918,15.180000305175781,14.630000114440918,15.180000305175781,2.6780848503112793,29963
2007-05-16,15.170000076293945,15.369999885559082,15.0,15.140000343322754,2.671027660369873,45487
2007-05-17,15.0,15.010000228881836,14.640000343322754,14.829999923706055,2.616337299346924,22043
2007-05-18,14.9399995803833,14.9399995803833,14.6899995803833,14.75,2.6022236347198486,20196
2007-05-21,14.550000190734863,14.550000190734863,14.329999923706055,14.329999923706055,2.5281260013580322,17807
2007-05-22,14.300000190734863,14.760000228881836,14.300000190734863,14.6899995803833,2.5916385650634766,16692
2007-05-23,14.729999542236328,14.729999542236328,14.539999961853027,14.729999542236328,2.5986955165863037,22357
2007-05-24,14.1899995803833,14.300000190734863,14.100000381469727,14.100000381469727,2.487549304962158,34402
2007-05-25,14.434000015258789,14.470000267028809,13.829999923706055,13.989999771118164,2.4681432247161865,81456
2007-05-29,14.479999542236328,14.5,13.819999694824219,14.079999923706055,2.4840197563171387,80542
2007-05-30,14.039999961853027,14.0600004196167,13.619999885559082,13.75,2.4258017539978027,34393
2007-05-31,13.770000457763672,14.09000015258789,13.770000457763672,13.899999618530273,2.4522650241851807,15238
2007-06-01,13.899999618530273,14.050000190734863,13.899999618530273,14.050000190734863,2.4787280559539795,23889
2007-06-04,13.699999809265137,13.880000114440918,13.600000381469727,13.739999771118164,2.424036979675293,41424
2007-06-05,13.869999885559082,13.930000305175781,13.800000190734863,13.930000305175781,2.4575562477111816,43019
2007-06-06,13.779999732971191,13.90999984741211,13.710000038146973,13.90999984741211,2.454028606414795,12922
2007-06-07,13.84000015258789,13.84000015258789,13.5,13.5,2.381696939468384,27515
2007-06-08,13.649999618530273,13.649999618530273,13.300000190734863,13.4399995803833,2.371110677719116,56135
2007-06-11,13.390000343322754,13.40999984741211,13.199999809265137,13.199999809265137,2.3287692070007324,54922
2007-06-12,13.130000114440918,13.1899995803833,13.0,13.140000343322754,2.3181841373443604,33690
2007-06-13,13.010000228881836,13.09000015258789,12.90999984741211,13.09000015258789,2.3093628883361816,54563
2007-06-14,13.050000190734863,13.130000114440918,12.90999984741211,12.949999809265137,2.284663677215576,31834
2007-06-15,12.930000305175781,13.3100004196167,12.930000305175781,12.970000267028809,2.2881920337677,28154
2007-06-18,12.949999809265137,12.970000267028809,12.770000457763672,12.770000457763672,2.252908229827881,45252
2007-06-19,12.670000076293945,12.949999809265137,12.649999618530273,12.869999885559082,2.270550012588501,27849
2007-06-20,12.800000190734863,12.819999694824219,12.609999656677246,12.609999656677246,2.224679708480835,10673
2007-06-21,12.539999961853027,12.680000305175781,12.539999961853027,12.680000305175781,2.237029552459717,24152
2007-06-22,12.729999542236328,12.729999542236328,12.619999885559082,12.65999984741211,2.2335011959075928,17911
2007-06-25,12.619999885559082,12.770000457763672,12.619999885559082,12.770000457763672,2.252908229827881,56930
2007-06-26,12.630000114440918,12.720000267028809,12.630000114440918,12.720000267028809,2.244086742401123,33691
2007-06-27,12.579999923706055,12.579999923706055,12.420000076293945,12.489999771118164,2.2035093307495117,39982
2007-06-28,12.350000381469727,12.5,12.300000190734863,12.479999542236328,2.2017455101013184,41841
2007-06-29,12.470000267028809,12.670000076293945,12.470000267028809,12.510000228881836,2.207038402557373,66305
2007-07-02,12.4399995803833,12.449999809265137,12.15999984741211,12.239999771118164,2.1594042778015137,40584
2007-07-03,12.170000076293945,12.390000343322754,12.170000076293945,12.390000343322754,2.1858675479888916,19842
2007-07-05,12.149999618530273,12.199899673461914,12.010000228881836,12.199899673461914,2.152329683303833,102471
2007-07-06,12.149999618530273,12.279999732971191,12.069999694824219,12.069999694824219,2.129412889480591,53253
2007-07-09,12.0,12.109999656677246,11.890000343322754,12.050000190734863,2.1258842945098877,129930
2007-07-10,11.960000038146973,12.8100004196167,11.960000038146973,12.8100004196167,2.259965181350708,289009
2007-07-11,12.850000381469727,13.460000038146973,12.850000381469727,13.229999542236328,2.334061622619629,122418
2007-07-12,13.270000457763672,13.359999656677246,13.0600004196167,13.170000076293945,2.323477029800415,33335
2007-07-13,13.25,13.369999885559082,13.130000114440918,13.329999923706055,2.3517043590545654,17412
2007-07-16,13.329999923706055,13.350000381469727,13.0600004196167,13.34000015258789,2.3534679412841797,47503
2007-07-17,13.300000190734863,13.710000038146973,13.300000190734863,13.449999809265137,2.3728749752044678,87939
2007-07-18,13.1899995803833,13.3100004196167,13.130000114440918,13.220000267028809,2.3322975635528564,36464
2007-07-19,13.25,13.619999885559082,13.25,13.619999885559082,2.4028663635253906,33537
2007-07-20,13.449999809265137,13.649999618530273,13.449999809265137,13.539999961853027,2.3887529373168945,44720
2007-07-23,13.449999809265137,13.520000457763672,13.270000457763672,13.510000228881836,2.383460283279419,64112
2007-07-24,13.5,13.619999885559082,13.479999542236328,13.539999961853027,2.3887529373168945,83210
2007-07-25,13.529999732971191,13.800000190734863,13.529999732971191,13.600000381469727,2.3993380069732666,70812
2007-07-26,13.329999923706055,13.470000267028809,13.119999885559082,13.430000305175781,2.3693463802337646,86909
2007-07-27,13.479999542236328,13.489999771118164,13.199999809265137,13.279999732971191,2.3428828716278076,50395
2007-07-30,12.989999771118164,13.289999961853027,12.829999923706055,13.270000457763672,2.341118812561035,299761
2007-07-31,13.170000076293945,13.350000381469727,13.100000381469727,13.100000381469727,2.3111274242401123,107013
2007-08-01,13.25,13.25,12.95740032196045,13.1850004196167,2.326122999191284,75790
2007-08-02,13.069999694824219,13.449999809265137,13.029999732971191,13.329999923706055,2.3517043590545654,34391
2007-08-03,13.3100004196167,13.34000015258789,13.010000228881836,13.039999961853027,2.300541877746582,86805
2007-08-06,12.90999984741211,13.300000190734863,12.832300186157227,13.25,2.3375906944274902,226046
2007-08-07,13.149999618530273,13.550000190734863,13.140000343322754,13.319999694824219,2.349940061569214,34196
2007-08-08,13.390000343322754,13.619999885559082,13.369999885559082,13.619999885559082,2.4028663635253906,40021
2007-08-09,13.109999656677246,13.270000457763672,12.9399995803833,13.09000015258789,2.3093628883361816,97250
2007-08-10,13.039999961853027,13.25,13.039999961853027,13.25,2.3375906944274902,145743
2007-08-13,13.260000228881836,13.470000267028809,13.239999771118164,13.359999656677246,2.356996536254883,48434
2007-08-14,13.3100004196167,13.640000343322754,13.260000228881836,13.300000190734863,2.346411943435669,32627
2007-08-15,13.15999984741211,13.470000267028809,13.039999961853027,13.100000381469727,2.3111274242401123,100499
2007-08-16,12.779999732971191,12.8100004196167,12.420000076293945,12.489999771118164,2.2035093307495117,155243
2007-08-17,12.649999618530273,12.793399810791016,11.960000038146973,12.0,2.117063522338867,162540
2007-08-20,11.100000381469727,11.819999694824219,10.920000076293945,11.460000038146973,2.0217950344085693,295746
2007-08-21,11.430000305175781,12.020000457763672,11.350000381469727,11.789999961853027,2.080014705657959,200081
2007-08-22,11.789999961853027,11.920000076293945,11.710000038146973,11.819999694824219,2.0853073596954346,35698
2007-08-23,11.739999771118164,11.770000457763672,11.390000343322754,11.390000343322754,2.0094456672668457,120614
2007-08-24,11.470000267028809,11.600000381469727,11.359999656677246,11.600000381469727,2.046494483947754,28217
2007-08-27,11.4399995803833,11.4399995803833,11.180000305175781,11.319999694824219,1.997096300125122,188690
2007-08-28,11.489999771118164,11.640000343322754,11.430000305175781,11.430000305175781,2.016502857208252,76875
2007-08-29,11.449999809265137,11.59000015258789,11.40999984741211,11.59000015258789,2.0447301864624023,21686
2007-08-30,11.430000305175781,11.699999809265137,11.399999618530273,11.630000114440918,2.0517873764038086,44135
2007-08-31,11.649999618530273,11.8100004196167,11.600000381469727,11.654999732971191,2.0561976432800293,48859
2007-09-04,11.699999809265137,11.739999771118164,11.569999694824219,11.699999809265137,2.064136505126953,41910
2007-09-05,11.680000305175781,11.729999542236328,11.569999694824219,11.619999885559082,2.0500223636627197,47175
2007-09-06,11.59000015258789,11.949999809265137,11.550000190734863,11.619999885559082,2.0500223636627197,26171
2007-09-07,11.609999656677246,11.640000343322754,11.470000267028809,11.5,2.0288519859313965,34241
2007-09-10,11.479999542236328,11.649999618530273,11.449999809265137,11.539999961853027,2.0359089374542236,76198
2007-09-11,11.5,11.739999771118164,11.5,11.680000305175781,2.060608148574829,19786
2007-09-12,11.75,11.789999961853027,11.569999694824219,11.699999809265137,2.064136505126953,20283
2007-09-13,11.779999732971191,11.800000190734863,11.600000381469727,11.6899995803833,2.0623722076416016,12488
2007-09-14,11.850000381469727,11.850000381469727,11.65999984741211,11.850000381469727,2.090599775314331,14804
2007-09-17,11.5600004196167,11.789999961853027,11.5600004196167,11.720000267028809,2.067664623260498,11401
2007-09-18,11.800000190734863,12.390000343322754,11.720000267028809,12.199999809265137,2.152348279953003,32067
2007-09-19,12.199999809265137,12.329999923706055,12.0600004196167,12.149999618530273,2.143526554107666,15442
2007-09-20,12.0,12.130000114440918,12.0,12.130000114440918,2.1399972438812256,11530
2007-09-21,11.949999809265137,12.220000267028809,11.90999984741211,12.180000305175781,2.1488192081451416,11791
2007-09-24,12.069999694824219,12.109999656677246,11.720000267028809,11.75,2.07295823097229,24835
2007-09-25,11.699999809265137,11.90999984741211,11.699999809265137,11.819999694824219,2.0853073596954346,16217
2007-09-26,11.800000190734863,11.9399995803833,11.729999542236328,11.829999923706055,2.087071418762207,17024
2007-09-27,11.8100004196167,11.84000015258789,11.699999809265137,11.739999771118164,2.071193218231201,8759
2007-09-28,11.734000205993652,12.079999923706055,11.734000205993652,12.079999923706055,2.1311769485473633,16210
2007-10-01,12.119999885559082,12.293999671936035,12.119999885559082,12.293999671936035,2.168931007385254,18483
2007-10-02,11.930000305175781,12.40999984741211,11.930000305175781,12.199999809265137,2.152348279953003,38658
2007-10-03,12.1899995803833,12.390000343322754,12.039999961853027,12.170000076293945,2.147055149078369,72532
2007-10-04,12.119999885559082,12.229900360107422,11.890000343322754,11.930000305175781,2.104713201522827,9710
2007-10-05,12.0,12.210000038146973,11.880000114440918,12.0600004196167,2.1276490688323975,21105
2007-10-08,12.020000457763672,12.15999984741211,11.800000190734863,11.869999885559082,2.0941286087036133,12554
2007-10-09,11.789999961853027,11.829999923706055,11.6899995803833,11.75,2.07295823097229,25236
2007-10-10,11.84000015258789,12.0,11.649999618530273,11.699999809265137,2.064136505126953,119838
2007-10-11,11.670000076293945,11.699999809265137,11.569999694824219,11.6899995803833,2.0623722076416016,36656
2007-10-12,11.699999809265137,11.699999809265137,11.59000015258789,11.59000015258789,2.0447301864624023,6340
2007-10-15,11.5600004196167,11.59000015258789,11.100000381469727,11.319999694824219,1.997096300125122,125258
2007-10-16,11.319999694824219,11.399999618530273,11.220000267028809,11.350000381469727,2.0023884773254395,10592
2007-10-17,11.829999923706055,11.930000305175781,11.550000190734863,11.859999656677246,2.0923638343811035,95224
2007-10-18,11.800000190734863,11.899999618530273,11.770000457763672,11.800000190734863,2.0817792415618896,19485
2007-10-19,11.684000015258789,11.880000114440918,11.684000015258789,11.880000114440918,2.095892906188965,16664
2007-10-22,11.819999694824219,11.819999694824219,11.359999656677246,11.539999961853027,2.0359089374542236,23640
2007-10-23,11.53499984741211,11.729999542236328,11.53499984741211,11.710000038146973,2.065901041030884,13104
2007-10-24,11.48900032043457,11.520000457763672,11.430000305175781,11.520000457763672,2.0323803424835205,37988
2007-10-25,11.40999984741211,11.6899995803833,11.34000015258789,11.5,2.0288519859313965,19318
2007-10-26,11.850000381469727,11.850000381469727,11.229999542236328,11.520000457763672,2.0323803424835205,18970
2007-10-29,11.239999771118164,11.470000267028809,11.149999618530273,11.470000267028809,2.023559808731079,12283
2007-10-30,11.390000343322754,11.470000267028809,11.359999656677246,11.399999618530273,2.0112102031707764,13264
2007-10-31,11.4399995803833,11.579999923706055,11.40999984741211,11.579999923706055,2.0429656505584717,9799
2007-11-01,11.470000267028809,11.619999885559082,11.470000267028809,11.510000228881836,2.030616283416748,21415
2007-11-02,11.510000228881836,11.539999961853027,11.220000267028809,11.350000381469727,2.0023884773254395,20969
2007-11-05,11.329999923706055,11.729999542236328,11.329999923706055,11.5,2.0288519859313965,17543
2007-11-06,11.5600004196167,11.729999542236328,11.210000038146973,11.350000381469727,2.0023884773254395,96278
2007-11-07,11.34000015258789,11.399999618530273,11.020000457763672,11.069999694824219,1.9529905319213867,32938
2007-11-08,10.819999694824219,10.84000015258789,10.510000228881836,10.760000228881836,1.8983004093170166,142097
2007-11-09,10.75,10.829999923706055,10.600000381469727,10.75,1.896535038948059,130074
2007-11-12,10.699999809265137,10.699999809265137,10.0600004196167,10.119999885559082,1.785390019416809,131554
2007-11-13,10.25,10.680000305175781,10.25,10.680000305175781,1.8841865062713623,29104
2007-11-14,10.920000076293945,10.920000076293945,10.420000076293945,10.539999961853027,1.8594870567321777,27264
2007-11-15,10.539999961853027,10.779999732971191,10.539999961853027,10.779999732971191,1.9018281698226929,16591
2007-11-16,10.739999771118164,10.850000381469727,10.739999771118164,10.850000381469727,1.9141780138015747,15253
2007-11-19,11.020000457763672,11.479999542236328,10.859999656677246,10.979999542236328,1.9371123313903809,283024
2007-11-20,10.970000267028809,10.970000267028809,10.369999885559082,10.5,1.8524304628372192,87345
2007-11-21,10.210000038146973,10.279999732971191,10.100000381469727,10.149999618530273,1.790682077407837,91827
2007-11-23,10.199999809265137,10.3100004196167,9.670000076293945,9.960000038146973,1.7571622133255005,49253
2007-11-26,9.970000267028809,9.970000267028809,9.619999885559082,9.75,1.72011399269104,245273
2007-11-27,9.850000381469727,10.119999885559082,9.75,9.930000305175781,1.751870036125183,97556
2007-11-28,9.9399995803833,10.069999694824219,9.9399995803833,10.020000457763672,1.767748236656189,104859
2007-11-29,10.039999961853027,10.130000114440918,9.899999618530273,9.960000038146973,1.7571622133255005,47811
2007-11-30,10.0600004196167,10.420000076293945,10.010000228881836,10.300000190734863,1.8171459436416626,95350
2007-12-03,10.289999961853027,10.40999984741211,10.140000343322754,10.260000228881836,1.810089349746704,25551
2007-12-04,10.220000267028809,10.279999732971191,10.0,10.0,1.7642192840576172,46195
2007-12-05,10.170000076293945,10.229999542236328,10.0,10.229999542236328,1.804795742034912,27695
2007-12-06,10.3100004196167,10.420000076293945,10.09000015258789,10.229999542236328,1.804795742034912,19594
2007-12-07,10.25,10.539999961853027,10.239999771118164,10.449999809265137,1.8436092138290405,52884
2007-12-10,10.430000305175781,10.609999656677246,10.380000114440918,10.510000228881836,1.8541945219039917,22261
2007-12-11,10.520000457763672,10.670000076293945,10.220000267028809,10.5,1.8524304628372192,35373
2007-12-12,10.5600004196167,10.6899995803833,10.399999618530273,10.479999542236328,1.8489017486572266,15473
2007-12-13,10.470000267028809,10.59000015258789,10.1899995803833,10.489999771118164,1.8506666421890259,61046
2007-12-14,10.4399995803833,10.539999961853027,10.40999984741211,10.539999961853027,1.8594870567321777,31472
2007-12-17,10.069999694824219,10.289999961853027,10.0,10.0,1.7642192840576172,99256
2007-12-18,10.140000343322754,10.380000114440918,10.130000114440918,10.25,1.8083248138427734,20642
2007-12-19,10.220000267028809,10.239999771118164,10.0,10.199999809265137,1.7995030879974365,59357
2007-12-20,10.210000038146973,10.210000038146973,10.0,10.09000015258789,1.7800976037979126,23386
2007-12-21,10.149999618530273,10.220000267028809,10.010000228881836,10.119999885559082,1.785390019416809,20272
2007-12-24,10.050000190734863,10.199999809265137,9.949999809265137,10.109999656677246,1.7836251258850098,17342
2007-12-26,10.0600004196167,10.5,10.0600004196167,10.5,1.8524304628372192,65345
2007-12-27,10.569999694824219,11.100000381469727,10.460000038146973,10.6899995803833,1.8859503269195557,68012
2007-12-28,10.84000015258789,11.109999656677246,10.550000190734863,11.0,1.940641164779663,52179
2007-12-31,11.100000381469727,11.199999809265137,10.920000076293945,11.069999694824219,1.9529905319213867,95826
2008-01-02,11.100000381469727,11.239999771118164,10.850000381469727,10.930000305175781,1.9282913208007812,31609
2008-01-03,10.899999618530273,11.130000114440918,10.8100004196167,11.069999694824219,1.9529905319213867,20130
2008-01-04,10.930000305175781,11.020000457763672,10.789999961853027,10.789999961853027,1.9035931825637817,20418
2008-01-07,10.829999923706055,11.359999656677246,10.829999923706055,11.029999732971191,1.94593346118927,119878
2008-01-08,11.0,11.1899995803833,10.920000076293945,11.050000190734863,1.949461817741394,128269
2008-01-09,11.039999961853027,11.1899995803833,10.880000114440918,11.020000457763672,1.9441696405410767,42536
2008-01-10,10.8100004196167,10.850000381469727,10.529999732971191,10.579999923706055,1.8665432929992676,24359
2008-01-11,10.5600004196167,10.9399995803833,10.5600004196167,10.779999732971191,1.9018281698226929,40230
2008-01-14,10.890000343322754,10.890000343322754,10.75,10.8100004196167,1.9071205854415894,9703
2008-01-15,10.770000457763672,10.8100004196167,10.59000015258789,10.600000381469727,1.8700722455978394,22162
2008-01-16,10.569999694824219,10.710000038146973,10.569999694824219,10.710000038146973,1.8894786834716797,14131
2008-01-17,10.489999771118164,10.5,10.359999656677246,10.489999771118164,1.8506666421890259,43489
2008-01-18,10.5,10.541999816894531,10.420000076293945,10.449999809265137,1.8436092138290405,45701
2008-01-22,10.010000228881836,10.199999809265137,9.920000076293945,10.149999618530273,1.790682077407837,43793
2008-01-23,9.979999542236328,10.140000343322754,9.899999618530273,10.050000190734863,1.773040533065796,31163
2008-01-24,10.600000381469727,11.130000114440918,10.600000381469727,10.710000038146973,1.8894786834716797,80687
2008-01-25,10.789999961853027,10.960000038146973,10.720000267028809,10.920000076293945,1.9265273809432983,44586
2008-01-28,11.0,11.270000457763672,10.800000190734863,11.109999656677246,1.9600478410720825,126924
2008-01-29,11.109999656677246,11.199999809265137,10.800000190734863,10.949999809265137,1.9318199157714844,25545
2008-01-30,11.109999656677246,11.390000343322754,10.960000038146973,11.279999732971191,1.9900392293930054,95975
2008-01-31,11.199999809265137,11.899999618530273,11.199999809265137,11.899999618530273,2.0994205474853516,89958
2008-02-01,11.890000343322754,11.960000038146973,11.5600004196167,11.8100004196167,2.0835437774658203,11592
2008-02-04,11.970000267028809,11.989999771118164,11.680000305175781,11.729999542236328,2.0694291591644287,17896
2008-02-05,11.649999618530273,11.680000305175781,11.420000076293945,11.460000038146973,2.0217950344085693,2544
2008-02-06,11.460000038146973,11.460000038146973,11.25,11.260000228881836,1.9865103960037231,12880
2008-02-07,11.210000038146973,11.210000038146973,11.020000457763672,11.020000457763672,1.9441696405410767,3101
2008-02-08,11.010000228881836,11.09000015258789,10.90999984741211,11.029999732971191,1.94593346118927,25782
2008-02-11,11.020000457763672,11.0600004196167,10.970000267028809,11.010000228881836,1.9424052238464355,16066
2008-02-12,11.210000038146973,11.25,11.119999885559082,11.180000305175781,1.9723973274230957,35264
2008-02-13,11.149999618530273,11.260000228881836,11.109999656677246,11.260000228881836,1.9865103960037231,5791
2008-02-14,11.239999771118164,11.350000381469727,11.119999885559082,11.279999732971191,1.9900392293930054,2700
2008-02-15,11.140000343322754,11.359999656677246,11.09000015258789,11.25,1.9847475290298462,11743
2008-02-19,11.369999885559082,11.40999984741211,11.020000457763672,11.100000381469727,1.9582828283309937,16069
2008-02-20,11.029999732971191,11.079999923706055,10.890000343322754,10.970000267028809,1.9353481531143188,6591
2008-02-21,11.489999771118164,11.9399995803833,11.489999771118164,11.600000381469727,2.046494483947754,14358
2008-02-22,11.619999885559082,11.640000343322754,11.5,11.5,2.0288519859313965,84129
2008-02-25,11.600000381469727,11.600000381469727,11.420000076293945,11.550000190734863,2.037672996520996,54474
2008-02-26,11.5600004196167,11.5600004196167,11.399999618530273,11.5,2.0288519859313965,15134
2008-02-27,11.399999618530273,11.579999923706055,11.020000457763672,11.140000343322754,1.9653403759002686,69799
2008-02-28,11.09000015258789,11.239999771118164,11.069999694824219,11.079999923706055,1.9547550678253174,8838
2008-02-29,11.050000190734863,11.0600004196167,10.630000114440918,10.739999771118164,1.8947714567184448,31820
2008-03-03,10.760000228881836,10.9399995803833,10.6899995803833,10.739999771118164,1.8947714567184448,31079
2008-03-04,10.699999809265137,10.760000228881836,10.609999656677246,10.670000076293945,1.882421612739563,21331
2008-03-05,10.720000267028809,10.720000267028809,10.40999984741211,10.59000015258789,1.868308424949646,23075
2008-03-06,10.609999656677246,10.760000228881836,10.539999961853027,10.600000381469727,1.8700722455978394,23101
2008-03-07,10.59000015258789,10.649999618530273,10.5,10.5,1.8524304628372192,35500
2008-03-10,10.359999656677246,10.359999656677246,10.0,10.0,1.7642192840576172,38900
2008-03-11,10.300000190734863,10.5,10.100000381469727,10.289999961853027,1.8153815269470215,337500
2008-03-12,10.390000343322754,10.449999809265137,10.220100402832031,10.380000114440918,1.8312599658966064,21584
2008-03-13,10.300000190734863,10.390000343322754,10.15999984741211,10.25,1.8083248138427734,27215
2008-03-14,11.140000343322754,11.380000114440918,10.600000381469727,10.75,1.896535038948059,269979
2008-03-17,10.4399995803833,10.4399995803833,10.149999618530273,10.300000190734863,1.8171459436416626,105725
2008-03-18,10.430000305175781,10.430000305175781,10.430000305175781,10.430000305175781,1.8400812149047852,73390
2008-03-19,10.4399995803833,10.4399995803833,10.329999923706055,10.399999618530273,1.8347876071929932,68674
2008-03-20,10.529999732971191,11.300000190734863,10.529999732971191,11.270000457763672,1.9882748126983643,76699
2008-03-24,10.449999809265137,10.449999809265137,10.109999656677246,10.289999961853027,1.8153815269470215,120988
2008-03-25,10.289999961853027,10.510000228881836,10.199999809265137,10.199999809265137,1.7995030879974365,50300
2008-03-26,10.279999732971191,10.470000267028809,10.25,10.40999984741211,1.8365522623062134,58400
2008-03-27,10.399999618530273,10.399999618530273,10.079999923706055,10.279999732971191,3.371385097503662,195190
2008-03-28,10.300000190734863,10.300000190734863,10.130000114440918,10.220000267028809,3.351707696914673,26600
2008-03-31,10.220000267028809,10.270000457763672,10.039999961853027,10.100000381469727,3.3123536109924316,35100
2008-04-01,10.210000038146973,10.399999618530273,10.020000457763672,10.34000015258789,3.3910624980926514,96433
2008-04-02,10.260000228881836,10.390000343322754,10.100000381469727,10.1899995803833,3.3418679237365723,37707
2008-04-03,10.119999885559082,10.510000228881836,10.119999885559082,10.479999542236328,3.436976194381714,38537
2008-04-04,10.329999923706055,10.449999809265137,10.239999771118164,10.319999694824219,3.3845021724700928,15666
2008-04-07,10.289999961853027,10.510000228881836,10.199999809265137,10.369999885559082,3.4009013175964355,52502
2008-04-08,10.3100004196167,10.510000228881836,10.300000190734863,10.510000228881836,3.446814775466919,20801
2008-04-09,10.550000190734863,10.550000190734863,10.260000228881836,10.359999656677246,3.3976213932037354,41011
2008-04-10,10.359999656677246,10.779999732971191,10.359999656677246,10.710000038146973,3.5124058723449707,29262
2008-04-11,10.710000038146973,10.9399995803833,10.5600004196167,10.710000038146973,3.5124058723449707,116385
2008-04-14,10.890000343322754,11.149999618530273,10.890000343322754,10.989999771118164,3.604233980178833,86586
2008-04-15,11.0,11.489999771118164,11.0,11.140000343322754,3.6534268856048584,54493
2008-04-16,11.350000381469727,11.859999656677246,11.350000381469727,11.770000457763672,3.860039472579956,59032
2008-04-17,11.710000038146973,11.779999732971191,11.180000305175781,11.260000228881836,3.692781448364258,67259
2008-04-18,11.359999656677246,11.899999618530273,11.359999656677246,11.800000190734863,3.869877815246582,30713
2008-04-21,11.8100004196167,11.8100004196167,11.5,11.649999618530273,3.820683717727661,13773
2008-04-22,11.550000190734863,11.600000381469727,11.5,11.550000190734863,3.787889003753662,17294
2008-04-23,11.630000114440918,11.899999618530273,11.590100288391113,11.710000038146973,3.840362071990967,17890
2008-04-24,11.640000343322754,11.779999732971191,11.550000190734863,11.779999732971191,3.8633174896240234,23200
2008-04-25,11.850000381469727,11.850000381469727,11.5600004196167,11.600000381469727,3.804286479949951,31885
2008-04-28,11.380000114440918,11.380000114440918,11.039999961853027,11.170000076293945,3.6632654666900635,38936
2008-04-29,11.100000381469727,11.199999809265137,10.850000381469727,10.949999809265137,3.5911154747009277,62215
2008-04-30,10.899999618530273,10.989999771118164,10.680000305175781,10.680000305175781,3.502567768096924,31189
2008-05-01,10.779999732971191,11.039999961853027,10.779999732971191,11.0,3.6075124740600586,25474
2008-05-02,11.0,11.03279972076416,10.699999809265137,10.989999771118164,3.604233980178833,42813
2008-05-05,11.15999984741211,11.270000457763672,11.069999694824219,11.140000343322754,3.6534268856048584,35173
2008-05-06,11.140000343322754,11.25,11.119999885559082,11.170000076293945,3.6632654666900635,28701
2008-05-07,11.289999961853027,11.539999961853027,11.149999618530273,11.5,3.7714905738830566,46244
2008-05-08,11.5,11.539999961853027,10.899999618530273,11.25,3.6895031929016113,79099
2008-05-09,11.130000114440918,11.170000076293945,11.050000190734863,11.140000343322754,3.6534268856048584,24022
2008-05-12,11.470000267028809,11.550000190734863,11.319999694824219,11.420000076293945,3.7452545166015625,79813
2008-05-13,11.5,11.899999618530273,11.5,11.899999618530273,3.902672290802002,70786
2008-05-14,12.100000381469727,12.400899887084961,12.039999961853027,12.149999618530273,3.9846622943878174,100551
2008-05-15,12.489999771118164,12.579999923706055,12.079999923706055,12.550000190734863,4.115845203399658,145226
2008-05-16,12.460000038146973,12.479999542236328,12.100000381469727,12.180000305175781,3.994501829147339,53296
2008-05-19,12.359999656677246,12.5600004196167,12.319999694824219,12.5600004196167,4.119123935699463,79348
2008-05-20,12.390000343322754,12.720000267028809,12.109999656677246,12.680000305175781,4.158477783203125,97342
2008-05-21,12.609999656677246,12.923999786376953,12.609999656677246,12.75,4.181435585021973,51298
2008-05-22,12.90999984741211,13.140000343322754,12.880000114440918,13.0,4.263424396514893,96004
2008-05-23,13.020000457763672,13.147000312805176,13.020000457763672,13.147000312805176,4.311633586883545,92638
2008-05-27,13.149999618530273,13.8100004196167,12.770000457763672,13.470000267028809,4.4175639152526855,136441
2008-05-28,13.279999732971191,13.350000381469727,12.859999656677246,12.960000038146973,4.250305652618408,86277
2008-05-29,13.199999809265137,13.619999885559082,13.140000343322754,13.619999885559082,4.466756820678711,88129
2008-05-30,13.649999618530273,13.65999984741211,13.270000457763672,13.319999694824219,4.36837100982666,70486
2008-06-02,13.260000228881836,13.3100004196167,12.510000228881836,12.779999732971191,4.1912736892700195,156428
2008-06-03,12.850000381469727,13.199999809265137,12.850000381469727,13.199999809265137,4.329015731811523,61717
2008-06-04,12.869999885559082,12.930000305175781,12.630000114440918,12.800000190734863,4.19783353805542,46055
2008-06-05,12.6899995803833,13.390000343322754,12.510000228881836,13.239999771118164,4.34213399887085,52670
2008-06-06,13.109999656677246,13.109999656677246,12.850000381469727,12.954000473022461,4.24833869934082,25709
2008-06-09,12.949999809265137,12.949999809265137,12.510000228881836,12.649999618530273,4.148638725280762,86010
2008-06-10,12.59000015258789,13.050000190734863,12.510000228881836,12.880000114440918,4.224070072174072,67880
2008-06-11,12.760000228881836,13.15999984741211,12.729999542236328,12.869999885559082,4.220790386199951,62734
2008-06-12,12.970000267028809,13.170000076293945,12.800000190734863,12.920000076293945,4.237188339233398,58254
2008-06-13,12.989999771118164,13.0,12.899999618530273,12.979999542236328,4.256865978240967,18087
2008-06-16,12.979999542236328,13.0,12.869999885559082,12.890000343322754,4.227348804473877,24590
2008-06-17,12.989999771118164,13.390000343322754,12.960000038146973,13.119999885559082,4.3027801513671875,43195
2008-06-18,13.100000381469727,13.140000343322754,13.0,13.0,4.263424396514893,52890
2008-06-19,13.029999732971191,13.149999618530273,13.020000457763672,13.069999694824219,4.286380767822266,19520
2008-06-20,12.979999542236328,13.100000381469727,12.979999542236328,13.069999694824219,4.286380767822266,47743
2008-06-23,12.8100004196167,12.960000038146973,12.5,12.6899995803833,4.161757469177246,109846
2008-06-24,12.5600004196167,12.569999694824219,11.90999984741211,11.970000267028809,3.9256303310394287,141805
2008-06-25,12.149999618530273,12.5,12.020000457763672,12.199999809265137,4.00106143951416,56202
2008-06-26,12.039999961853027,12.199999809265137,11.989999771118164,12.050000190734863,3.951866865158081,37979
2008-06-27,12.069999694824219,12.449999809265137,12.010000228881836,12.149999618530273,3.9846622943878174,16209
2008-06-30,11.869999885559082,12.069999694824219,11.829999923706055,12.0,3.935469150543213,90397
2008-07-01,11.960000038146973,12.15999984741211,11.899999618530273,12.100000381469727,3.9682633876800537,17683
2008-07-02,12.140000343322754,12.140000343322754,11.760000228881836,11.760000228881836,3.856759548187256,36814
2008-07-03,11.800000190734863,11.819999694824219,11.479999542236328,11.619999885559082,3.810845136642456,63841
2008-07-07,11.149999618530273,11.359999656677246,11.029999732971191,11.3100004196167,3.709179401397705,84503
2008-07-08,11.279999732971191,11.609999656677246,11.210000038146973,11.609999656677246,3.8075664043426514,33020
2008-07-09,11.5,11.550000190734863,10.979999542236328,11.270000457763672,3.6960604190826416,21192
2008-07-10,11.270000457763672,11.420000076293945,11.100000381469727,11.420000076293945,3.7452545166015625,9430
2008-07-11,11.25,11.25,10.920000076293945,11.100000381469727,3.640308141708374,17815
2008-07-14,11.140000343322754,11.350000381469727,11.100000381469727,11.270000457763672,3.6960604190826416,12066
2008-07-15,11.050000190734863,11.300000190734863,11.039999961853027,11.220000267028809,3.6796622276306152,13983
2008-07-16,11.100000381469727,11.279999732971191,11.0,11.279999732971191,3.6993401050567627,70798
2008-07-17,11.300000190734863,11.390000343322754,11.25,11.34000015258789,3.7190184593200684,12358
2008-07-18,11.359999656677246,11.475000381469727,11.329999923706055,11.475000381469727,3.763291835784912,15901
2008-07-21,11.489999771118164,11.630000114440918,11.279999732971191,11.430000305175781,3.7485339641571045,23238
2008-07-22,11.430000305175781,11.789999961853027,11.399999618530273,11.630000114440918,3.8141257762908936,16062
2008-07-23,12.020000457763672,12.220000267028809,11.800000190734863,12.020000457763672,3.9420292377471924,39529
2008-07-24,12.09000015258789,12.09000015258789,11.770000457763672,11.819999694824219,3.876437187194824,8021
2008-07-25,12.15999984741211,12.15999984741211,11.760000228881836,12.0600004196167,3.955146551132202,27107
2008-07-28,11.8100004196167,11.899999618530273,11.649999618530273,11.760000228881836,3.856759548187256,33762
2008-07-29,11.899999618530273,12.109999656677246,11.829999923706055,12.020000457763672,3.9420292377471924,19770
2008-07-30,11.859999656677246,12.096799850463867,11.63010025024414,11.75,3.8534810543060303,17201
2008-07-31,11.699999809265137,11.869999885559082,11.59000015258789,11.59000015258789,3.8010072708129883,17262
2008-08-01,11.600000381469727,11.729999542236328,11.569999694824219,11.569999694824219,3.794447422027588,2595
2008-08-04,11.5,11.529999732971191,11.260000228881836,11.529999732971191,3.78132963180542,12072
2008-08-05,11.470000267028809,11.579999923706055,11.380000114440918,11.579999923706055,3.79772686958313,27523
2008-08-06,11.25,11.800000190734863,11.25,11.710000038146973,3.840362071990967,14289
2008-08-07,11.720000267028809,11.770000457763672,11.479999542236328,11.479999542236328,3.7649312019348145,12559
2008-08-08,11.380000114440918,11.640000343322754,11.239999771118164,11.609999656677246,3.8075664043426514,11446
2008-08-11,11.420000076293945,12.020000457763672,11.420000076293945,12.020000457763672,3.9420292377471924,29162
2008-08-12,11.949999809265137,11.960000038146973,11.890000343322754,11.960000038146973,3.922348976135254,36888
2008-08-13,11.5600004196167,11.970000267028809,11.520000457763672,11.920000076293945,3.9092319011688232,21228
2008-08-14,12.010000228881836,12.350000381469727,11.619999885559082,12.130000114440918,3.978102922439575,30899
2008-08-15,12.010000228881836,12.180000305175781,12.010000228881836,12.100000381469727,3.9682633876800537,28574
2008-08-18,12.239999771118164,12.510000228881836,12.0600004196167,12.140000343322754,3.981382369995117,28898
2008-08-19,12.020000457763672,12.149999618530273,11.899999618530273,12.010000228881836,3.938749074935913,25244
2008-08-20,12.09000015258789,12.149999618530273,11.949999809265137,12.050000190734863,3.951866865158081,19047
2008-08-21,12.020000457763672,12.0600004196167,11.510000228881836,11.880000114440918,3.896115303039551,65049
2008-08-22,12.0600004196167,12.239999771118164,12.0,12.180000305175781,3.994501829147339,14773
2008-08-25,12.199999809265137,12.210000038146973,11.789999961853027,11.899999618530273,3.902672290802002,27807
2008-08-26,11.819999694824219,11.819999694824219,11.680000305175781,11.770000457763672,3.860039472579956,12366
2008-08-27,11.6899995803833,11.949999809265137,11.6899995803833,11.949999809265137,3.919071674346924,28105
2008-08-28,11.880000114440918,12.010000228881836,11.6899995803833,11.989999771118164,3.932189702987671,17737
2008-08-29,12.010000228881836,12.010000228881836,11.720000267028809,11.890000343322754,3.8993942737579346,12989
2008-09-02,11.829999923706055,11.930000305175781,11.829999923706055,11.930000305175781,3.9125120639801025,56629
2008-09-03,11.800000190734863,12.0,11.789999961853027,11.90999984741211,3.9059534072875977,24986
2008-09-04,11.920000076293945,12.170000076293945,11.850000381469727,12.020000457763672,3.9420292377471924,40513
2008-09-05,11.949999809265137,11.949999809265137,11.75,11.869999885559082,3.8928349018096924,46708
2008-09-08,11.9399995803833,12.029999732971191,11.850000381469727,11.90999984741211,3.9059534072875977,64051
2008-09-09,11.979999542236328,12.039999961853027,11.789999961853027,11.850000381469727,3.886275053024292,58819
2008-09-10,12.140000343322754,12.140000343322754,11.930000305175781,12.0,3.935469150543213,60815
2008-09-11,11.75,11.819999694824219,11.430000305175781,11.780099868774414,3.8633511066436768,43782
2008-09-12,11.800000190734863,11.880000114440918,11.770000457763672,11.880000114440918,3.896115303039551,26904
2008-09-15,11.279999732971191,11.40999984741211,11.010000228881836,11.010000228881836,3.6107921600341797,44721
2008-09-16,10.800000190734863,11.050000190734863,10.619999885559082,10.84000015258789,3.5550403594970703,60649
2008-09-17,10.869999885559082,10.869999885559082,10.380000114440918,10.500100135803223,3.443568706512451,27310
2008-09-18,10.319999694824219,10.819999694824219,10.220000267028809,10.819999694824219,3.5484812259674072,68709
2008-09-19,10.989999771118164,11.5,10.960000038146973,11.09000015258789,3.6370303630828857,10502
2008-09-22,11.609999656677246,11.800000190734863,10.15999984741211,11.029999732971191,3.6173512935638428,25845
2008-09-23,11.140000343322754,11.279999732971191,10.75,11.119999885559082,3.646867513656616,33125
2008-09-24,11.329999923706055,11.329999923706055,10.829999923706055,11.119999885559082,3.646867513656616,14469
2008-09-25,11.184000015258789,11.409899711608887,10.860099792480469,11.069999694824219,3.630470037460327,14763
2008-09-26,10.720000267028809,10.989999771118164,10.720000267028809,10.989999771118164,3.604233980178833,26222
2008-09-29,10.75,10.979999542236328,10.550000190734863,10.630000114440918,3.4861690998077393,15067
2008-09-30,11.0,11.0,10.520000457763672,10.789999961853027,3.5386435985565186,33669
2008-10-01,10.90999984741211,10.90999984741211,10.630000114440918,10.649999618530273,3.4927284717559814,11454
2008-10-02,10.720000267028809,10.720000267028809,10.5,10.5600004196167,3.463212251663208,23384
2008-10-03,10.630000114440918,10.640000343322754,10.15999984741211,10.15999984741211,3.3320305347442627,27698
2008-10-06,9.960000038146973,10.0,8.390000343322754,9.180000305175781,3.0106334686279297,49241
2008-10-07,9.550000190734863,9.550000190734863,9.09000015258789,9.239999771118164,3.0303101539611816,87144
2008-10-08,9.100000381469727,9.100000381469727,8.619999885559082,8.75,2.8696129322052,24385
2008-10-09,8.8100004196167,8.920000076293945,8.300000190734863,8.460000038146973,2.774506092071533,45670
2008-10-10,7.75,8.029999732971191,7.539999961853027,7.909999847412109,2.5941293239593506,59558
2008-10-13,8.0,8.710000038146973,8.0,8.710000038146973,2.856494188308716,23124
2008-10-14,8.550000190734863,8.930000305175781,8.420000076293945,8.520000457763672,2.794182538986206,36156
2008-10-15,8.649999618530273,8.800000190734863,8.3100004196167,8.3100004196167,2.7253119945526123,18783
2008-10-16,8.260000228881836,8.869999885559082,8.25,8.869999885559082,2.9089677333831787,32049
2008-10-17,8.729999542236328,8.829999923706055,8.59000015258789,8.720000267028809,2.859774589538574,45248
2008-10-20,9.020000457763672,10.15999984741211,9.020000457763672,9.829999923706055,3.223804473876953,63290
2008-10-21,9.920000076293945,10.319899559020996,9.640000343322754,9.649999618530273,3.1647729873657227,96737
2008-10-22,9.5,9.880000114440918,9.199999809265137,9.34000015258789,3.0631070137023926,48740
2008-10-23,9.100000381469727,9.109999656677246,8.609999656677246,8.760000228881836,2.872891902923584,33591
2008-10-24,8.600000381469727,8.890000343322754,8.600000381469727,8.890000343322754,2.9155261516571045,21649
2008-10-27,8.489999771118164,8.729999542236328,8.399999618530273,8.529999732971191,2.7974627017974854,57530
2008-10-28,8.34000015258789,8.390000343322754,7.316999912261963,7.880000114440918,2.584291934967041,51852
2008-10-29,7.670000076293945,7.670000076293945,7.0,7.179999828338623,2.3547215461730957,42044
2008-10-30,7.0,7.369999885559082,6.75,7.309999942779541,2.3973562717437744,50244
2008-10-31,7.269999980926514,7.5320000648498535,7.269999980926514,7.5320000648498535,2.470162868499756,44716
2008-11-03,7.190000057220459,7.650000095367432,7.079999923706055,7.53000020980835,2.4695065021514893,65554
2008-11-04,7.570000171661377,8.0,7.560400009155273,7.699999809265137,2.525259017944336,48604
2008-11-05,7.599999904632568,7.620500087738037,7.329999923706055,7.360000133514404,2.413754463195801,34281
2008-11-06,7.25,7.460000038146973,7.199999809265137,7.349999904632568,2.4104747772216797,67867
2008-11-07,7.25,7.439000129699707,7.199999809265137,7.260000228881836,2.380958318710327,20029
2008-11-10,7.460000038146973,7.630000114440918,7.389999866485596,7.449999809265137,2.443269729614258,51737
2008-11-11,7.25,7.340000152587891,7.170000076293945,7.179999828338623,2.3547215461730957,33110
2008-11-12,7.019999980926514,7.199999809265137,6.800000190734863,7.050000190734863,2.3120877742767334,74686
2008-11-13,6.900000095367432,7.28000020980835,6.849999904632568,7.230000019073486,2.371119976043701,95109
2008-11-14,7.289999961853027,7.320000171661377,7.0,7.0,2.295689821243286,39638
2008-11-17,6.739999771118164,6.739999771118164,6.260000228881836,6.559999942779541,2.1513900756835938,130007
2008-11-18,6.559999942779541,6.820000171661377,6.53000020980835,6.599999904632568,2.1645078659057617,48873
2008-11-19,6.650000095367432,6.789999961853027,6.449999809265137,6.5,2.1317121982574463,38118
2008-11-20,6.46999979019165,6.480000019073486,6.0,6.210000038146973,2.036604881286621,68763
2008-11-21,6.329999923706055,6.389999866485596,6.019999980926514,6.199999809265137,2.033324956893921,42245
2008-11-24,6.019999980926514,7.480000019073486,5.96999979019165,7.139999866485596,2.3416035175323486,105337
2008-11-25,7.039999961853027,7.070000171661377,6.69350004196167,6.920000076293945,2.26945424079895,65085
2008-11-26,6.789999961853027,7.477200031280518,6.699999809265137,7.239999771118164,2.374399423599243,80589
2008-11-28,7.389999866485596,8.199999809265137,7.369999885559082,7.960000038146973,2.610527753829956,55650
2008-12-01,7.71999979019165,7.71999979019165,7.25,7.329999923706055,2.4039156436920166,67204
2008-12-02,7.489999771118164,7.840000152587891,7.369999885559082,7.670000076293945,2.5154201984405518,43416
2008-12-03,7.599999904632568,8.130000114440918,7.420000076293945,7.909999847412109,2.5941293239593506,37139
2008-12-04,7.860000133514404,8.079999923706055,7.789999961853027,7.840000152587891,2.5711727142333984,40242
2008-12-05,7.829999923706055,7.900000095367432,7.489999771118164,7.829999923706055,2.5678939819335938,42641
2008-12-08,8.0,8.100000381469727,7.829999923706055,7.897600173950195,2.5900633335113525,74567
2008-12-09,7.900000095367432,8.079999923706055,7.71999979019165,7.78000020980835,2.55149507522583,49510
2008-12-10,7.909999847412109,8.0,7.820000171661377,7.980000019073486,2.6170873641967773,21107
2008-12-11,8.0,8.050000190734863,7.829999923706055,7.840000152587891,2.5711727142333984,27075
2008-12-12,7.75,8.390000343322754,7.300099849700928,8.100000381469727,2.6564414501190186,105846
2008-12-15,8.149999618530273,8.350000381469727,7.940000057220459,8.350000381469727,2.7384302616119385,53435
2008-12-16,8.4399995803833,8.9399995803833,8.270000457763672,8.934000015258789,2.929957151412964,63711
2008-12-17,8.75,8.800000190734863,8.510000228881836,8.739999771118164,2.8663330078125,60514
2008-12-18,8.539999961853027,8.710000038146973,8.289999961853027,8.609999656677246,2.8236985206604004,44036
2008-12-19,8.59000015258789,8.699999809265137,8.40999984741211,8.40999984741211,2.758108377456665,36862
2008-12-22,8.15999984741211,8.267499923706055,7.909999847412109,8.0,2.6236464977264404,63119
2008-12-23,7.960000038146973,8.079999923706055,7.900000095367432,7.949999809265137,2.607247829437256,52980
2008-12-24,7.889999866485596,7.889999866485596,7.550000190734863,7.670000076293945,2.5154201984405518,115564
2008-12-26,7.699999809265137,7.840000152587891,7.640100002288818,7.78000020980835,2.55149507522583,14723
2008-12-29,7.650000095367432,7.690000057220459,7.342700004577637,7.420000076293945,2.433431625366211,77251
2008-12-30,7.5,7.690000057220459,7.369999885559082,7.590000152587891,2.4891843795776367,48377
2008-12-31,7.510000228881836,7.53000020980835,7.150000095367432,7.309999942779541,2.3973562717437744,79467
2009-01-02,7.75,8.710000038146973,7.75,8.449999809265137,2.7712254524230957,52060
2009-01-05,8.34000015258789,8.36989974975586,7.900000095367432,7.980000019073486,2.6170873641967773,35928
2009-01-06,8.0600004196167,8.390000343322754,8.0,8.260000228881836,2.7089145183563232,20201
2009-01-07,8.170000076293945,8.170000076293945,8.0,8.100000381469727,2.6564414501190186,27968
2009-01-08,8.1899995803833,8.489999771118164,8.0600004196167,8.399999618530273,2.754828453063965,24462
2009-01-09,8.479999542236328,8.479999542236328,8.199999809265137,8.25,2.7056350708007812,24609
2009-01-12,8.3100004196167,8.449999809265137,8.119999885559082,8.260000228881836,2.7089145183563232,26556
2009-01-13,8.180000305175781,8.300000190734863,8.100000381469727,8.1899995803833,2.6859562397003174,7993
2009-01-14,8.119999885559082,8.261099815368652,8.0600004196167,8.0600004196167,2.643324136734009,21278
2009-01-15,8.069999694824219,8.105199813842773,7.880000114440918,7.909999847412109,2.5941293239593506,24806
2009-01-16,8.09000015258789,8.130000114440918,7.809999942779541,7.96999979019165,2.613807439804077,62555
2009-01-20,8.149999618530273,8.199999809265137,7.929999828338623,7.929999828338623,2.6006886959075928,67623
2009-01-21,8.029999732971191,8.5,8.029999732971191,8.470000267028809,2.777785539627075,30134
2009-01-22,8.119999885559082,8.300000190734863,8.119999885559082,8.239999771118164,2.702354907989502,23199
2009-01-23,8.199999809265137,8.300000190734863,8.029999732971191,8.279999732971191,2.7154746055603027,32152
2009-01-26,8.279999732971191,8.9399995803833,8.183799743652344,8.649999618530273,2.8368167877197266,59923
2009-01-27,8.550000190734863,8.760000228881836,8.399999618530273,8.510000228881836,2.790903329849243,75298
2009-01-28,8.579999923706055,8.75,8.539999961853027,8.550000190734863,2.804020881652832,46424
2009-01-29,8.600000381469727,8.890000343322754,8.569999694824219,8.670000076293945,2.843376636505127,44978
2009-01-30,8.899999618530273,8.899999618530273,8.510000228881836,8.619999885559082,2.8269777297973633,29873
2009-02-02,8.5600004196167,8.61989974975586,8.270000457763672,8.550000190734863,2.804020881652832,36667
2009-02-03,8.463399887084961,8.670000076293945,8.141400337219238,8.5600004196167,2.807300567626953,88970
2009-02-04,8.699999809265137,8.890000343322754,8.539999961853027,8.539999961853027,2.800741672515869,33613
2009-02-05,8.5600004196167,8.739999771118164,8.440099716186523,8.498000144958496,2.7869677543640137,24330
2009-02-06,8.600000381469727,8.699999809265137,8.569999694824219,8.609999656677246,2.8236985206604004,18024
2009-02-09,8.569999694824219,8.569999694824219,8.280099868774414,8.5600004196167,2.807300567626953,35534
2009-02-10,8.550100326538086,8.593000411987305,8.289999961853027,8.289999961853027,2.7187530994415283,12917
2009-02-11,8.350000381469727,8.350000381469727,8.0,8.149999618530273,2.6728391647338867,20128
2009-02-12,8.140000343322754,8.220000267028809,8.069999694824219,8.1899995803833,2.6859562397003174,19380
2009-02-13,8.25,8.5,8.15999984741211,8.170000076293945,2.67939829826355,13475
2009-02-17,8.170000076293945,8.289999961853027,8.000100135803223,8.039999961853027,2.6367640495300293,24915
2009-02-18,8.020000457763672,8.100000381469727,7.900000095367432,7.949999809265137,2.607247829437256,20615
2009-02-19,7.900000095367432,8.09000015258789,7.769999980926514,7.769999980926514,2.5482170581817627,23596
2009-02-20,7.699999809265137,7.699999809265137,7.170000076293945,7.420000076293945,2.433431625366211,104732
2009-02-23,7.239999771118164,7.239999771118164,6.199999809265137,6.440000057220459,2.112035036087036,240124
2009-02-24,6.25,6.429999828338623,5.800000190734863,6.420000076293945,2.105476140975952,80380
2009-02-25,6.559999942779541,6.559999942779541,6.260000228881836,6.320000171661377,2.0726804733276367,41663
2009-02-26,6.539999961853027,6.550000190734863,6.320000171661377,6.369999885559082,2.0890777111053467,48676
2009-02-27,6.369999885559082,6.539999961853027,6.340000152587891,6.489999771118164,2.1284329891204834,25153
2009-03-02,6.400000095367432,6.46999979019165,5.929999828338623,6.0,1.9677345752716064,59422
2009-03-03,5.880000114440918,6.130000114440918,5.869999885559082,6.110000133514404,2.0038092136383057,36317
2009-03-04,5.880000114440918,6.440000057220459,5.880000114440918,6.349999904632568,2.082519054412842,21988
2009-03-05,6.199999809265137,6.199999809265137,5.760000228881836,6.109899997711182,2.003776788711548,12970
2009-03-06,5.949999809265137,6.099999904632568,5.900000095367432,6.019999980926514,1.9742933511734009,41878
2009-03-09,6.090000152587891,6.090000152587891,5.849999904632568,6.029900074005127,1.9775398969650269,42508
2009-03-10,6.03000020980835,6.420000076293945,6.03000020980835,6.130000114440918,2.0103683471679688,36054
2009-03-11,6.289999961853027,6.329899787902832,6.110000133514404,6.179999828338623,2.026766061782837,16401
2009-03-12,6.210000038146973,6.440000057220459,6.190000057220459,6.400100231170654,2.098949432373047,18911
2009-03-13,6.5,6.599999904632568,6.320000171661377,6.510000228881836,2.1349918842315674,18198
2009-03-16,6.800000190734863,6.889999866485596,6.510000228881836,6.599999904632568,2.1645078659057617,28023
2009-03-17,6.690000057220459,6.900000095367432,6.619999885559082,6.900000095367432,2.262894630432129,17206
2009-03-18,6.940000057220459,7.050000190734863,6.730000019073486,6.949999809265137,2.279292583465576,19706
2009-03-19,7.269999980926514,7.320000171661377,7.019999980926514,7.230000019073486,2.371119976043701,30622
2009-03-20,7.260000228881836,7.340000152587891,6.900000095367432,6.940000057220459,2.276012897491455,19387
2009-03-23,7.139999866485596,7.610000133514404,7.139999866485596,7.599999904632568,2.4924635887145996,53990
2009-03-24,7.599999904632568,7.699999809265137,7.53000020980835,7.53000020980835,2.4695065021514893,16759
2009-03-25,7.800000190734863,8.130000114440918,7.670000076293945,7.880000114440918,2.853330612182617,27520
2009-03-26,8.149999618530273,8.569999694824219,8.130000114440918,8.569999694824219,3.1031768321990967,33090
2009-03-27,8.489999771118164,8.489999771118164,8.229999542236328,8.270000457763672,2.9945480823516846,16400
2009-03-30,7.510000228881836,8.010000228881836,7.400000095367432,7.559999942779541,2.7374584674835205,50044
2009-03-31,7.679999828338623,7.699999809265137,7.490099906921387,7.590000152587891,2.7483222484588623,26501
2009-04-01,7.5,7.75,7.5,7.71999979019165,2.7953944206237793,19434
2009-04-02,8.180000305175781,8.380000114440918,7.96999979019165,8.25,2.987306594848633,30858
2009-04-03,7.929999828338623,8.149999618530273,7.929999828338623,8.110099792480469,2.9366488456726074,21401
2009-04-06,7.920000076293945,7.960000038146973,7.739999771118164,7.880000114440918,2.853330612182617,15758
2009-04-07,7.829999923706055,7.829999923706055,7.380000114440918,7.420000076293945,2.686765193939209,18773
2009-04-08,7.599999904632568,7.78000020980835,7.28000020980835,7.300000190734863,2.6433136463165283,12705
2009-04-09,7.340000152587891,7.732800006866455,7.340000152587891,7.610000133514404,2.755563974380493,15583
2009-04-13,7.449999809265137,7.619999885559082,7.300000190734863,7.360000133514404,2.665039300918579,17106
2009-04-14,7.199999809265137,7.360000133514404,7.199999809265137,7.239999771118164,2.6215875148773193,19495
2009-04-15,7.250100135803223,7.440000057220459,7.239999771118164,7.429999828338623,2.6903858184814453,18246
2009-04-16,7.369999885559082,7.559999942779541,7.289999961853027,7.53000020980835,2.726595878601074,7223
2009-04-17,7.630000114440918,7.630000114440918,7.119999885559082,7.409999847412109,2.6831440925598145,23949
2009-04-20,6.889999866485596,6.889999866485596,6.5,6.670000076293945,2.415191411972046,39758
2009-04-21,6.690000057220459,6.880000114440918,6.619999885559082,6.850100040435791,2.480405569076538,26238
2009-04-22,6.800000190734863,6.889999866485596,6.75,6.800099849700928,2.4623003005981445,33288
2009-04-23,7.0,7.0,6.800000190734863,6.809999942779541,2.465885877609253,8579
2009-04-24,6.889999866485596,6.989999771118164,6.829999923706055,6.979899883270264,2.5274057388305664,15336
2009-04-27,7.449999809265137,7.5,7.300000190734863,7.46999979019165,2.7048707008361816,32763
2009-04-28,7.420100212097168,7.71999979019165,7.420100212097168,7.5,2.715733528137207,6200
2009-04-29,7.429999828338623,7.900000095367432,7.429999828338623,7.710000038146973,2.791773557662964,25501
2009-04-30,7.809999942779541,7.889999866485596,7.75,7.840000152587891,2.83884596824646,9642
2009-05-01,7.849999904632568,7.96999979019165,7.699999809265137,7.929999828338623,2.8714349269866943,14701
2009-05-04,7.840000152587891,7.909999847412109,7.734799861907959,7.900000095367432,2.860572338104248,12896
2009-05-05,7.599999904632568,7.800000190734863,7.5,7.71999979019165,2.7953944206237793,16764
2009-05-06,7.75,7.769999980926514,7.650000095367432,7.71999979019165,2.7953944206237793,18363
2009-05-07,7.789999961853027,7.810800075531006,7.5,7.510000228881836,2.719353675842285,14578
2009-05-08,7.599999904632568,7.78000020980835,7.599999904632568,7.699999809265137,2.7881524562835693,17528
2009-05-11,7.699999809265137,7.834799766540527,7.610099792480469,7.699999809265137,2.7881524562835693,17519
2009-05-12,7.75,7.75,7.400000095367432,7.619999885559082,2.7591845989227295,12338
2009-05-13,7.380000114440918,7.53000020980835,7.380000114440918,7.489999771118164,2.712111234664917,6304
2009-05-14,7.519999980926514,7.590000152587891,7.400000095367432,7.46999979019165,2.7048707008361816,9449
2009-05-15,7.539999961853027,7.539999961853027,7.46999979019165,7.5,2.715733528137207,2670
2009-05-18,8.0600004196167,8.170000076293945,7.429999828338623,7.75,2.806258201599121,65849
2009-05-19,8.0,8.710000038146973,7.929999828338623,8.390000343322754,3.03800106048584,74363
2009-05-20,8.6899995803833,8.850000381469727,8.539999961853027,8.8100004196167,3.1900813579559326,44300
2009-05-21,8.600000381469727,8.600000381469727,8.490099906921387,8.5,3.0778303146362305,9805
2009-05-22,8.8100004196167,8.8100004196167,8.600000381469727,8.779999732971191,3.179218292236328,18913
2009-05-26,8.699999809265137,8.899999618530273,8.699999809265137,8.82800006866455,3.196599006652832,13607
2009-05-27,8.899999618530273,8.899999618530273,8.5,8.510100364685059,3.081488609313965,22275
2009-05-28,8.710000038146973,8.710000038146973,8.492500305175781,8.6899995803833,3.146629571914673,12260
2009-05-29,8.710000038146973,8.880000114440918,8.710000038146973,8.880000114440918,3.2154271602630615,15614
2009-06-01,8.930000305175781,9.050000190734863,8.899999618530273,9.0,3.2588798999786377,33542
2009-06-02,8.979999542236328,9.069999694824219,8.90999984741211,8.960000038146973,3.2443954944610596,10276
2009-06-03,8.850000381469727,9.0,8.823599815368652,8.90999984741211,3.226289987564087,7391
2009-06-04,9.029999732971191,9.029999732971191,8.84000015258789,8.899999618530273,3.222669839859009,16488
2009-06-05,8.90999984741211,8.940999984741211,8.850000381469727,8.859999656677246,3.2081856727600098,4749
2009-06-08,8.75,8.899999618530273,8.75,8.850000381469727,3.204564094543457,10037
2009-06-09,8.880000114440918,9.050000190734863,8.880000114440918,9.0,3.2588798999786377,14883
2009-06-10,9.15999984741211,9.15999984741211,9.050000190734863,9.09000015258789,3.2914679050445557,22842
2009-06-11,9.149999618530273,9.1899995803833,9.0,9.100000381469727,3.2950899600982666,10790
2009-06-12,9.0,9.319999694824219,9.0,9.239999771118164,3.3457820415496826,14242
2009-06-15,8.800000190734863,8.819999694824219,8.399999618530273,8.5,3.0778303146362305,34403
2009-06-16,8.550000190734863,8.6899995803833,8.170000076293945,8.329999923706055,3.0162746906280518,22739
2009-06-17,8.149999618530273,8.270000457763672,8.020000457763672,8.210000038146973,2.972822904586792,12800
2009-06-18,8.149999618530273,8.59000015258789,8.050000190734863,8.25,2.987306594848633,12307
2009-06-19,8.460000038146973,8.529999732971191,8.09000015258789,8.15999984741211,2.9547183513641357,5668
2009-06-22,8.40999984741211,8.550000190734863,8.220000267028809,8.399999618530273,3.041621446609497,30594
2009-06-23,8.449899673461914,8.600000381469727,8.359999656677246,8.529999732971191,3.088693618774414,8442
2009-06-24,8.510000228881836,8.5600004196167,8.25,8.546099662780762,3.0945241451263428,5599
2009-06-25,8.510000228881836,8.949999809265137,8.510000228881836,8.949999809265137,3.240774393081665,2871
2009-06-26,8.850000381469727,8.850000381469727,8.360099792480469,8.5,3.0778303146362305,8788
2009-06-29,8.630000114440918,8.829899787902832,8.550000190734863,8.579999923706055,3.1067986488342285,12855
2009-06-30,8.380000114440918,8.470000267028809,8.069999694824219,8.25,2.987306594848633,42990
2009-07-01,8.609999656677246,8.770000457763672,8.59000015258789,8.739999771118164,3.16473388671875,15481
2009-07-02,8.65999984741211,8.729999542236328,8.537199974060059,8.59000015258789,3.110419988632202,5065
2009-07-06,8.300000190734863,8.420000076293945,8.100000381469727,8.210000038146973,2.972822904586792,15260
2009-07-07,8.40999984741211,8.420000076293945,8.279999732971191,8.34000015258789,3.01989483833313,9039
2009-07-08,8.300000190734863,8.3100004196167,8.149900436401367,8.260000228881836,2.9909274578094482,10359
2009-07-09,8.289999961853027,8.520000457763672,8.149999618530273,8.199999809265137,2.96920108795166,15116
2009-07-10,8.2475004196167,8.260000228881836,8.220000267028809,8.260000228881836,2.9909274578094482,3452
2009-07-13,8.270000457763672,8.369999885559082,8.270000457763672,8.369999885559082,3.0307583808898926,10725
2009-07-14,8.40999984741211,8.420000076293945,8.279999732971191,8.371999740600586,3.0314815044403076,7526
2009-07-15,8.510000228881836,8.949999809265137,8.510000228881836,8.699999809265137,3.150249719619751,20385
2009-07-16,8.779999732971191,8.899999618530273,8.670000076293945,8.899999618530273,3.222669839859009,11694
2009-07-17,8.850000381469727,8.880000114440918,8.75,8.800000190734863,3.186460256576538,11412
2009-07-20,8.989999771118164,9.0,8.859999656677246,8.970000267028809,3.2480175495147705,11896
2009-07-21,8.9399995803833,9.100000381469727,8.850000381469727,8.88010025024414,3.215463638305664,13007
2009-07-22,8.899999618530273,9.1899995803833,8.869999885559082,9.0,3.2588798999786377,19273
2009-07-23,9.220000267028809,9.329999923706055,9.079999923706055,9.260000228881836,3.3530256748199463,24536
2009-07-24,9.279999732971191,9.59000015258789,9.010100364685059,9.430000305175781,3.414581775665283,15378
2009-07-27,9.930000305175781,9.979999542236328,9.779999732971191,9.979999542236328,3.6137356758117676,110051
2009-07-28,9.949999809265137,9.970000267028809,9.800000190734863,9.970000267028809,3.6101162433624268,17812
2009-07-29,10.039999961853027,10.039999961853027,9.805000305175781,9.84000015258789,3.563042640686035,8021
2009-07-30,9.88010025024414,9.949999809265137,9.739999771118164,9.75,3.5304532051086426,16449
2009-07-31,9.75,9.850000381469727,9.75,9.800000190734863,3.548558473587036,10439
2009-08-03,9.989999771118164,10.236800193786621,9.75,9.8149995803833,3.5539894104003906,14447
2009-08-04,9.600000381469727,9.600000381469727,9.300000190734863,9.390000343322754,3.4000978469848633,23587
2009-08-05,9.390000343322754,9.589900016784668,9.100000381469727,9.569000244140625,3.4649128913879395,18050
2009-08-06,9.600000381469727,9.767000198364258,9.4399995803833,9.559000015258789,3.461291790008545,6814
2009-08-07,9.5600004196167,9.739999771118164,9.5600004196167,9.720000267028809,3.5195906162261963,12306
2009-08-10,9.699999809265137,9.720000267028809,9.5,9.699899673461914,3.5123116970062256,19683
2009-08-11,9.529999732971191,9.529999732971191,9.370100021362305,9.380000114440918,3.396477222442627,13607
2009-08-12,8.779999732971191,9.1899995803833,8.75,9.0600004196167,3.2806053161621094,58773
2009-08-13,9.300000190734863,9.300000190734863,9.130000114440918,9.179900169372559,3.3240203857421875,12106
2009-08-14,9.0,9.149999618530273,9.0,9.140000343322754,3.3095734119415283,17670
2009-08-17,9.0,9.289999961853027,9.0,9.199999809265137,3.331299066543579,19363
2009-08-18,9.199999809265137,9.300000190734863,9.1899995803833,9.300000190734863,3.3675084114074707,23489
2009-08-19,9.229999542236328,9.5,9.229999542236328,9.5,3.4399287700653076,4942
2009-08-20,9.437999725341797,9.5,9.359999656677246,9.4399995803833,3.4182026386260986,6840
2009-08-21,9.489999771118164,9.649999618530273,9.4399995803833,9.630000114440918,3.487001657485962,22884
2009-08-24,9.5600004196167,9.630000114440918,9.399999618530273,9.430000305175781,3.414581775665283,19459
2009-08-25,9.4399995803833,9.609999656677246,9.420000076293945,9.579999923706055,3.4688968658447266,18263
2009-08-26,9.59000015258789,9.766500473022461,9.5,9.659899711608887,3.4978277683258057,15799
2009-08-27,9.609999656677246,9.670000076293945,9.550000190734863,9.550000190734863,3.458033800125122,4476
2009-08-28,9.5,9.59000015258789,9.40999984741211,9.520000457763672,3.4471704959869385,17564
2009-08-31,9.329999923706055,9.399999618530273,9.0,9.399999618530273,3.4037177562713623,17754
2009-09-01,9.359999656677246,9.4399995803833,9.210000038146973,9.220000267028809,3.3385415077209473,13706
2009-09-02,9.199999809265137,9.399999618530273,9.105500221252441,9.25,3.3494043350219727,4980
2009-09-03,9.25,9.279999732971191,9.130000114440918,9.1899995803833,3.3276774883270264,2712
2009-09-04,9.300000190734863,9.383199691772461,9.300000190734863,9.380000114440918,3.396477222442627,3999
2009-09-08,9.300000190734863,9.65999984741211,9.300000190734863,9.479999542236328,3.4326860904693604,19304
2009-09-09,9.390000343322754,9.458399772644043,9.3100004196167,9.399999618530273,3.4037177562713623,6206
2009-09-10,9.40999984741211,9.430000305175781,9.3100004196167,9.350000381469727,3.3856141567230225,9575
2009-09-11,9.399999618530273,9.449899673461914,9.34000015258789,9.370100021362305,3.3928918838500977,2877
2009-09-14,9.180000305175781,9.300000190734863,9.180000305175781,9.239999771118164,3.3457820415496826,28603
2009-09-15,9.210000038146973,9.300000190734863,9.15999984741211,9.279999732971191,3.360267162322998,7658
2009-09-16,9.399999618530273,9.470000267028809,9.319999694824219,9.470000267028809,3.4290659427642822,21874
2009-09-17,9.5,9.550999641418457,9.359999656677246,9.399999618530273,3.4037177562713623,4243
2009-09-18,9.529999732971191,9.600000381469727,9.319999694824219,9.579999923706055,3.4688968658447266,30500
2009-09-21,9.619999885559082,9.649999618530273,9.390000343322754,9.59000015258789,3.472517251968384,8460
2009-09-22,9.739999771118164,9.800000190734863,9.550000190734863,9.729999542236328,3.523209810256958,9745
2009-09-23,9.859999656677246,10.169899940490723,9.859999656677246,9.869999885559082,3.573904514312744,62795
2009-09-24,9.869999885559082,10.199999809265137,9.84000015258789,10.199999809265137,3.6933960914611816,43825
2009-09-25,10.039999961853027,10.039999961853027,9.640000343322754,9.920000076293945,3.5920093059539795,25129
2009-09-28,9.850000381469727,10.119999885559082,9.680000305175781,10.050000190734863,3.6390819549560547,15862
2009-09-29,10.449999809265137,10.539999961853027,10.350000381469727,10.489999771118164,3.7984066009521484,60654
2009-09-30,10.5,10.5,10.199999809265137,10.319999694824219,3.736847400665283,63640
2009-10-01,10.369999885559082,10.40999984741211,10.119999885559082,10.1899995803833,3.689775228500366,9126
2009-10-02,10.170000076293945,10.199999809265137,10.109999656677246,10.109999656677246,3.6608071327209473,11605
2009-10-05,10.399999618530273,10.5,10.3100004196167,10.489999771118164,3.7984066009521484,10734
2009-10-06,10.489999771118164,10.705499649047852,10.489999771118164,10.64009952545166,3.852755308151245,7870
2009-10-07,10.729999542236328,10.729999542236328,10.609999656677246,10.63010025024414,3.8491344451904297,4380
2009-10-08,10.5600004196167,10.729999542236328,10.449999809265137,10.729999542236328,3.885307788848877,16601
2009-10-09,10.529999732971191,10.75,10.529999732971191,10.75,3.892550230026245,7460
2009-10-12,11.649999618530273,11.989999771118164,11.470000267028809,11.989999771118164,4.341552734375,70009
2009-10-13,11.970000267028809,12.130000114440918,11.65999984741211,11.729999542236328,4.247406959533691,17895
2009-10-14,12.300000190734863,12.470000267028809,12.206500053405762,12.470000267028809,4.5153584480285645,21293
2009-10-15,12.25,12.270000457763672,12.0,12.0600004196167,4.366899013519287,16595
2009-10-16,12.09000015258789,12.359999656677246,12.010000228881836,12.010000228881836,4.348794937133789,11989
2009-10-19,12.359999656677246,12.380000114440918,12.180000305175781,12.359999656677246,4.475527286529541,22511
2009-10-20,12.609999656677246,12.75,12.34000015258789,12.600000381469727,4.562431335449219,44739
2009-10-21,12.579999923706055,12.600000381469727,12.420000076293945,12.430000305175781,4.500875473022461,15128
2009-10-22,12.619999885559082,12.699999809265137,12.450300216674805,12.699999809265137,4.598641872406006,15883
2009-10-23,12.699999809265137,12.729900360107422,12.5,12.520000457763672,4.533463954925537,6260
2009-10-26,12.65999984741211,12.65999984741211,12.149999618530273,12.5,4.526223182678223,22092
2009-10-27,12.489999771118164,12.489999771118164,12.0,12.069999694824219,4.370519638061523,23307
2009-10-28,12.210000038146973,12.380000114440918,12.069999694824219,12.1899995803833,4.413970947265625,16169
2009-10-29,12.289999961853027,12.489999771118164,12.109999656677246,12.300000190734863,4.453802108764648,11540
2009-10-30,12.279999732971191,12.438199996948242,12.247599601745605,12.359999656677246,4.475527286529541,20882
2009-11-02,12.380000114440918,12.390000343322754,12.199999809265137,12.350000381469727,4.471907138824463,42259
2009-11-03,12.020000457763672,12.25,12.010000228881836,12.239999771118164,4.432076454162598,66473
2009-11-04,12.270000457763672,12.5,12.270000457763672,12.449999809265137,4.508116722106934,13709
2009-11-05,12.489999771118164,13.0,12.34000015258789,13.0,4.707270622253418,48124
2009-11-06,12.869999885559082,12.869999885559082,12.5600004196167,12.600000381469727,4.562431335449219,7025
2009-11-09,13.0,13.130000114440918,12.760000228881836,13.130000114440918,4.754344463348389,24948
2009-11-10,13.09000015258789,13.09000015258789,12.760000228881836,12.8100004196167,4.638472080230713,7684
2009-11-11,12.90999984741211,12.90999984741211,12.560099601745605,12.689900398254395,4.594985008239746,12316
2009-11-12,12.520000457763672,12.520000457763672,12.0,12.350000381469727,4.471907138824463,12178
2009-11-13,12.380000114440918,12.649999618530273,12.369999885559082,12.649999618530273,4.580534934997559,6410
2009-11-16,12.649999618530273,12.850000381469727,11.600000381469727,12.600000381469727,4.562431335449219,25976
2009-11-17,12.850000381469727,13.34000015258789,12.770000457763672,13.1899995803833,4.7760701179504395,26635
2009-11-18,12.920000076293945,12.949999809265137,12.619999885559082,12.850000381469727,4.652956008911133,18817
2009-11-19,12.979999542236328,12.979999542236328,12.779999732971191,12.869999885559082,4.660196781158447,18560
2009-11-20,12.579999923706055,12.850000381469727,12.579999923706055,12.789999961853027,4.631229877471924,6239
2009-11-23,13.119999885559082,13.359999656677246,13.09000015258789,13.359999656677246,4.837625026702881,11620
2009-11-24,13.109999656677246,13.199999809265137,13.008999824523926,13.170000076293945,4.768828868865967,12171
2009-11-25,13.34000015258789,13.460000038146973,13.25,13.279999732971191,4.808658123016357,14876
2009-11-27,13.0,13.09000015258789,12.899999618530273,13.0,4.707270622253418,7982
2009-11-30,12.899999618530273,12.989899635314941,12.880000114440918,12.920000076293945,4.678302764892578,5806
2009-12-01,13.119999885559082,13.199999809265137,12.960000038146973,13.199999809265137,4.779691219329834,4820
2009-12-02,13.289999961853027,13.5,13.1899995803833,13.279999732971191,4.808658123016357,4910
2009-12-03,13.130000114440918,13.270000457763672,13.020000457763672,13.180000305175781,4.772448539733887,5806
2009-12-04,13.140000343322754,13.15999984741211,12.930000305175781,12.930000305175781,4.681923866271973,11210
2009-12-07,12.930000305175781,13.006500244140625,12.930000305175781,12.970000267028809,4.696406841278076,2420
2009-12-08,12.869999885559082,12.869999885559082,12.670000076293945,12.699999809265137,4.598641872406006,12762
2009-12-09,13.100000381469727,13.100000381469727,12.859999656677246,13.020000457763672,4.714513301849365,13329
2009-12-10,12.890000343322754,13.640000343322754,12.890000343322754,13.600000381469727,4.924529075622559,27072
2009-12-11,13.5600004196167,13.680000305175781,13.435999870300293,13.569999694824219,4.913665771484375,15035
2009-12-14,13.430000305175781,13.569999694824219,13.3100004196167,13.4399995803833,4.8665924072265625,32558
2009-12-15,13.300000190734863,13.350000381469727,13.180000305175781,13.1899995803833,4.7760701179504395,22290
2009-12-16,13.130000114440918,13.25,13.080100059509277,13.09000015258789,4.739859104156494,15908
2009-12-17,13.109999656677246,13.1899995803833,13.020000457763672,13.1899995803833,4.7760701179504395,22212
2009-12-18,13.149999618530273,13.199999809265137,13.020000457763672,13.0600004196167,4.728997230529785,9163
2009-12-21,13.149999618530273,13.159899711608887,13.0,13.0,4.707270622253418,10306
2009-12-22,13.119999885559082,13.350000381469727,13.0,13.350000381469727,4.834004878997803,16765
2009-12-23,13.0,13.34000015258789,12.899999618530273,12.960000038146973,4.69278621673584,15611
2009-12-24,13.130000114440918,13.25,13.09000015258789,13.239899635314941,4.794137001037598,2864
2009-12-28,13.229999542236328,13.229999542236328,13.010000228881836,13.050000190734863,4.725376129150391,3642
2009-12-29,13.149999618530273,13.239999771118164,13.100000381469727,13.149999618530273,4.761585235595703,11584
2009-12-30,13.020000457763672,13.09000015258789,12.899999618530273,12.899999618530273,4.671059608459473,13500
2009-12-31,12.90999984741211,13.0600004196167,12.789999961853027,12.82409954071045,4.6435770988464355,15325
2010-01-04,12.789999961853027,13.15999984741211,12.766500473022461,13.15999984741211,4.7652058601379395,10704
2010-01-05,13.289999961853027,13.489999771118164,13.199999809265137,13.489999771118164,4.88469934463501,15096
2010-01-06,13.600000381469727,13.739999771118164,13.420000076293945,13.449999809265137,4.87021541595459,24231
2010-01-07,13.720000267028809,13.729999542236328,13.40999984741211,13.65999984741211,4.946255207061768,9621
2010-01-08,13.550000190734863,13.595000267028809,13.5,13.550000190734863,4.906424522399902,4178
2010-01-11,14.079999923706055,14.34000015258789,13.989999771118164,14.34000015258789,5.192480564117432,37329
2010-01-12,14.149999618530273,14.289999961853027,14.100099563598633,14.239999771118164,5.1562724113464355,12552
2010-01-13,14.029999732971191,14.09000015258789,13.819999694824219,14.079999923706055,5.098334312438965,23114
2010-01-14,14.029999732971191,14.140000343322754,13.930000305175781,14.140000343322754,5.120062351226807,7667
2010-01-15,13.779999732971191,13.859999656677246,13.5,13.800000190734863,4.996949195861816,24766
2010-01-19,14.220000267028809,14.640000343322754,14.199999809265137,14.640000343322754,5.301109790802002,30318
2010-01-20,14.520000457763672,14.65999984741211,14.300000190734863,14.369999885559082,5.203344821929932,20426
2010-01-21,14.5600004196167,14.62600040435791,14.40999984741211,14.449899673461914,5.23227596282959,10745
2010-01-22,14.550000190734863,14.609999656677246,14.270000457763672,14.300000190734863,5.17799711227417,12121
2010-01-25,14.130000114440918,14.199999809265137,13.819999694824219,13.869999885559082,5.022294998168945,21361
2010-01-26,13.65999984741211,13.867199897766113,13.65999984741211,13.753499984741211,4.980112075805664,15351
2010-01-27,13.520000457763672,13.539999961853027,13.300000190734863,13.460000038146973,4.87383508682251,24651
2010-01-28,13.279999732971191,13.419899940490723,12.989999771118164,12.989999771118164,4.703649997711182,21592
2010-01-29,13.109999656677246,13.159099578857422,12.789999961853027,12.899999618530273,4.671059608459473,17661
2010-02-01,13.09000015258789,13.270000457763672,13.0,13.270000457763672,4.805036544799805,15607
2010-02-02,13.489999771118164,13.59000015258789,13.449999809265137,13.569999694824219,4.913665771484375,6253
2010-02-03,13.850000381469727,13.989999771118164,13.780099868774414,13.989999771118164,5.065748691558838,9925
2010-02-04,13.829999923706055,13.850000381469727,13.329999923706055,13.329999923706055,4.826763153076172,17463
2010-02-05,13.300000190734863,13.4399995803833,13.289999961853027,13.4399995803833,4.8665924072265625,6361
2010-02-08,13.479999542236328,13.670000076293945,13.399999618530273,13.40999984741211,4.8557305335998535,2788
2010-02-09,13.600000381469727,13.789999961853027,13.489999771118164,13.5600004196167,4.9100470542907715,6402
2010-02-10,13.609999656677246,13.609999656677246,13.289999961853027,13.520000457763672,4.895562171936035,3127
2010-02-11,13.4399995803833,13.520000457763672,13.4399995803833,13.489999771118164,4.88469934463501,5510
2010-02-12,13.65999984741211,13.880000114440918,13.5,13.75,4.97884464263916,12423
2010-02-16,14.279999732971191,14.649999618530273,14.279999732971191,14.390999794006348,5.210947513580322,25966
2010-02-17,14.890000343322754,15.239899635314941,14.770099639892578,14.90999984741211,5.398877143859863,88331
2010-02-18,15.600000381469727,15.640000343322754,15.40999984741211,15.48960018157959,5.608748912811279,66485
2010-02-19,15.510000228881836,15.689900398254395,15.279999732971191,15.663999557495117,5.671898365020752,24547
2010-02-22,15.829999923706055,16.09000015258789,15.710000038146973,15.760000228881836,5.706661224365234,88480
2010-02-23,15.930000305175781,15.930000305175781,15.539999961853027,15.619999885559082,5.65596866607666,23575
2010-02-24,15.550000190734863,15.6899995803833,15.520000457763672,15.6899995803833,5.681312561035156,25295
2010-02-25,15.479999542236328,15.5,15.25,15.460000038146973,5.598031520843506,23331
2010-02-26,15.460000038146973,15.604599952697754,15.420000076293945,15.420000076293945,5.583547115325928,19462
2010-03-01,15.199999809265137,15.559900283813477,15.130000114440918,15.220000267028809,5.511127948760986,63099
2010-03-02,15.4399995803833,15.4399995803833,15.220000267028809,15.390000343322754,5.5726847648620605,24947
2010-03-03,15.359999656677246,15.489999771118164,15.350000381469727,15.489999771118164,5.608893871307373,27043
2010-03-04,15.4399995803833,15.4399995803833,15.279999732971191,15.399999618530273,5.576304912567139,21501
2010-03-05,15.529999732971191,15.649900436401367,15.430000305175781,15.550000190734863,5.630619525909424,14862
2010-03-08,15.800000190734863,15.800000190734863,15.510000228881836,15.75,5.703039169311523,49823
2010-03-09,15.75,15.960000038146973,15.600000381469727,15.789999961853027,5.717522621154785,54330
2010-03-10,15.920000076293945,16.039400100708008,15.920000076293945,16.0,5.793564796447754,42439
2010-03-11,16.25,16.25,16.0,16.0,5.793564796447754,107907
2010-03-12,16.149999618530273,16.229900360107422,15.9399995803833,16.010000228881836,5.797183990478516,142896
2010-03-15,16.15999984741211,16.55900001525879,16.080299377441406,16.309999465942383,5.9058146476745605,109407
2010-03-16,16.520000457763672,16.610000610351562,15.5,16.200000762939453,5.865983486175537,191121
2010-03-17,16.3799991607666,16.579999923706055,16.25,16.5,5.974613189697266,75730
2010-03-18,16.5,16.989999771118164,16.5,16.889999389648438,6.115830421447754,129238
2010-03-19,14.819999694824219,15.4399995803833,14.779999732971191,15.260000228881836,6.0641703605651855,166578
2010-03-22,14.75,14.75,13.779999732971191,14.40999984741211,5.726388931274414,114363
2010-03-23,14.380000114440918,14.854999542236328,14.380000114440918,14.8100004196167,5.885345935821533,42762
2010-03-24,14.770000457763672,14.904999732971191,14.290300369262695,14.869999885559082,5.909188270568848,55324
2010-03-25,14.989999771118164,15.020000457763672,14.789999961853027,14.930000305175781,5.93303108215332,37641
2010-03-26,15.069999694824219,15.289999961853027,14.949999809265137,15.25,6.0601959228515625,53085
2010-03-29,16.0,16.25,15.899999618530273,16.0,6.358240127563477,114122
2010-03-30,16.200000762939453,16.200000762939453,16.0,16.049999237060547,6.378108501434326,49948
2010-03-31,16.0,16.0,15.760000228881836,15.920000076293945,6.326448440551758,28952
2010-04-01,15.75,15.850000381469727,15.539999961853027,15.710000038146973,6.242997646331787,29509
2010-04-05,15.710000038146973,15.899999618530273,15.704999923706055,15.899999618530273,6.318500518798828,35962
2010-04-06,16.110000610351562,16.25,16.030000686645508,16.190000534057617,6.433742523193359,137802
2010-04-07,16.030000686645508,16.229999542236328,16.0,16.049999237060547,6.378108501434326,24409
2010-04-08,15.979999542236328,16.0,15.600000381469727,15.779999732971191,6.27081298828125,27612
2010-04-09,15.75,15.8100004196167,15.510000228881836,15.720000267028809,6.246970176696777,22247
2010-04-12,15.920000076293945,15.959199905395508,15.649999618530273,15.800000190734863,6.278761863708496,56566
2010-04-13,15.680000305175781,15.86989974975586,15.5600004196167,15.75,6.258890628814697,29343
2010-04-14,16.0,16.100000381469727,15.600000381469727,16.059999465942383,6.382081508636475,34116
2010-04-15,15.720000267028809,15.90999984741211,15.699999809265137,15.890000343322754,6.314525604248047,19222
2010-04-16,15.720000267028809,15.720000267028809,15.5,15.510000228881836,6.163516521453857,20092
2010-04-19,15.529999732971191,15.539999961853027,15.170000076293945,15.300000190734863,6.0800652503967285,24588
2010-04-20,15.3100004196167,15.40999984741211,15.3100004196167,15.40999984741211,6.123779773712158,9277
2010-04-21,15.449999809265137,15.449999809265137,15.149999618530273,15.399999618530273,6.1198039054870605,20332
2010-04-22,15.100000381469727,15.210000038146973,15.010000228881836,15.210000038146973,6.044300556182861,17487
2010-04-23,15.170000076293945,15.509099960327148,15.15999984741211,15.350000381469727,6.099935054779053,24604
2010-04-26,15.550000190734863,15.75,15.550000190734863,15.699999809265137,6.239022731781006,17923
2010-04-27,15.5,15.760000228881836,15.229999542236328,15.260000228881836,6.0641703605651855,16881
2010-04-28,15.229999542236328,15.270000457763672,14.739999771118164,15.039999961853027,5.976742267608643,28439
2010-04-29,15.0600004196167,15.199899673461914,15.029999732971191,15.199899673461914,6.04028844833374,17317
2010-04-30,15.1899995803833,15.199999809265137,14.899999618530273,14.90999984741211,5.925083637237549,17447
2010-05-03,15.220000267028809,15.469900131225586,15.150099754333496,15.220000267028809,6.048275470733643,21614
2010-05-04,15.079999923706055,15.079999923706055,14.75,15.0,5.960850238800049,14323
2010-05-05,14.699999809265137,14.739999771118164,14.229999542236328,14.670000076293945,5.829710006713867,61468
2010-05-06,14.619999885559082,14.680000305175781,13.350000381469727,13.979999542236328,5.5555100440979,56595
2010-05-07,14.109999656677246,14.109999656677246,13.359999656677246,13.720000267028809,5.452190399169922,57420
2010-05-10,14.699999809265137,15.109999656677246,14.529999732971191,15.109999656677246,6.004561424255371,43889
2010-05-11,14.729999542236328,14.979999542236328,14.449999809265137,14.869999885559082,5.909188270568848,23362
2010-05-12,14.819999694824219,15.119999885559082,14.555000305175781,15.020000457763672,5.968796730041504,21791
2010-05-13,14.8100004196167,14.989999771118164,14.5,14.789999961853027,5.8773980140686035,18645
2010-05-14,14.729999542236328,14.930000305175781,14.5,14.84000015258789,5.897266864776611,47019
2010-05-17,14.420000076293945,14.779999732971191,14.15999984741211,14.489999771118164,5.758181095123291,29783
2010-05-18,14.539999961853027,14.539999961853027,14.020000457763672,14.039999961853027,5.579354286193848,17506
2010-05-19,13.930000305175781,13.930000305175781,13.699999809265137,13.819999694824219,5.4919281005859375,25401
2010-05-20,13.449999809265137,13.510000228881836,13.0,13.270099639892578,5.273404121398926,50253
2010-05-21,12.859999656677246,13.5,12.850000381469727,13.489999771118164,5.360790729522705,47570
2010-05-24,13.420000076293945,13.449899673461914,13.0600004196167,13.25,5.265417098999023,24160
2010-05-25,12.699999809265137,13.260000228881836,12.510000228881836,13.25,5.265417098999023,57565
2010-05-26,13.59000015258789,13.869999885559082,13.34000015258789,13.369999885559082,5.313103199005127,79522
2010-05-27,13.9399995803833,14.270000457763672,13.680000305175781,14.100000381469727,5.6031975746154785,36804
2010-05-28,14.149999618530273,14.149999618530273,13.8100004196167,14.020000457763672,5.57140588760376,23478
2010-06-01,14.609999656677246,14.960000038146973,14.479999542236328,14.619999885559082,5.809839248657227,41612
2010-06-02,15.149999618530273,15.350000381469727,14.940099716186523,15.350000381469727,6.099935054779053,51936
2010-06-03,15.220000267028809,15.429900169372559,15.0,15.09000015258789,5.996613502502441,38899
2010-06-04,14.920000076293945,15.039999961853027,14.75,14.930000305175781,5.93303108215332,16535
2010-06-07,14.96500015258789,14.96500015258789,14.5,14.569999694824219,5.789970397949219,33062
2010-06-08,14.5,14.649999618530273,14.100000381469727,14.390000343322754,5.718441486358643,35308
2010-06-09,14.260000228881836,14.5,14.210000038146973,14.420000076293945,5.730363845825195,22033
2010-06-10,14.619999885559082,14.65999984741211,14.350000381469727,14.579999923706055,5.7939453125,15500
2010-06-11,14.520000457763672,14.989999771118164,14.520000457763672,14.780099868774414,5.873463153839111,15607
2010-06-14,15.210000038146973,15.779999732971191,15.0,15.119999885559082,6.008534908294678,21478
2010-06-15,15.180000305175781,15.699999809265137,15.180000305175781,15.699999809265137,6.239022731781006,15818
2010-06-16,15.970000267028809,15.970000267028809,15.739999771118164,15.849900245666504,6.298589706420898,33458
2010-06-17,15.920000076293945,15.949999809265137,15.710000038146973,15.779999732971191,6.27081298828125,19160
2010-06-18,15.789999961853027,15.949999809265137,15.729999542236328,15.860099792480469,6.302644729614258,14487
2010-06-21,15.979999542236328,15.979999542236328,15.5,15.59000015258789,6.19530725479126,20643
2010-06-22,16.200000762939453,16.25,16.0,16.040000915527344,6.374135494232178,85638
2010-06-23,16.06999969482422,16.06999969482422,15.850000381469727,15.859999656677246,6.302603244781494,36860
2010-06-24,15.899999618530273,16.010000228881836,15.800000190734863,15.819999694824219,6.286707401275635,18554
2010-06-25,15.819999694824219,16.020000457763672,15.75,15.920000076293945,6.326448440551758,12508
2010-06-28,15.850000381469727,16.1200008392334,15.8100004196167,16.100000381469727,6.397978782653809,13327
2010-06-29,15.850000381469727,15.9399995803833,15.619999885559082,15.770000457763672,6.266839981079102,39471
2010-06-30,15.770000457763672,15.770000457763672,15.0,15.079999923706055,5.992639064788818,62534
2010-07-01,15.239999771118164,15.260000228881836,14.40999984741211,14.699999809265137,5.841631889343262,31781
2010-07-02,14.699999809265137,14.84000015258789,14.649999618530273,14.829999923706055,5.8932929039001465,8343
2010-07-06,15.239999771118164,15.40999984741211,14.979999542236328,14.979999542236328,5.952899932861328,12934
2010-07-07,14.899999618530273,15.069999694824219,14.770000457763672,15.050000190734863,5.98071813583374,8830
2010-07-08,14.90999984741211,15.002400398254395,14.789999961853027,14.869999885559082,5.909188270568848,4206
2010-07-09,14.739999771118164,15.020000457763672,14.739999771118164,15.020000457763672,5.968796730041504,10211
2010-07-12,15.0,15.050000190734863,14.890000343322754,14.899999618530273,5.921108722686768,4479
2010-07-13,15.050000190734863,15.300000190734863,15.00100040435791,15.229999542236328,6.052249908447266,10534
2010-07-14,15.319999694824219,15.399999618530273,15.1899995803833,15.220000267028809,6.048275470733643,8370
2010-07-15,15.020000457763672,15.1899995803833,15.020000457763672,15.1899995803833,6.036354064941406,5112
2010-07-16,14.930000305175781,15.010000228881836,14.861000061035156,14.90999984741211,5.925083637237549,5415
2010-07-19,13.9399995803833,14.09000015258789,13.75,14.09000015258789,5.59922456741333,26418
2010-07-20,14.0,14.09000015258789,13.859999656677246,13.970000267028809,5.551538944244385,13774
2010-07-21,14.050000190734863,14.050000190734863,13.75,13.789999961853027,5.480006217956543,13754
2010-07-22,13.979999542236328,13.979999542236328,13.699999809265137,13.699999809265137,5.444241046905518,19248
2010-07-23,13.699999809265137,13.869999885559082,13.699999809265137,13.699999809265137,5.444241046905518,11386
2010-07-26,13.699999809265137,13.880000114440918,13.579999923706055,13.869999885559082,5.511797904968262,19542
2010-07-27,13.75,14.020000457763672,13.710000038146973,13.970000267028809,5.551538944244385,22608
2010-07-28,14.039999961853027,14.130000114440918,13.880000114440918,13.970000267028809,5.551538944244385,20393
2010-07-29,14.0,14.229999542236328,13.899999618530273,13.899999618530273,5.523720741271973,13463
2010-07-30,13.960000038146973,14.470000267028809,13.84000015258789,14.4399995803833,5.738309860229492,46704
2010-08-02,14.329999923706055,14.369999885559082,14.010000228881836,14.0600004196167,5.587302207946777,58366
2010-08-03,13.5600004196167,14.013699531555176,13.510000228881836,13.600000381469727,5.4045023918151855,20737
2010-08-04,13.600000381469727,13.78499984741211,13.399999618530273,13.569999694824219,5.392581462860107,39791
2010-08-05,13.649999618530273,13.899999618530273,13.40999984741211,13.6899995803833,5.4402689933776855,18332
2010-08-06,13.600000381469727,13.70989990234375,13.399999618530273,13.65999984741211,5.428346157073975,3857
2010-08-09,13.609999656677246,14.0,13.5,13.649999618530273,5.424371719360352,18563
2010-08-10,13.4399995803833,13.470000267028809,13.180000305175781,13.449999809265137,5.344895839691162,16851
2010-08-11,13.399999618530273,13.399999618530273,13.029999732971191,13.039999961853027,5.181964874267578,67159
2010-08-12,13.100000381469727,13.159899711608887,12.899999618530273,13.0,5.166069507598877,15088
2010-08-13,13.0600004196167,13.149900436401367,12.800000190734863,13.0600004196167,5.189911365509033,6206
2010-08-16,12.989999771118164,13.152999877929688,12.989999771118164,13.069999694824219,5.1938862800598145,9934
2010-08-17,13.5,13.920000076293945,13.5,13.710000038146973,5.448216915130615,10866
2010-08-18,13.760000228881836,13.930000305175781,13.710000038146973,13.84000015258789,5.4998779296875,12939
2010-08-19,13.8100004196167,13.869999885559082,13.46399974822998,13.550000190734863,5.384633541107178,7193
2010-08-20,13.600000381469727,13.670000076293945,13.520099639892578,13.649999618530273,5.424371719360352,4750
2010-08-23,13.300000190734863,13.449999809265137,13.020000457763672,13.020000457763672,5.174017906188965,11979
2010-08-24,13.050000190734863,13.279999732971191,13.050000190734863,13.239999771118164,5.261441707611084,12360
2010-08-25,13.050000190734863,13.350000381469727,13.050000190734863,13.220000267028809,5.253494739532471,10293
2010-08-26,13.260000228881836,13.300000190734863,13.180000305175781,13.1899995803833,5.241573333740234,9271
2010-08-27,13.40999984741211,13.40999984741211,13.069999694824219,13.34000015258789,5.301180839538574,11499
2010-08-30,13.670000076293945,13.75,13.560099601745605,13.630000114440918,5.416424751281738,7617
2010-08-31,13.630000114440918,13.630000114440918,13.41100025177002,13.449999809265137,5.344895839691162,9415
2010-09-01,13.5,13.890000343322754,13.329999923706055,13.510000228881836,5.368739604949951,23526
2010-09-02,13.75,13.770000457763672,13.539999961853027,13.649999618530273,5.424371719360352,8074
2010-09-03,14.050000190734863,14.050000190734863,13.819999694824219,13.880000114440918,5.515772342681885,11916
2010-09-07,14.170000076293945,14.399999618530273,14.049300193786621,14.119999885559082,5.611145973205566,30158
2010-09-08,14.210000038146973,14.394200325012207,14.140000343322754,14.220000267028809,5.650885581970215,9769
2010-09-09,14.25,14.380200386047363,13.994999885559082,14.335000038146973,5.696584701538086,11130
2010-09-10,14.489999771118164,14.489999771118164,14.050000190734863,14.279999732971191,5.674726963043213,14278
2010-09-13,14.329999923706055,14.34000015258789,14.0,14.270000457763672,5.6707539558410645,29999
2010-09-14,13.90999984741211,14.262299537658691,13.850000381469727,14.050000190734863,5.583329200744629,22669
2010-09-15,13.859999656677246,14.140000343322754,13.850000381469727,14.140000343322754,5.619093418121338,9182
2010-09-16,14.260000228881836,14.359999656677246,14.119999885559082,14.300000190734863,5.682675838470459,13949
2010-09-17,14.220000267028809,14.369999885559082,14.119999885559082,14.369999885559082,5.710493564605713,6892
2010-09-20,14.4399995803833,14.800000190734863,14.4399995803833,14.789999961853027,5.8773980140686035,15550
2010-09-21,14.699999809265137,14.809900283813477,14.600000381469727,14.65999984741211,5.825737476348877,5190
2010-09-22,14.8100004196167,14.890000343322754,14.531499862670898,14.649999618530273,5.821763038635254,5189
2010-09-23,14.739999771118164,14.760000228881836,14.529999732971191,14.559900283813477,5.785959243774414,4491
2010-09-24,14.819999694824219,14.850000381469727,14.609999656677246,14.609999656677246,5.805867671966553,17117
2010-09-27,14.390000343322754,14.399999618530273,14.220000267028809,14.289999961853027,5.678700923919678,9789
2010-09-28,14.289999961853027,14.359999656677246,14.220000267028809,14.34000015258789,5.698570251464844,15974
2010-09-29,14.180000305175781,14.449999809265137,14.180000305175781,14.390000343322754,5.718441486358643,11959
2010-09-30,14.390000343322754,14.670000076293945,14.359999656677246,14.399999618530273,5.722414493560791,12792
2010-10-01,14.449999809265137,14.449999809265137,14.3100004196167,14.390000343322754,5.718441486358643,9214
2010-10-04,14.510000228881836,14.510000228881836,14.329999923706055,14.489999771118164,5.758181095123291,7903
2010-10-05,14.630000114440918,14.859999656677246,14.609999656677246,14.649999618530273,5.821763038635254,36532
2010-10-06,14.800000190734863,14.949999809265137,14.609999656677246,14.819999694824219,5.889317989349365,12611
2010-10-07,14.8100004196167,14.8100004196167,14.59000015258789,14.670000076293945,5.829710006713867,14203
2010-10-08,14.729999542236328,14.729999542236328,14.5,14.569999694824219,5.789970397949219,4082
2010-10-11,15.0600004196167,15.149999618530273,14.899999618530273,15.0600004196167,5.984691143035889,7178
2010-10-12,14.850000381469727,14.899999618530273,14.670000076293945,14.75,5.861502170562744,28075
2010-10-13,15.029999732971191,15.050000190734863,14.6899995803833,15.050000190734863,5.98071813583374,13217
2010-10-14,15.050000190734863,15.239999771118164,14.920000076293945,15.220000267028809,6.048275470733643,11904
2010-10-15,15.59000015258789,15.59000015258789,15.25,15.460000038146973,6.143648624420166,17947
2010-10-18,15.010000228881836,15.399999618530273,15.010000228881836,15.399999618530273,6.1198039054870605,15013
2010-10-19,15.300000190734863,15.300000190734863,14.960000038146973,15.100000381469727,6.000586986541748,31013
2010-10-20,15.100000381469727,15.319999694824219,15.100000381469727,15.25,6.0601959228515625,6475
2010-10-21,15.25,15.329999923706055,15.25,15.319999694824219,6.088015079498291,8815
2010-10-22,15.350000381469727,15.380000114440918,15.260000228881836,15.260000228881836,6.0641703605651855,9381
2010-10-25,15.529999732971191,15.859999656677246,15.510000228881836,15.510000228881836,6.163516521453857,9014
2010-10-26,15.359999656677246,15.499899864196777,15.199999809265137,15.20009994506836,6.040365695953369,7058
2010-10-27,15.199999809265137,15.199999809265137,15.0,15.010000228881836,5.964822292327881,9560
2010-10-28,15.100000381469727,15.625,15.100000381469727,15.479999542236328,6.151596546173096,19143
2010-10-29,15.479999542236328,15.654999732971191,15.3100004196167,15.550000190734863,6.179413318634033,17745
2010-11-01,15.649999618530273,15.861000061035156,15.520000457763672,15.550000190734863,6.179413318634033,16036
2010-11-02,15.720000267028809,15.800000190734863,15.619999885559082,15.65999984741211,6.2231268882751465,5274
2010-11-03,15.899999618530273,15.989999771118164,15.800000190734863,15.819999694824219,6.286707401275635,15351
2010-11-04,16.350000381469727,16.350000381469727,16.010000228881836,16.06999969482422,6.386054992675781,17993
2010-11-05,16.149999618530273,16.149999618530273,15.800000190734863,16.06999969482422,6.386054992675781,11963
2010-11-08,16.06999969482422,16.1299991607666,15.90999984741211,16.1200008392334,6.405927658081055,5908
2010-11-09,16.190000534057617,16.190000534057617,15.90999984741211,16.0,6.358240127563477,5104
2010-11-10,16.010000228881836,16.25,15.600000381469727,16.09000015258789,6.394002914428711,30300
2010-11-11,15.550000190734863,15.819999694824219,15.510000228881836,15.539999961853027,6.175440788269043,11736
2010-11-12,15.5,15.699999809265137,15.300000190734863,15.380000114440918,6.1118574142456055,17775
2010-11-15,15.25,15.468999862670898,15.25,15.380000114440918,6.1118574142456055,10199
2010-11-16,15.010000228881836,15.260000228881836,15.010000228881836,15.15999984741211,6.0244317054748535,31891
2010-11-17,15.199999809265137,15.34000015258789,15.199999809265137,15.329899787902832,6.091948509216309,14813
2010-11-18,15.850000381469727,16.038999557495117,15.8100004196167,15.819999694824219,6.286707401275635,10274
2010-11-19,15.8100004196167,15.954000473022461,15.75,15.789999961853027,6.274785995483398,23705
2010-11-22,15.539999961853027,15.90999984741211,15.130000114440918,15.699999809265137,6.239022731781006,36383
2010-11-23,15.050000190734863,15.179900169372559,14.899999618530273,15.149999618530273,6.020458221435547,36165
2010-11-24,15.210000038146973,15.710000038146973,15.210000038146973,15.550000190734863,6.179413318634033,12263
2010-11-26,15.539999961853027,15.630000114440918,15.5,15.600000381469727,6.199282169342041,2649
2010-11-29,15.15999984741211,15.40999984741211,15.050000190734863,15.199999809265137,6.0403265953063965,60517
2010-11-30,15.180000305175781,15.550000190734863,15.100000381469727,15.390000343322754,6.115830898284912,63949
2010-12-01,15.890000343322754,15.890000343322754,15.520000457763672,15.770000457763672,6.266839981079102,28372
2010-12-02,16.0,16.350000381469727,15.90999984741211,16.229999542236328,6.4496378898620605,20112
2010-12-03,16.059999465942383,16.34000015258789,16.030000686645508,16.06999969482422,6.386054992675781,10257
2010-12-06,16.270000457763672,16.389999389648438,16.010000228881836,16.25,6.45758581161499,23252
2010-12-07,16.440000534057617,16.5,16.140100479125977,16.170000076293945,6.42579460144043,9619
2010-12-08,16.170000076293945,16.229999542236328,15.960000038146973,16.1299991607666,6.409898281097412,13625
2010-12-09,16.2450008392334,16.40999984741211,16.03700065612793,16.209999084472656,6.441689968109131,15225
2010-12-10,16.3799991607666,16.6299991607666,16.239999771118164,16.520000457763672,6.564881801605225,22483
2010-12-13,17.389999389648438,17.469999313354492,16.989999771118164,17.030000686645508,6.767550945281982,23024
2010-12-14,17.010000228881836,17.549999237060547,16.809999465942383,17.440000534057617,6.930481910705566,25096
2010-12-15,17.510000228881836,17.674999237060547,17.350000381469727,17.350000381469727,6.894715785980225,25100
2010-12-16,17.040000915527344,17.289899826049805,16.93000030517578,17.16010093688965,6.819252014160156,15706
2010-12-17,17.239999771118164,17.440000534057617,17.239999771118164,17.34000015258789,6.890742301940918,24952
2010-12-20,17.399999618530273,17.399999618530273,17.1299991607666,17.25,6.854977130889893,26214
2010-12-21,17.399999618530273,17.600000381469727,17.350000381469727,17.5,6.954323768615723,12947
2010-12-22,17.360000610351562,17.5,17.260000228881836,17.260000228881836,6.858951091766357,20266
2010-12-23,17.100000381469727,17.149999618530273,16.96500015258789,17.040000915527344,6.771523475646973,10464
2010-12-27,17.059999465942383,17.290000915527344,16.799999237060547,17.260000228881836,6.858951091766357,6501
2010-12-28,17.5,17.799999237060547,17.290000915527344,17.530000686645508,6.966247081756592,21069
2010-12-29,17.5,17.559999465942383,17.29640007019043,17.388999938964844,6.910212993621826,8176
2010-12-30,17.360000610351562,17.600000381469727,17.360000610351562,17.3799991607666,6.906636714935303,7796
2010-12-31,17.479999542236328,17.540000915527344,17.31999969482422,17.489900588989258,6.950309753417969,5551
2011-01-03,17.610000610351562,18.020000457763672,17.610000610351562,17.799999237060547,7.073540210723877,17162
2011-01-04,18.030000686645508,18.138999938964844,17.920000076293945,17.920000076293945,7.1212263107299805,36885
2011-01-05,18.09000015258789,18.200000762939453,18.020099639892578,18.110000610351562,7.196732997894287,22624
2011-01-06,18.200000762939453,18.200000762939453,17.950000762939453,17.9783992767334,7.144433975219727,7927
2011-01-07,18.1200008392334,18.1200008392334,17.760000228881836,17.8700008392334,7.101358890533447,11699
2011-01-10,17.770000457763672,17.878000259399414,17.559999465942383,17.739999771118164,7.049698352813721,9133
2011-01-11,17.8700008392334,18.0,17.75,17.93600082397461,7.127585411071777,7778
2011-01-12,18.010000228881836,18.020000457763672,17.93899917602539,17.969999313354492,7.14109468460083,17289
2011-01-13,18.030000686645508,18.200000762939453,17.8799991607666,18.18000030517578,7.224547863006592,14097
2011-01-14,18.209999084472656,18.350000381469727,18.0,18.075000762939453,7.182822227478027,32103
2011-01-18,18.209999084472656,18.510000228881836,18.1299991607666,18.299999237060547,7.272236347198486,25446
2011-01-19,18.579999923706055,18.579999923706055,18.149999618530273,18.174999237060547,7.222563743591309,30652
2011-01-20,18.1299991607666,18.1299991607666,17.75,17.770000457763672,7.061619758605957,15721
2011-01-21,17.75,17.8799991607666,17.709999084472656,17.719999313354492,7.041749000549316,13697
2011-01-24,17.719999313354492,17.739999771118164,17.3799991607666,17.6299991607666,7.005984306335449,18469
2011-01-25,17.489999771118164,17.530000686645508,17.0,17.110000610351562,6.799341678619385,23355
2011-01-26,17.200000762939453,17.200000762939453,16.809999465942383,16.899999618530273,6.715888500213623,34924
2011-01-27,16.84000015258789,17.15999984741211,16.65999984741211,17.010000228881836,6.759603023529053,43085
2011-01-28,16.950000762939453,16.950000762939453,16.200000762939453,16.399200439453125,6.516877174377441,23469
2011-01-31,15.699999809265137,15.699999809265137,15.0600004196167,15.5600004196167,6.18338680267334,54614
2011-02-01,15.5,15.800000190734863,15.420000076293945,15.680000305175781,6.231074333190918,32452
2011-02-02,15.729999542236328,15.850000381469727,15.479999542236328,15.779999732971191,6.27081298828125,12679
2011-02-03,15.649999618530273,15.899999618530273,15.59000015258789,15.770000457763672,6.266839981079102,15714
2011-02-04,15.859999656677246,15.859999656677246,15.600000381469727,15.600000381469727,6.199282169342041,19604
2011-02-07,15.779999732971191,16.290300369262695,15.779999732971191,16.079999923706055,6.3900299072265625,30654
2011-02-08,16.389999389648438,16.540000915527344,16.25,16.5,6.5569353103637695,32898
2011-02-09,16.43000030517578,16.43000030517578,16.040000915527344,16.22010040283203,6.44570255279541,27082
2011-02-10,15.710000038146973,16.15999984741211,15.649999618530273,16.1200008392334,6.405927658081055,17977
2011-02-11,16.06999969482422,16.280000686645508,16.010000228881836,16.110000610351562,6.401952266693115,35851
2011-02-14,16.100000381469727,16.489999771118164,16.100000381469727,16.18000030517578,6.4297685623168945,35064
2011-02-15,16.239999771118164,16.479999542236328,16.049999237060547,16.299999237060547,6.477456092834473,21911
2011-02-16,17.020000457763672,17.020000457763672,16.549999237060547,16.649999618530273,6.616540908813477,27845
2011-02-17,16.790000915527344,16.790000915527344,16.479999542236328,16.559999465942383,6.580779552459717,15225
2011-02-18,16.5,16.6200008392334,16.36009979248047,16.395000457763672,6.515207290649414,26571
2011-02-22,15.899999618530273,15.970000267028809,15.75,15.770000457763672,6.266839981079102,40554
2011-02-23,15.770000457763672,15.829999923706055,15.65999984741211,15.6899995803833,6.235047340393066,11222
2011-02-24,15.619999885559082,15.8100004196167,15.5600004196167,15.600000381469727,6.199282169342041,6005
2011-02-25,15.720000267028809,16.010000228881836,15.720000267028809,15.850000381469727,6.29863166809082,19080
2011-02-28,15.850000381469727,15.979999542236328,15.569999694824219,15.949999809265137,6.338369369506836,19588
2011-03-01,15.989999771118164,16.0,15.8100004196167,15.9399995803833,6.334394931793213,39044
2011-03-02,15.970000267028809,16.229999542236328,15.949999809265137,16.15999984741211,6.421821594238281,29961
2011-03-03,16.479999542236328,16.579999923706055,16.290000915527344,16.3799991607666,6.509244918823242,29319
2011-03-04,16.469999313354492,16.579999923706055,16.21500015258789,16.5,6.5569353103637695,11313
2011-03-07,16.6299991607666,16.64550018310547,16.530000686645508,16.540000915527344,6.57282829284668,8262
2011-03-08,16.639999389648438,16.829999923706055,16.56999969482422,16.75,6.656280040740967,9605
2011-03-09,16.75,16.958799362182617,16.700000762939453,16.700000762939453,6.636411666870117,35548
2011-03-10,16.700000762939453,16.719999313354492,16.360000610351562,16.399999618530273,6.517194747924805,33831
2011-03-11,15.829999923706055,16.222000122070312,15.800000190734863,16.149999618530273,6.417847633361816,25940
2011-03-14,16.010000228881836,16.1299991607666,15.90999984741211,16.059999465942383,6.382081508636475,18616
2011-03-15,15.430000305175781,15.720000267028809,15.260000228881836,15.390000343322754,6.115830898284912,58668
2011-03-16,15.539999961853027,15.9399995803833,15.420000076293945,15.510000228881836,6.163516521453857,26153
2011-03-17,15.850000381469727,16.43000030517578,15.84000015258789,16.110000610351562,6.401952266693115,46675
2011-03-18,16.450000762939453,16.5,15.5600004196167,16.399999618530273,6.517194747924805,68813
2011-03-21,15.199999809265137,15.59000015258789,15.199999809265137,15.40999984741211,6.521426200866699,71508
2011-03-22,15.520000457763672,15.608699798583984,15.350000381469727,15.40999984741211,6.521426200866699,21185
2011-03-23,15.399999618530273,15.5,15.300000190734863,15.319999694824219,6.483340740203857,7029
2011-03-24,15.319999694824219,15.319999694824219,14.640999794006348,14.835000038146973,6.278090000152588,46005
2011-03-25,14.829999923706055,15.100000381469727,14.73009967803955,14.869999885559082,6.292901515960693,17440
2011-03-28,15.0600004196167,15.390000343322754,14.940999984741211,15.130000114440918,6.402932167053223,28734
2011-03-29,15.050000190734863,15.229999542236328,14.869999885559082,14.900099754333496,6.30564022064209,41822
2011-03-30,15.199999809265137,15.210000038146973,14.859999656677246,15.050000190734863,6.369077205657959,15599
2011-03-31,15.119999885559082,15.199999809265137,14.949999809265137,15.0,6.3479180335998535,13949
2011-04-01,15.069999694824219,15.069999694824219,14.890000343322754,14.90999984741211,6.309830665588379,6435
2011-04-04,15.390000343322754,15.390000343322754,14.920000076293945,15.1899995803833,6.4283246994018555,23715
2011-04-05,15.100000381469727,15.390000343322754,15.0,15.390000343322754,6.512964248657227,6220
2011-04-06,15.210000038146973,15.210000038146973,14.970000267028809,15.100000381469727,6.390235900878906,10059
2011-04-07,15.109999656677246,15.279999732971191,15.109999656677246,15.270000457763672,6.462179660797119,13145
2011-04-08,15.229999542236328,15.289999961853027,15.199999809265137,15.229999542236328,6.445252418518066,13279
2011-04-11,15.220000267028809,15.300000190734863,15.123800277709961,15.300000190734863,6.474875450134277,10424
2011-04-12,14.970000267028809,15.199999809265137,14.85099983215332,15.110099792480469,6.3945112228393555,32139
2011-04-13,15.109999656677246,15.229999542236328,15.09000015258789,15.149999618530273,6.411396026611328,9100
2011-04-14,15.100000381469727,15.539999961853027,15.100000381469727,15.539999961853027,6.576442241668701,14690
2011-04-15,15.5,15.5600004196167,15.359999656677246,15.5600004196167,6.584906101226807,24310
2011-04-18,15.210000038146973,15.581600189208984,15.210000038146973,15.5,6.559515953063965,49250
2011-04-19,15.5,15.649999618530273,15.472900390625,15.5,6.559515953063965,27085
2011-04-20,15.609999656677246,15.800000190734863,15.539999961853027,15.800000190734863,6.686471939086914,23217
2011-04-21,15.800000190734863,15.800000190734863,15.640000343322754,15.6899995803833,6.639919757843018,3457
2011-04-25,15.789999961853027,15.789999961853027,15.539999961853027,15.739999771118164,6.661081790924072,13654
2011-04-26,15.739999771118164,15.970000267028809,15.710100173950195,15.949999809265137,6.749952793121338,15896
2011-04-27,15.949999809265137,15.949999809265137,15.5600004196167,15.819999694824219,6.6949357986450195,8247
2011-04-28,15.720000267028809,16.219999313354492,15.720000267028809,16.219999313354492,6.864214897155762,46713
2011-04-29,16.100000381469727,16.31100082397461,16.09000015258789,16.260000228881836,6.881142616271973,16932
2011-05-02,16.34000015258789,16.3700008392334,16.149999618530273,16.270000457763672,6.885374546051025,63525
2011-05-03,16.290000915527344,16.290000915527344,16.0,16.1200008392334,6.821895599365234,33774
2011-05-04,15.960000038146973,15.970000267028809,15.199999809265137,15.613800048828125,6.607673645019531,16193
2011-05-05,15.279999732971191,15.720000267028809,15.220000267028809,15.640000343322754,6.618762493133545,25276
2011-05-06,15.630000114440918,15.630000114440918,15.161999702453613,15.390000343322754,6.512964248657227,24617
2011-05-09,15.399999618530273,15.539999961853027,15.399999618530273,15.460000038146973,6.542585372924805,16117
2011-05-10,15.40999984741211,15.520000457763672,15.40999984741211,15.449999809265137,6.538356781005859,4092
2011-05-11,15.300000190734863,15.300000190734863,15.030099868774414,15.170000076293945,6.419859886169434,11163
2011-05-12,14.989999771118164,15.289999961853027,14.949999809265137,15.199999809265137,6.43255615234375,5379
2011-05-13,15.170000076293945,15.369999885559082,15.149999618530273,15.300100326538086,6.474918842315674,23596
2011-05-16,15.0,15.1899995803833,15.0,15.010000228881836,6.352148532867432,22419
2011-05-17,15.0,15.129899978637695,14.800000190734863,14.800000190734863,6.263277530670166,21660
2011-05-18,14.770000457763672,15.279999732971191,14.770000457763672,15.25,6.4537153244018555,49093
2011-05-19,15.289999961853027,15.479999542236328,15.149999618530273,15.479999542236328,6.551050662994385,35999
2011-05-20,15.289999961853027,15.289999961853027,15.100000381469727,15.206000328063965,6.435094833374023,16790
2011-05-23,15.010000228881836,15.3100004196167,15.010000228881836,15.3100004196167,6.479107856750488,17043
2011-05-24,15.390000343322754,15.40999984741211,15.13010025024414,15.34000015258789,6.491803169250488,13223
2011-05-25,14.949999809265137,15.329999923706055,14.949999809265137,15.220000267028809,6.441019535064697,21322
2011-05-26,15.050000190734863,15.229999542236328,15.010000228881836,15.199999809265137,6.43255615234375,16945
2011-05-27,15.199999809265137,15.359999656677246,15.199999809265137,15.329999923706055,6.4875688552856445,17618
2011-05-31,15.119999885559082,15.170000076293945,14.789999961853027,15.0600004196167,6.373309135437012,33551
2011-06-01,15.010000228881836,15.350000381469727,15.010000228881836,15.140000343322754,6.407164573669434,43189
2011-06-02,15.15999984741211,15.329999923706055,15.029999732971191,15.279999732971191,6.466409683227539,10382
2011-06-03,15.180000305175781,15.199999809265137,15.029999732971191,15.149999618530273,6.411396026611328,9845
2011-06-06,15.329999923706055,15.329999923706055,15.020099639892578,15.149999618530273,6.411396026611328,16039
2011-06-07,15.149999618530273,15.4399995803833,15.020000457763672,15.15999984741211,6.415629863739014,10935
2011-06-08,15.170000076293945,15.220000267028809,14.899999618530273,15.069999694824219,6.377542972564697,22627
2011-06-09,14.960000038146973,15.170000076293945,14.960000038146973,15.170000076293945,6.419859886169434,11382
2011-06-10,15.050000190734863,15.25,14.869999885559082,14.920000076293945,6.314062118530273,20990
2011-06-13,14.75,14.800000190734863,14.300000190734863,14.300000190734863,6.051681041717529,37405
2011-06-14,14.34000015258789,14.923999786376953,14.34000015258789,14.670000076293945,6.208262920379639,10286
2011-06-15,14.600000381469727,15.050000190734863,14.359999656677246,14.6899995803833,6.216726303100586,27734
2011-06-16,14.449999809265137,14.510000228881836,14.319999694824219,14.359999656677246,6.077072620391846,17199
2011-06-17,14.359999656677246,14.729999542236328,14.359999656677246,14.399999618530273,6.094000816345215,11969
2011-06-20,14.130000114440918,14.27299976348877,14.020000457763672,14.199999809265137,6.00936222076416,23071
2011-06-21,13.880000114440918,13.994999885559082,13.770000457763672,13.920000076293945,5.890867710113525,23857
2011-06-22,13.710000038146973,13.970000267028809,13.710000038146973,13.770000457763672,5.82738733291626,22381
2011-06-23,13.4399995803833,13.800000190734863,13.260000228881836,13.800000190734863,5.840083599090576,20674
2011-06-24,13.649999618530273,14.0,13.649999618530273,13.819999694824219,5.848546981811523,61531
2011-06-27,13.899999618530273,14.260000228881836,13.899999618530273,14.0600004196167,5.9501142501831055,4779
2011-06-28,14.109999656677246,14.239999771118164,14.0600004196167,14.18970012664795,6.005002975463867,4602
2011-06-29,14.300000190734863,14.300000190734863,14.149999618530273,14.21500015258789,6.015709400177002,4331
2011-06-30,14.220000267028809,14.289999961853027,13.510000228881836,14.09000015258789,5.962810039520264,39330
2011-07-01,14.229999542236328,14.350000381469727,14.020000457763672,14.263999938964844,6.0364460945129395,8556
2011-07-05,14.170000076293945,14.350000381469727,14.039999961853027,14.350000381469727,6.072840213775635,9278
2011-07-06,14.369999885559082,14.369999885559082,14.170000076293945,14.270000457763672,6.038984775543213,10810
2011-07-07,14.510000228881836,14.859999656677246,14.4399995803833,14.819999694824219,6.27174186706543,12242
2011-07-08,14.699999809265137,14.782999992370605,14.520000457763672,14.720000267028809,6.229422569274902,14463
2011-07-11,14.210000038146973,14.420000076293945,14.199999809265137,14.199999809265137,6.00936222076416,11945
2011-07-12,14.25,14.25,14.0600004196167,14.162199974060059,5.993364334106445,5269
2011-07-13,14.199999809265137,14.210000038146973,13.970000267028809,13.970000267028809,5.912027835845947,21124
2011-07-14,14.010000228881836,14.231200218200684,13.989999771118164,13.989999771118164,5.920490741729736,7718
2011-07-15,14.100000381469727,14.399999618530273,14.0,14.130000114440918,5.979739665985107,30094
2011-07-18,14.15999984741211,14.15999984741211,13.960000038146973,14.149999618530273,5.98820161819458,25343
2011-07-19,14.170000076293945,14.371999740600586,14.170000076293945,14.279999732971191,6.043216228485107,5447
2011-07-20,14.239999771118164,14.355500221252441,14.199999809265137,14.199999809265137,6.00936222076416,4949
2011-07-21,14.130000114440918,14.319999694824219,14.128000259399414,14.149999618530273,5.98820161819458,16603
2011-07-22,14.100000381469727,14.420000076293945,14.100000381469727,14.380000114440918,6.085536956787109,8332
2011-07-25,14.100000381469727,14.279999732971191,14.100000381469727,14.15999984741211,5.992432117462158,9971
2011-07-26,14.100000381469727,14.149999618530273,14.050000190734863,14.109999656677246,5.971274375915527,12472
2011-07-27,14.010000228881836,14.010000228881836,13.890999794006348,13.960000038146973,5.90779447555542,28035
2011-07-28,13.880000114440918,13.9891996383667,13.560999870300293,13.619999885559082,5.763908863067627,15665
2011-07-29,13.579999923706055,13.739999771118164,13.5,13.59000015258789,5.7512125968933105,14656
2011-08-01,13.729999542236328,13.819999694824219,13.550000190734863,13.609999656677246,5.759676456451416,10934
2011-08-02,13.489999771118164,13.680000305175781,13.369999885559082,13.420000076293945,5.6792707443237305,43617
2011-08-03,13.350000381469727,13.600000381469727,13.319999694824219,13.460000038146973,5.696197509765625,17040
2011-08-04,13.40999984741211,13.600000381469727,13.25,13.270000457763672,5.615789890289307,40359
2011-08-05,13.170000076293945,13.210000038146973,12.851799964904785,13.009900093078613,5.50571870803833,62629
2011-08-08,12.520000457763672,12.75,12.369999885559082,12.550000190734863,5.311091423034668,122656
2011-08-09,12.5600004196167,13.0,12.5600004196167,12.979999542236328,5.493064880371094,56429
2011-08-10,12.4399995803833,12.5,12.210000038146973,12.369999885559082,5.234915733337402,26054
2011-08-11,12.289999961853027,12.918000221252441,12.279999732971191,12.680000305175781,5.366105556488037,31120
2011-08-12,12.510000228881836,12.550000190734863,12.170000076293945,12.34000015258789,5.222219467163086,22694
2011-08-15,12.359999656677246,12.539999961853027,12.279999732971191,12.489999771118164,5.285698413848877,35721
2011-08-16,12.34000015258789,12.399999618530273,12.100000381469727,12.25,5.184132099151611,35833
2011-08-17,12.199999809265137,12.4399995803833,12.0,12.25,5.184132099151611,37205
2011-08-18,11.880000114440918,12.0600004196167,11.619999885559082,11.84000015258789,5.010622024536133,28030
2011-08-19,11.75,12.140000343322754,11.609999656677246,11.699999809265137,4.951375961303711,33996
2011-08-22,12.09000015258789,12.130000114440918,11.569999694824219,11.970000267028809,5.065638542175293,36325
2011-08-23,12.25,12.380000114440918,12.119999885559082,12.270000457763672,5.192595958709717,9808
2011-08-24,12.239999771118164,12.640000343322754,11.779999732971191,12.350000381469727,5.226451396942139,26498
2011-08-25,12.390000343322754,12.390000343322754,12.0600004196167,12.220000267028809,5.171436786651611,4002
2011-08-26,12.380000114440918,12.399999618530273,11.949999809265137,12.260000228881836,5.188363075256348,6679
2011-08-29,12.300000190734863,12.59000015258789,12.300000190734863,12.520000457763672,5.298394680023193,11773
2011-08-30,12.59000015258789,12.59000015258789,12.331000328063965,12.5,5.289931774139404,4286
2011-08-31,12.5,13.0,12.5,13.0,5.501527309417725,8649
2011-09-01,13.229999542236328,13.51990032196045,13.170000076293945,13.390000343322754,5.666574001312256,19693
2011-09-02,13.350000381469727,13.350000381469727,12.910099983215332,13.0,5.501527309417725,19014
2011-09-06,12.220000267028809,12.510000228881836,12.220000267028809,12.359999656677246,5.230683326721191,21410
2011-09-07,12.600000381469727,13.0,12.600000381469727,12.929699897766113,5.471776962280273,25120
2011-09-08,12.770000457763672,12.909000396728516,12.579999923706055,12.819999694824219,5.425351619720459,10325
2011-09-09,12.5,12.720000267028809,12.289999961853027,12.40999984741211,5.251843452453613,5850
2011-09-12,11.5,12.159000396728516,11.270000457763672,11.699999809265137,4.951375961303711,36453
2011-09-13,11.699999809265137,11.880000114440918,11.390000343322754,11.869999885559082,5.023317337036133,16596
2011-09-14,11.640000343322754,11.99779987335205,11.574899673461914,11.869999885559082,5.023317337036133,18214
2011-09-15,12.399999618530273,12.5,12.229999542236328,12.444999694824219,5.266655445098877,39815
2011-09-16,12.5,12.5,12.399999618530273,12.479999542236328,5.281467437744141,1222
2011-09-19,12.260000228881836,12.5,12.260000228881836,12.34000015258789,5.222219467163086,5066
2011-09-20,12.1899995803833,12.494000434875488,12.0600004196167,12.25,5.184132099151611,6244
2011-09-21,12.260000228881836,12.479999542236328,12.119999885559082,12.130000114440918,5.133347988128662,6979
2011-09-22,11.720000267028809,11.824999809265137,11.649999618530273,11.649999618530273,4.9302144050598145,8245
2011-09-23,11.739999771118164,11.9399995803833,11.5,11.699999809265137,4.951375961303711,16493
2011-09-26,11.630000114440918,11.850000381469727,11.460000038146973,11.649999618530273,4.9302144050598145,19990
2011-09-27,12.0,12.220000267028809,11.859999656677246,12.220000267028809,5.171436786651611,3923
2011-09-28,12.300000190734863,12.300000190734863,11.5600004196167,11.920000076293945,5.0444769859313965,7043
2011-09-29,12.029999732971191,12.069999694824219,11.949999809265137,11.960000038146973,5.061404705047607,13340
2011-09-30,11.899999618530273,12.0,11.619999885559082,11.649999618530273,4.9302144050598145,2496
2011-10-03,11.579999923706055,11.890000343322754,11.380000114440918,11.699999809265137,4.951375961303711,15638
2011-10-04,11.479999542236328,11.819999694824219,11.479999542236328,11.71500015258789,4.957720756530762,6060
2011-10-05,11.829999923706055,12.069999694824219,11.720000267028809,11.800000190734863,4.993694305419922,5925
2011-10-06,11.859999656677246,11.909899711608887,11.699999809265137,11.739999771118164,4.9683027267456055,3195
2011-10-07,11.899999618530273,12.239999771118164,11.899999618530273,12.039999961853027,5.095261573791504,3778
2011-10-10,12.279999732971191,12.5,12.149999618530273,12.319999694824219,5.213756084442139,10249
2011-10-11,12.319999694824219,12.5,12.156000137329102,12.350000381469727,5.226451396942139,6165
2011-10-12,12.359999656677246,12.5,12.359999656677246,12.489999771118164,5.285698413848877,12929
2011-10-13,12.399999618530273,12.423299789428711,12.350000381469727,12.420000076293945,5.256074905395508,2959
2011-10-14,12.399999618530273,12.600000381469727,12.369999885559082,12.550000190734863,5.311091423034668,5148
2011-10-17,12.819999694824219,12.989999771118164,12.800000190734863,12.930000305175781,5.4719038009643555,8068
2011-10-18,12.899999618530273,13.3100004196167,12.819999694824219,12.920000076293945,5.467672824859619,4480
2011-10-19,13.149999618530273,13.149999618530273,12.930000305175781,12.949999809265137,5.480367660522461,1250
2011-10-20,12.920000076293945,12.967499732971191,12.876500129699707,12.880000114440918,5.450746059417725,1976
2011-10-21,12.989999771118164,12.999899864196777,12.739999771118164,12.899999618530273,5.459208011627197,39899
2011-10-24,12.800000190734863,12.859999656677246,12.539999961853027,12.819999694824219,5.425351619720459,24101
2011-10-25,12.569999694824219,12.752099990844727,12.060999870300293,12.25,5.184132099151611,40724
2011-10-26,12.460000038146973,12.460000038146973,12.170000076293945,12.390000343322754,5.243378162384033,17314
2011-10-27,12.630000114440918,13.609999656677246,12.630000114440918,13.609999656677246,5.759676456451416,31129
2011-10-28,13.5600004196167,13.5600004196167,13.279999732971191,13.449999809265137,5.6919660568237305,15850
2011-10-31,13.4399995803833,13.4399995803833,13.140000343322754,13.3100004196167,5.632717132568359,9042
2011-11-01,13.15999984741211,13.298999786376953,12.649999618530273,12.800000190734863,5.416889667510986,22938
2011-11-02,12.779999732971191,12.800000190734863,12.719499588012695,12.75,5.395729064941406,8778
2011-11-03,12.84000015258789,13.6899995803833,12.760000228881836,13.050000190734863,5.522687911987305,11031
2011-11-04,13.0600004196167,13.260000228881836,13.0,13.239999771118164,5.60309362411499,2500
2011-11-07,12.979999542236328,13.039999961853027,12.75,12.819999694824219,5.425351619720459,3950
2011-11-08,12.859999656677246,13.220000267028809,12.75,13.050000190734863,5.522687911987305,10815
2011-11-09,12.710000038146973,12.989999771118164,12.592900276184082,12.729999542236328,5.387265205383301,15728
2011-11-10,12.770000457763672,12.850000381469727,12.5600004196167,12.65999984741211,5.35764217376709,7585
2011-11-11,12.899999618530273,12.989999771118164,12.699999809265137,12.729999542236328,5.387265205383301,15586
2011-11-14,12.6899995803833,12.729999542236328,12.539999961853027,12.720000267028809,5.383034706115723,7299
2011-11-15,12.5,12.670000076293945,12.40999984741211,12.600000381469727,5.332250595092773,17881
2011-11-16,12.720000267028809,13.229999542236328,12.489999771118164,12.899999618530273,5.459208011627197,12706
2011-11-17,12.920000076293945,13.260000228881836,12.720000267028809,13.010000228881836,5.505760669708252,5125
2011-11-18,13.010000228881836,13.260000228881836,12.970000267028809,13.079999923706055,5.535383701324463,4100
2011-11-21,12.680000305175781,12.989999771118164,12.529999732971191,12.710000038146973,5.3788018226623535,8567
2011-11-22,12.710000038146973,12.760000228881836,12.333700180053711,12.529999732971191,5.302628040313721,18325
2011-11-23,12.300000190734863,12.36989974975586,12.25,12.260000228881836,5.188363075256348,1566
2011-11-25,12.100000381469727,12.100000381469727,11.760000228881836,11.760000228881836,4.976767539978027,9497
2011-11-28,12.0,12.729999542236328,11.770000457763672,12.5,5.289931774139404,19680
2011-11-29,12.529999732971191,12.58899974822998,12.40999984741211,12.40999984741211,5.251843452453613,16239
2011-11-30,12.65999984741211,12.930000305175781,12.59000015258789,12.739999771118164,5.391496658325195,21051
2011-12-01,12.680000305175781,12.789999961853027,12.380000114440918,12.5,5.289931774139404,7682
2011-12-02,12.6899995803833,12.869999885559082,12.600000381469727,12.760000228881836,5.399962425231934,4205
2011-12-05,12.800000190734863,12.8100004196167,12.600000381469727,12.800000190734863,5.416889667510986,11450
2011-12-06,12.65999984741211,12.850000381469727,12.649999618530273,12.824000358581543,5.427046775817871,9249
2011-12-07,12.84000015258789,13.489999771118164,12.6899995803833,12.90999984741211,5.463439464569092,8778
2011-12-08,12.529999732971191,12.58549976348877,12.220000267028809,12.229999542236328,5.1756672859191895,6341
2011-12-09,12.449999809265137,12.699999809265137,12.454000473022461,12.670000076293945,5.361873149871826,5705
2011-12-12,12.670000076293945,12.871000289916992,12.579999923706055,12.729999542236328,5.387265205383301,6215
2011-12-13,12.739999771118164,12.779999732971191,12.5,12.779999732971191,5.4084248542785645,8614
2011-12-14,12.890000343322754,13.0,12.65999984741211,12.9399995803833,5.476135730743408,14480
2011-12-15,13.0,13.276000022888184,12.920000076293945,12.970000267028809,5.488831996917725,15635
2011-12-16,13.079999923706055,13.09000015258789,12.369999885559082,13.029999732971191,5.514225482940674,11510
2011-12-19,13.15999984741211,13.380000114440918,13.100000381469727,13.287699699401855,5.623281002044678,7080
2011-12-20,13.34000015258789,13.460000038146973,13.211000442504883,13.260000228881836,5.611558437347412,10631
2011-12-21,13.390000343322754,13.600000381469727,13.199999809265137,13.569999694824219,5.742747783660889,11830
2011-12-22,13.600000381469727,13.819999694824219,13.59000015258789,13.739899635314941,5.8146491050720215,8838
2011-12-23,13.739999771118164,14.0,13.713399887084961,13.949999809265137,5.903563022613525,10385
2011-12-27,13.829999923706055,13.949999809265137,13.640000343322754,13.789999961853027,5.83585262298584,8137
2011-12-28,13.850000381469727,13.989999771118164,13.6899995803833,13.8100004196167,5.844315528869629,4100
2011-12-29,13.920000076293945,13.920000076293945,13.479999542236328,13.699999809265137,5.797764778137207,13074
2011-12-30,13.65999984741211,13.767600059509277,13.510000228881836,13.65999984741211,5.7808356285095215,4506
2012-01-03,13.869999885559082,14.0,13.600000381469727,13.770000457763672,5.82738733291626,7148
2012-01-04,13.979999542236328,14.1899995803833,13.770000457763672,14.130000114440918,5.979739665985107,35362
2012-01-05,13.970000267028809,14.189900398254395,13.850000381469727,14.069999694824219,5.954347610473633,4030
2012-01-06,14.15999984741211,14.277999877929688,14.100000381469727,14.170000076293945,5.996665954589844,2766
2012-01-09,13.90999984741211,14.260000228881836,13.90999984741211,14.229999542236328,6.022057056427002,10163
2012-01-10,14.4399995803833,14.5,14.260000228881836,14.449999809265137,6.11515998840332,8192
2012-01-11,14.180000305175781,14.279999732971191,14.09000015258789,14.220000267028809,6.017826080322266,5465
2012-01-12,13.90999984741211,14.050000190734863,13.860099792480469,14.0,5.924721717834473,6338
2012-01-13,14.039999961853027,14.050000190734863,13.869999885559082,13.890000343322754,5.878171443939209,8725
2012-01-17,13.520000457763672,13.928999900817871,13.520000457763672,13.704999923706055,5.799880504608154,47930
2012-01-18,13.59000015258789,14.180000305175781,13.59000015258789,14.180000305175781,6.00089693069458,18559
2012-01-19,13.90999984741211,14.069999694824219,13.899999618530273,13.949999809265137,5.903563022613525,10841
2012-01-20,14.0,14.079999923706055,13.99899959564209,14.0,5.924721717834473,1847
2012-01-23,13.850000381469727,13.871000289916992,13.699999809265137,13.77750015258789,5.830561637878418,9286
2012-01-24,13.539999961853027,13.645999908447266,13.260000228881836,13.420000076293945,5.6792707443237305,8526
2012-01-25,13.359999656677246,13.600000381469727,13.175999641418457,13.380000114440918,5.6623430252075195,18849
2012-01-26,13.140000343322754,13.479999542236328,13.119999885559082,13.449999809265137,5.6919660568237305,14741
2012-01-27,13.40999984741211,13.5600004196167,13.369999885559082,13.369999885559082,5.658109664916992,17590
2012-01-30,13.170000076293945,13.300000190734863,13.069999694824219,13.199999809265137,5.586167812347412,6973
2012-01-31,13.220000267028809,13.220000267028809,12.970000267028809,13.130000114440918,5.556543350219727,8959
2012-02-01,13.149999618530273,13.399999618530273,13.149999618530273,13.349900245666504,5.649604797363281,6274
2012-02-02,13.3100004196167,13.4399995803833,13.300000190734863,13.430000305175781,5.683502197265625,12041
2012-02-03,13.479999542236328,13.989999771118164,13.479999542236328,13.719200134277344,5.805889129638672,24231
2012-02-06,13.609999656677246,13.859999656677246,13.600099563598633,13.800000190734863,5.840083599090576,3534
2012-02-07,13.989999771118164,14.0,13.760000228881836,13.789999961853027,5.83585262298584,12724
2012-02-08,13.930000305175781,13.968000411987305,13.789999961853027,13.800999641418457,5.840506553649902,5005
2012-02-09,13.760000228881836,13.979999542236328,13.760000228881836,13.760000228881836,5.823155403137207,7852
2012-02-10,13.8100004196167,13.979999542236328,13.64799976348877,13.710000038146973,5.801996231079102,5709
2012-02-13,13.75,13.850000381469727,13.479999542236328,13.550000190734863,5.734284400939941,89176
2012-02-14,13.800000190734863,13.890000343322754,13.729999542236328,13.869999885559082,5.869706153869629,37419
2012-02-15,13.859999656677246,14.011500358581543,13.710000038146973,13.710000038146973,5.801996231079102,9586
2012-02-16,13.850000381469727,13.989999771118164,13.59000015258789,13.609999656677246,5.759676456451416,8844
2012-02-17,13.850000381469727,13.850000381469727,13.45199966430664,13.5,5.713125705718994,81032
2012-02-21,13.390000343322754,13.390000343322754,13.040599822998047,13.180000305175781,5.577702045440674,18275
2012-02-22,13.550000190734863,13.694000244140625,13.449999809265137,13.470000267028809,5.700428485870361,25391
2012-02-23,13.5,13.779999732971191,13.475000381469727,13.630000114440918,5.76814079284668,54032
2012-02-24,13.829999923706055,13.890000343322754,13.6899995803833,13.850000381469727,5.861242771148682,28689
2012-02-27,13.649999618530273,13.850000381469727,13.5600004196167,13.819999694824219,5.848546981811523,24997
2012-02-28,13.6899995803833,13.770000457763672,13.63949966430664,13.73900032043457,5.81427001953125,17568
2012-02-29,14.0,14.319199562072754,13.889900207519531,14.25,6.030521392822266,85672
2012-03-01,14.399999618530273,15.130000114440918,14.399999618530273,14.680000305175781,6.212495803833008,65463
2012-03-02,14.75,14.75,14.4399995803833,14.4399995803833,6.110928058624268,19363
2012-03-05,14.850000381469727,14.890000343322754,14.619999885559082,14.710000038146973,6.225191593170166,44020
2012-03-06,14.5600004196167,14.642999649047852,14.5,14.5,6.136320114135742,46978
2012-03-07,14.640000343322754,14.729999542236328,14.569999694824219,14.6899995803833,6.216726303100586,23967
2012-03-08,14.779999732971191,14.789999961853027,14.600000381469727,14.699999809265137,6.220958232879639,23745
2012-03-09,14.65999984741211,14.890000343322754,14.600000381469727,14.710000038146973,6.225191593170166,21641
2012-03-12,14.819999694824219,15.100000381469727,14.739999771118164,15.100000381469727,6.390235900878906,44940
2012-03-13,15.109999656677246,15.390000343322754,15.050000190734863,15.239899635314941,6.449441432952881,69964
2012-03-14,15.359999656677246,15.49899959564209,15.239999771118164,15.380000114440918,6.508730888366699,71143
2012-03-15,15.380000114440918,15.720000267028809,15.260000228881836,15.670000076293945,6.6314568519592285,116799
2012-03-16,14.460000038146973,14.5,14.260000228881836,14.289999961853027,6.562570095062256,101503
2012-03-19,14.180000305175781,14.180000305175781,13.850000381469727,13.859999656677246,6.3650970458984375,56844
2012-03-20,13.800000190734863,13.800000190734863,13.539999961853027,13.550000190734863,6.222733020782471,18786
2012-03-21,13.489999771118164,13.569999694824219,13.359999656677246,13.479999542236328,6.190584659576416,30808
2012-03-22,13.510000228881836,13.550000190734863,13.449999809265137,13.479999542236328,6.190584659576416,20118
2012-03-23,13.4399995803833,13.539999961853027,13.4399995803833,13.470000267028809,6.185991287231445,13233
2012-03-26,13.550000190734863,13.739999771118164,13.470000267028809,13.529999732971191,6.213544845581055,38698
2012-03-27,13.460000038146973,13.460800170898438,12.789999961853027,13.020000457763672,5.979333877563477,71884
2012-03-28,13.100000381469727,13.199999809265137,13.029999732971191,13.149999618530273,6.039035797119141,21290
2012-03-29,13.25,13.5,13.149999618530273,13.25,6.084958553314209,60918
2012-03-30,13.369999885559082,13.5600004196167,13.260000228881836,13.4399995803833,6.172214984893799,42538
2012-04-02,13.430000305175781,13.539999961853027,13.319999694824219,13.5,6.199769020080566,11299
2012-04-03,13.539999961853027,13.539999961853027,13.370100021362305,13.539999961853027,6.2181396484375,29884
2012-04-04,13.539999961853027,13.539999961853027,13.319999694824219,13.510000228881836,6.204362869262695,18119
2012-04-05,13.550000190734863,13.640000343322754,13.390000343322754,13.529999732971191,6.213544845581055,20545
2012-04-09,13.920000076293945,14.069999694824219,13.640000343322754,14.029999732971191,6.443167209625244,50023
2012-04-10,13.979999542236328,13.979999542236328,13.710000038146973,13.720000267028809,6.300803184509277,23772
2012-04-11,13.930000305175781,14.019000053405762,13.390000343322754,13.420000076293945,6.163031101226807,10174
2012-04-12,13.5,13.75,13.460000038146973,13.710000038146973,6.296210765838623,8064
2012-04-13,13.8100004196167,13.8100004196167,13.600000381469727,13.789999961853027,6.332950115203857,4510
2012-04-16,13.699999809265137,13.920000076293945,13.609999656677246,13.630000114440918,6.259469985961914,19381
2012-04-17,13.850000381469727,13.850000381469727,13.699999809265137,13.710000038146973,6.296210765838623,10720
2012-04-18,13.8100004196167,13.8100004196167,13.579999923706055,13.579999923706055,6.236509799957275,27576
2012-04-19,13.550000190734863,13.672699928283691,13.260000228881836,13.350000381469727,6.130883693695068,20161
2012-04-20,13.430000305175781,13.510000228881836,13.170000076293945,13.34000015258789,6.126291275024414,60789
2012-04-23,13.329999923706055,13.399999618530273,13.220000267028809,13.399999618530273,6.153844356536865,15201
2012-04-24,13.539999961853027,13.75,13.239999771118164,13.390000343322754,6.1492533683776855,11907
2012-04-25,13.430000305175781,13.604999542236328,13.430000305175781,13.520000457763672,6.208953857421875,17000
2012-04-26,13.5600004196167,13.619999885559082,13.5,13.600000381469727,6.245693683624268,3315
2012-04-27,13.739999771118164,13.75,13.550000190734863,13.59000015258789,6.241102695465088,7784
2012-04-30,13.670000076293945,13.670000076293945,13.260000228881836,13.4399995803833,6.172214984893799,34679
2012-05-01,13.369999885559082,13.640000343322754,13.319999694824219,13.430000305175781,6.167623519897461,15776
2012-05-02,13.390000343322754,13.600000381469727,13.300000190734863,13.510000228881836,6.204362869262695,12932
2012-05-03,13.380000114440918,13.640000343322754,13.380000114440918,13.470000267028809,6.185991287231445,4922
2012-05-04,13.4399995803833,13.576000213623047,13.149999618530273,13.170000076293945,6.048221111297607,11985
2012-05-07,13.15999984741211,13.369000434875488,13.15999984741211,13.279999732971191,6.09873628616333,5236
2012-05-08,13.359999656677246,13.539999961853027,13.289999961853027,13.449999809265137,6.1768083572387695,8291
2012-05-09,13.399999618530273,13.479999542236328,13.100000381469727,13.199999809265137,6.061996936798096,58862
2012-05-10,13.34000015258789,13.5,13.15999984741211,13.229999542236328,6.075773239135742,26690
2012-05-11,13.300000190734863,13.380000114440918,13.199999809265137,13.319999694824219,6.1171064376831055,14067
2012-05-14,13.449999809265137,13.460000038146973,13.270000457763672,13.270000457763672,6.094144344329834,6129
2012-05-15,13.180000305175781,13.449999809265137,13.020000457763672,13.25,6.084958553314209,30164
2012-05-16,13.109999656677246,13.229900360107422,13.0600004196167,13.199999809265137,6.061996936798096,5559
2012-05-17,13.140000343322754,13.279999732971191,13.0,13.029999732971191,5.9839277267456055,9139
2012-05-18,13.029999732971191,13.082500457763672,12.899999618530273,12.899999618530273,5.924222946166992,20636
2012-05-21,13.050000190734863,13.239999771118164,13.0,13.170000076293945,6.048221111297607,15801
2012-05-22,13.270000457763672,13.270000457763672,13.0600004196167,13.079999923706055,6.006887435913086,14283
2012-05-23,12.880000114440918,13.100000381469727,12.690999984741211,13.0600004196167,5.997703552246094,14905
2012-05-24,12.710000038146973,12.710000038146973,12.399999618530273,12.510000228881836,5.745120048522949,29893
2012-05-25,12.539999961853027,12.6899995803833,12.470000267028809,12.670000076293945,5.818599224090576,13850
2012-05-29,12.720000267028809,12.729999542236328,12.600000381469727,12.6899995803833,5.827783107757568,22600
2012-05-30,12.520000457763672,12.520000457763672,11.600000381469727,11.949999809265137,5.487944602966309,54450
2012-05-31,11.850000381469727,12.0600004196167,11.850000381469727,11.920000076293945,5.474166393280029,17120
2012-06-01,11.890000343322754,11.890000343322754,11.539999961853027,11.720000267028809,5.382318496704102,30505
2012-06-04,11.720000267028809,11.829999923706055,11.553199768066406,11.75,5.396096706390381,13148
2012-06-05,11.699999809265137,12.0,11.699999809265137,11.920000076293945,5.474166393280029,6549
2012-06-06,12.0,12.25,12.0,12.1899995803833,5.59816312789917,9780
2012-06-07,12.069999694824219,12.21049976348877,11.720000267028809,11.729999542236328,5.386910438537598,32526
2012-06-08,11.729999542236328,11.968999862670898,11.729999542236328,11.760000228881836,5.400688171386719,22525
2012-06-11,11.880000114440918,11.880000114440918,11.489999771118164,11.489999771118164,5.276693344116211,53002
2012-06-12,11.65999984741211,11.699999809265137,11.520000457763672,11.550000190734863,5.525460243225098,22893
2012-06-13,11.550000190734863,11.555000305175781,11.430000305175781,11.489999771118164,5.496753692626953,31007
2012-06-14,11.380000114440918,11.449999809265137,11.119999885559082,11.1899995803833,5.353235721588135,27890
2012-06-15,11.239999771118164,11.380000114440918,11.239999771118164,11.369999885559082,5.439345359802246,13731
2012-06-18,11.34000015258789,11.359999656677246,11.170000076293945,11.3100004196167,5.410645484924316,7364
2012-06-19,11.180000305175781,11.390000343322754,11.170100212097168,11.25,5.38193941116333,7323
2012-06-20,11.300000190734863,11.5,11.25,11.4399995803833,5.472835540771484,8226
2012-06-21,11.3100004196167,11.3100004196167,11.199999809265137,11.289999961853027,5.401075839996338,7997
2012-06-22,11.25,11.329999923706055,11.0600004196167,11.217499732971191,5.366392135620117,12469
2012-06-25,11.050000190734863,11.114999771118164,10.90999984741211,10.989999771118164,5.257557392120361,9671
2012-06-26,11.0,11.099900245666504,10.930000305175781,11.069999694824219,5.2958292961120605,13054
2012-06-27,11.09000015258789,11.149999618530273,10.932000160217285,11.010000228881836,5.267125129699707,12583
2012-06-28,10.970000267028809,11.0,10.699999809265137,10.699999809265137,5.118823051452637,6482
2012-06-29,10.899999618530273,10.970000267028809,10.800000190734863,10.970000267028809,5.247988700866699,45381
2012-07-02,10.989999771118164,11.069999694824219,10.670499801635742,10.78950023651123,5.16163969039917,5834
2012-07-03,10.729999542236328,10.899999618530273,10.729999542236328,10.75,5.142742156982422,1421
2012-07-05,10.680000305175781,10.789999961853027,10.59000015258789,10.720000267028809,5.128390789031982,10939
2012-07-06,10.770000457763672,10.770000457763672,10.75,10.75,5.142742156982422,7643
2012-07-09,10.760000228881836,11.008999824523926,10.75,10.819999694824219,5.176229953765869,7205
2012-07-10,10.890000343322754,10.899900436401367,10.75,10.850000381469727,5.190582275390625,7481
2012-07-11,10.75,10.829000473022461,10.75,10.760000228881836,5.147526741027832,3815
2012-07-12,10.760000228881836,10.984999656677246,10.75,10.930000305175781,5.228854179382324,6084
2012-07-13,10.880000114440918,11.104999542236328,10.850000381469727,11.039999961853027,5.281476974487305,4322
2012-07-16,11.039999961853027,11.069999694824219,10.899999618530273,11.069999694824219,5.2958292961120605,10405
2012-07-17,10.949999809265137,11.510000228881836,10.949999809265137,11.3100004196167,5.410645484924316,15673
2012-07-18,11.329999923706055,11.529999732971191,11.329999923706055,11.489999771118164,5.496753692626953,3496
2012-07-19,11.380000114440918,11.449899673461914,11.25,11.359999656677246,5.434564113616943,4100
2012-07-20,11.350000381469727,11.489899635314941,11.248800277709961,11.3100004196167,5.410645484924316,3000
2012-07-23,10.899999618530273,11.079999923706055,10.819999694824219,10.880000114440918,5.2049336433410645,4755
2012-07-24,10.890000343322754,11.149999618530273,10.800000190734863,11.020000457763672,5.271909713745117,10495
2012-07-25,11.039999961853027,11.050000190734863,10.800000190734863,11.0,5.262341022491455,10875
2012-07-26,10.989999771118164,11.09000015258789,10.864999771118164,11.09000015258789,5.305396556854248,5188
2012-07-27,11.0,11.3100004196167,10.899999618530273,11.270000457763672,5.391507625579834,6018
2012-07-30,11.260000228881836,11.34000015258789,11.000100135803223,11.300000190734863,5.40585994720459,8745
2012-07-31,11.329999923706055,11.329999923706055,10.810099601745605,11.300000190734863,5.40585994720459,10332
2012-08-01,11.289999961853027,11.289999961853027,11.0,11.069999694824219,5.2958292961120605,2952
2012-08-02,10.930000305175781,11.069999694824219,10.914999961853027,10.920000076293945,5.224070072174072,8067
2012-08-03,10.979999542236328,11.34000015258789,10.869999885559082,11.34000015258789,5.424995422363281,16654
2012-08-06,11.100000381469727,11.420000076293945,11.09000015258789,11.210000038146973,5.362803936004639,21670
2012-08-07,11.229999542236328,11.270000457763672,11.1899995803833,11.210000038146973,5.362803936004639,6326
2012-08-08,11.079999923706055,11.109999656677246,11.050000190734863,11.109999656677246,5.314964294433594,1600
2012-08-09,11.050000190734863,11.1899995803833,11.050000190734863,11.09000015258789,5.305396556854248,6476
2012-08-10,11.020000457763672,11.069999694824219,10.989999771118164,11.029999732971191,5.276693344116211,1300
2012-08-13,11.0,11.0,10.649999618530273,10.960000038146973,5.243204593658447,53685
2012-08-14,10.890000343322754,10.90999984741211,10.75,10.90999984741211,5.2192864418029785,15250
2012-08-15,10.720000267028809,10.880000114440918,10.699999809265137,10.760000228881836,5.147526741027832,41082
2012-08-16,10.75,10.949999809265137,10.739999771118164,10.819999694824219,5.176229953765869,18490
2012-08-17,10.75,10.949999809265137,10.75,10.899999618530273,5.214500427246094,32247
2012-08-20,10.899999618530273,11.020000457763672,10.770000457763672,10.970000267028809,5.247988700866699,10714
2012-08-21,10.90999984741211,10.925000190734863,10.75,10.84000015258789,5.185798168182373,13757
2012-08-22,10.770000457763672,10.800000190734863,10.75,10.789999961853027,5.16187858581543,21237
2012-08-23,10.739999771118164,10.800000190734863,10.739999771118164,10.800000190734863,5.166661739349365,28764
2012-08-24,10.800000190734863,10.850000381469727,10.757499694824219,10.850000381469727,5.190582275390625,4300
2012-08-27,10.850000381469727,10.899999618530273,10.760000228881836,10.869999885559082,5.200150012969971,21685
2012-08-28,10.850000381469727,11.0,10.819999694824219,10.949999809265137,5.238420486450195,7446
2012-08-29,10.970000267028809,11.199000358581543,10.949999809265137,11.050000190734863,5.286261081695557,12300
2012-08-30,11.09000015258789,11.210000038146973,11.050000190734863,11.079999923706055,5.300612449645996,18901
2012-08-31,11.0600004196167,11.190999984741211,11.020000457763672,11.109999656677246,5.314964294433594,8100
2012-09-04,11.140000343322754,11.15999984741211,11.01930046081543,11.15999984741211,5.338884353637695,24626
2012-09-05,11.15999984741211,11.15999984741211,11.010000228881836,11.079999923706055,5.300612449645996,17900
2012-09-06,11.180000305175781,11.260000228881836,11.050000190734863,11.260000228881836,5.386722564697266,11827
2012-09-07,11.289999961853027,11.399999618530273,11.170000076293945,11.369999885559082,5.439345359802246,8904
2012-09-10,11.220000267028809,11.419899940490723,11.199899673461914,11.329999923706055,5.420212745666504,7380
2012-09-11,11.350000381469727,11.399999618530273,11.350000381469727,11.399999618530273,5.453699111938477,9700
2012-09-12,11.380000114440918,11.4399995803833,11.260000228881836,11.390000343322754,5.448914527893066,19231
2012-09-13,11.470000267028809,12.0,11.45989990234375,12.0,5.740736484527588,9581
2012-09-14,11.720000267028809,11.769200325012207,11.65999984741211,11.65999984741211,5.578082084655762,12204
2012-09-17,11.649999618530273,11.789999961853027,11.630000114440918,11.630000114440918,5.5637288093566895,9500
2012-09-18,11.670000076293945,11.75,11.649999618530273,11.680000305175781,5.587649345397949,9675
2012-09-19,11.720000267028809,11.84000015258789,11.65999984741211,11.75,5.6211371421813965,33790
2012-09-20,11.449999809265137,11.525400161743164,11.20009994506836,11.359999656677246,5.434564113616943,22113
2012-09-21,11.34000015258789,11.510000228881836,11.300100326538086,11.329999923706055,5.420212745666504,5525
2012-09-24,11.220000267028809,11.34000015258789,11.220000267028809,11.278300285339355,5.9006524085998535,15500
2012-09-25,11.319999694824219,11.5600004196167,11.270000457763672,11.470000267028809,6.000947952270508,16360
2012-09-26,11.520000457763672,11.520000457763672,11.260000228881836,11.420000076293945,5.974788665771484,26760
2012-09-27,11.489999771118164,11.649999618530273,11.479999542236328,11.529999732971191,6.032339572906494,47796
2012-09-28,11.539999961853027,11.65999984741211,11.529999732971191,11.65999984741211,6.10035514831543,16017
2012-10-01,11.699999809265137,11.880000114440918,11.65999984741211,11.859999656677246,6.204990863800049,23997
2012-10-02,11.979999542236328,11.979999542236328,11.84000015258789,11.949600219726562,6.25186824798584,9910
2012-10-03,11.979999542236328,12.170000076293945,11.949999809265137,12.100000381469727,6.330557346343994,7891
2012-10-04,12.350000381469727,12.40999984741211,12.25,12.40999984741211,6.492744445800781,14468
2012-10-05,12.5,12.739999771118164,12.489999771118164,12.649999618530273,6.6183085441589355,10301
2012-10-08,12.59000015258789,12.59000015258789,12.210000038146973,12.449999809265137,6.513672351837158,16929
2012-10-09,12.539999961853027,12.710000038146973,12.539999961853027,12.609999656677246,6.597379207611084,11360
2012-10-10,12.640000343322754,12.640000343322754,12.399999618530273,12.460000038146973,6.51890230178833,9894
2012-10-11,12.279999732971191,12.48900032043457,12.199999809265137,12.460000038146973,6.51890230178833,21012
2012-10-12,12.4399995803833,12.539999961853027,12.399999618530273,12.399999618530273,6.487511157989502,10092
2012-10-15,12.510000228881836,12.6899995803833,12.510000228881836,12.612000465393066,6.598426342010498,56281
2012-10-16,12.8100004196167,12.899999618530273,12.770000457763672,12.899999618530273,6.7491044998168945,19767
2012-10-17,12.9399995803833,13.0,12.530099868774414,12.899999618530273,6.7491044998168945,10932
2012-10-18,12.819999694824219,12.899999618530273,12.76200008392334,12.78499984741211,6.688938140869141,11998
2012-10-19,12.760000228881836,12.889900207519531,12.75,12.779999732971191,6.686321258544922,10700
2012-10-22,12.770000457763672,12.949999809265137,12.75,12.8100004196167,6.702018737792969,12950
2012-10-23,12.770000457763672,12.930000305175781,12.75,12.890000343322754,6.743873596191406,16008
2012-10-24,12.850000381469727,12.869999885559082,12.699999809265137,12.699999809265137,6.644468784332275,7167
2012-10-25,12.84000015258789,12.899999618530273,12.59000015258789,12.640000343322754,6.6130781173706055,73090
2012-10-26,12.600000381469727,12.800000190734863,12.600000381469727,12.710000038146973,6.6496992111206055,5300
2012-10-31,12.600000381469727,12.600000381469727,12.35099983215332,12.359999656677246,6.466583728790283,19447
2012-11-01,12.449999809265137,12.5600004196167,12.4399995803833,12.460000038146973,6.51890230178833,15899
2012-11-02,12.539999961853027,12.680000305175781,12.5,12.680000305175781,6.63400411605835,9111
2012-11-05,12.579999923706055,12.699999809265137,12.300100326538086,12.699999809265137,6.644468784332275,13175
2012-11-06,12.729999542236328,12.800000190734863,12.649999618530273,12.800000190734863,6.696786880493164,11587
2012-11-07,12.789999961853027,12.859999656677246,12.788000106811523,12.850000381469727,6.722945213317871,7450
2012-11-08,12.84000015258789,12.899999618530273,12.829999923706055,12.880000114440918,6.7386393547058105,11032
2012-11-09,12.779999732971191,12.890000343322754,12.760000228881836,12.8100004196167,6.702018737792969,15124
2012-11-12,12.899999618530273,12.899999618530273,12.649999618530273,12.800000190734863,6.696786880493164,14678
2012-11-13,12.819999694824219,12.949999809265137,12.800000190734863,12.869999885559082,6.7334089279174805,3917
2012-11-14,12.819999694824219,12.850000381469727,12.65999984741211,12.65999984741211,6.623540878295898,38517
2012-11-15,12.770000457763672,12.899999618530273,12.770000457763672,12.850000381469727,6.722945213317871,13998
2012-11-16,12.850000381469727,12.970000267028809,12.710000038146973,12.949999809265137,6.775264739990234,20339
2012-11-19,13.0,13.170000076293945,13.0,13.170000076293945,6.890364646911621,11189
2012-11-20,13.130000114440918,13.1899995803833,12.90999984741211,12.949999809265137,6.775264739990234,9478
2012-11-21,12.800000190734863,12.850000381469727,12.5600004196167,12.76200008392334,6.676906108856201,7462
2012-11-23,12.800000190734863,13.149999618530273,12.800000190734863,12.930000305175781,6.764800071716309,7606
2012-11-26,12.930000305175781,13.0600004196167,12.899999618530273,13.031999588012695,6.818164348602295,9278
2012-11-27,12.899999618530273,12.960000038146973,12.800000190734863,12.800000190734863,6.696786880493164,4750
2012-11-28,12.890000343322754,12.989999771118164,12.800000190734863,12.899999618530273,6.7491044998168945,5350
2012-11-29,12.960000038146973,13.100000381469727,12.920000076293945,13.050000190734863,6.827584266662598,11717
2012-11-30,12.949999809265137,13.069999694824219,12.899999618530273,13.069999694824219,6.838046073913574,20495
2012-12-03,13.079999923706055,13.09000015258789,12.960000038146973,13.050000190734863,6.827584266662598,53333
2012-12-04,13.010000228881836,13.039999961853027,12.75,12.75,6.670628070831299,46119
2012-12-05,12.8100004196167,13.050000190734863,12.75,13.0,6.801423072814941,29400
2012-12-06,13.039999961853027,13.3100004196167,13.039999961853027,13.3100004196167,6.9636125564575195,18956
2012-12-07,13.100000381469727,13.170000076293945,13.0,13.079999923706055,6.843278408050537,45511
2012-12-10,13.180000305175781,13.289999961853027,13.111000061035156,13.289999961853027,6.953146934509277,8506
2012-12-11,13.25,13.25,13.0,13.010000228881836,6.806656837463379,14535
2012-12-12,13.069999694824219,13.319999694824219,13.069999694824219,13.199999809265137,6.906063079833984,3606
2012-12-13,13.0600004196167,13.09000015258789,12.840999603271484,12.930000305175781,6.764800071716309,13018
2012-12-14,12.890000343322754,12.954999923706055,12.800000190734863,12.869999885559082,6.7334089279174805,11829
2012-12-17,12.869999885559082,12.9399995803833,12.84000015258789,12.930000305175781,6.764800071716309,7333
2012-12-18,12.930000305175781,13.25,12.930000305175781,13.170000076293945,6.890364646911621,12699
2012-12-19,13.300000190734863,13.350000381469727,13.199999809265137,13.229999542236328,6.921757221221924,14395
2012-12-20,13.100000381469727,13.4399995803833,13.100000381469727,13.319999694824219,6.968841552734375,21428
2012-12-21,13.119999885559082,13.3100004196167,13.100000381469727,13.140000343322754,6.87467098236084,11218
2012-12-24,13.180000305175781,13.180000305175781,13.0,13.100000381469727,6.85374116897583,5450
2012-12-26,13.180000305175781,13.100000381469727,12.760000228881836,12.960000038146973,7.032817840576172,19170
2012-12-27,12.960000038146973,13.220000267028809,12.930000305175781,12.960000038146973,7.032817840576172,9503
2012-12-28,12.979999542236328,12.979999542236328,12.84000015258789,12.869999885559082,6.983978748321533,15072
2012-12-31,13.449999809265137,13.579999923706055,13.289999961853027,13.569999694824219,7.3638410568237305,20499
2013-01-02,13.699999809265137,13.989999771118164,13.6899995803833,13.90999984741211,7.548343181610107,25641
2013-01-03,13.899999618530273,13.899999618530273,13.779999732971191,13.779999732971191,7.47779655456543,4676
2013-01-04,13.770000457763672,13.770000457763672,13.5,13.770000457763672,7.472370147705078,1250
2013-01-07,13.699999809265137,13.979999542236328,13.699999809265137,13.899999618530273,7.542916297912598,19088
2013-01-08,13.90999984741211,14.050000190734863,13.90999984741211,14.050000190734863,7.624314785003662,11390
2013-01-09,14.0600004196167,14.0600004196167,13.930000305175781,14.0,7.597179889678955,10237
2013-01-10,14.050000190734863,14.050000190734863,13.800000190734863,13.90999984741211,7.548343181610107,23767
2013-01-11,13.960000038146973,14.069999694824219,13.916000366210938,14.029999732971191,7.613460063934326,5219
2013-01-14,14.050000190734863,14.329999923706055,14.0,14.1899995803833,7.700286388397217,11226
2013-01-15,14.130000114440918,14.130000114440918,13.989999771118164,13.989999771118164,7.591753959655762,7412
2013-01-16,13.989999771118164,14.039999961853027,13.989999771118164,13.990099906921387,7.591810703277588,6514
2013-01-17,14.029999732971191,14.319999694824219,14.0,14.100000381469727,7.651447296142578,11592
2013-01-18,14.020000457763672,14.3100004196167,14.0,14.3100004196167,7.765402793884277,21761
2013-01-22,14.3100004196167,14.449999809265137,14.050000190734863,14.130000114440918,7.667725563049316,7607
2013-01-23,14.020000457763672,14.109999656677246,13.84000015258789,14.0,7.597179889678955,36645
2013-01-24,14.079999923706055,14.099900245666504,13.970000267028809,14.09000015258789,7.64601993560791,10889
2013-01-25,14.199999809265137,14.199999809265137,14.0,14.050000190734863,7.624314785003662,6798
2013-01-28,14.039999961853027,14.100000381469727,14.0,14.0,7.597179889678955,14869
2013-01-29,13.960000038146973,14.079999923706055,13.84000015258789,13.84000015258789,7.510355472564697,24453
2013-01-30,13.949999809265137,14.199999809265137,13.949999809265137,14.199999809265137,7.7057108879089355,10577
2013-01-31,14.130000114440918,14.329999923706055,14.130000114440918,14.260000228881836,7.738271713256836,1251
2013-02-01,14.369999885559082,14.470000267028809,14.350000381469727,14.380000114440918,7.803391456604004,6644
2013-02-04,14.5,14.819999694824219,14.460000038146973,14.539999961853027,7.8902153968811035,11615
2013-02-05,14.579999923706055,14.760000228881836,14.539999961853027,14.630000114440918,7.939055442810059,21660
2013-02-06,14.550000190734863,14.6899995803833,14.52750015258789,14.649999618530273,7.949903964996338,17946
2013-02-07,14.600000381469727,14.649999618530273,14.451000213623047,14.600000381469727,7.922772407531738,12260
2013-02-08,14.5600004196167,14.680000305175781,14.5600004196167,14.680000305175781,7.966187000274658,1911
2013-02-11,14.640000343322754,14.670000076293945,14.564800262451172,14.600000381469727,7.922772407531738,54503
2013-02-12,14.600000381469727,14.680000305175781,14.520000457763672,14.680000305175781,7.966187000274658,7091
2013-02-13,14.770000457763672,14.800000190734863,14.600000381469727,14.789999961853027,8.02587890625,8044
2013-02-14,14.680000305175781,14.899999618530273,14.609999656677246,14.699999809265137,7.977039813995361,5070
2013-02-15,14.710000038146973,14.8100004196167,14.699999809265137,14.789999961853027,8.02587890625,2459
2013-02-19,14.699999809265137,14.779999732971191,14.660099983215332,14.720000267028809,7.987891674041748,22586
2013-02-20,14.779999732971191,15.0,14.76990032196045,15.0,8.139835357666016,59349
2013-02-21,14.90999984741211,15.09000015258789,14.899999618530273,15.069999694824219,8.177821159362793,11496
2013-02-22,15.069999694824219,15.069999694824219,14.986000061035156,15.039999961853027,8.161541938781738,14994
2013-02-25,15.0,15.100000381469727,15.0,15.069999694824219,8.177821159362793,8597
2013-02-26,15.0600004196167,15.149999618530273,15.029999732971191,15.140000343322754,8.21580982208252,5697
2013-02-27,15.109999656677246,15.149999618530273,15.069999694824219,15.069999694824219,8.177821159362793,25869
2013-02-28,15.140000343322754,15.199999809265137,15.100000381469727,15.119999885559082,8.204955101013184,18502
2013-03-01,15.15999984741211,15.300000190734863,15.079999923706055,15.149999618530273,8.221234321594238,11742
2013-03-04,15.449999809265137,15.5,15.3100004196167,15.350000381469727,8.329766273498535,71674
2013-03-05,15.609999656677246,15.649999618530273,15.399999618530273,15.550000190734863,8.438299179077148,57563
2013-03-06,15.550000190734863,15.640000343322754,15.46500015258789,15.640000343322754,8.48713493347168,25236
2013-03-07,15.699999809265137,15.720000267028809,15.600000381469727,15.699999809265137,8.519694328308105,28266
2013-03-08,15.670000076293945,15.850000381469727,15.630000114440918,15.819999694824219,8.58481502532959,34440
2013-03-11,15.989999771118164,16.440000534057617,15.989999771118164,16.360000610351562,8.877847671508789,65379
2013-03-12,16.3700008392334,16.3700008392334,16.149999618530273,16.270000457763672,8.829010009765625,32358
2013-03-13,16.34000015258789,16.399999618530273,16.180999755859375,16.399999618530273,8.899556159973145,65927
2013-03-14,16.350000381469727,16.5,16.31999969482422,16.329999923706055,8.861568450927734,20160
2013-03-15,16.329999923706055,16.628999710083008,16.280000686645508,16.40999984741211,8.904980659484863,25969
2013-03-18,16.649999618530273,16.700000762939453,16.31999969482422,16.389999389648438,8.89412784576416,53497
2013-03-19,16.1200008392334,16.18000030517578,15.25,15.489999771118164,8.40573787689209,218314
2013-03-20,15.720000267028809,15.829899787902832,15.529999732971191,15.720000267028809,8.530547142028809,38606
2013-03-21,15.539999961853027,15.850000381469727,15.38010025024414,15.699999809265137,9.23652458190918,24194
2013-03-22,15.789999961853027,15.8100004196167,15.479999542236328,15.789999961853027,9.289474487304688,17622
2013-03-25,15.930000305175781,16.219999313354492,15.869999885559082,15.979999542236328,9.401251792907715,50445
2013-03-26,16.06999969482422,16.190000534057617,16.06999969482422,16.110000610351562,9.477736473083496,10103
2013-03-27,16.1200008392334,16.239999771118164,16.1200008392334,16.1299991607666,9.48949909210205,14412
2013-03-28,15.899999618530273,15.899999618530273,15.550000190734863,15.6899995803833,9.230643272399902,12201
2013-04-01,15.710000038146973,15.805000305175781,15.5,15.630000114440918,9.195343971252441,49835
2013-04-02,15.619999885559082,15.670000076293945,15.380000114440918,15.449999809265137,9.089448928833008,8063
2013-04-03,16.100000381469727,16.1200008392334,15.859999656677246,16.0,9.413021087646484,41030
2013-04-04,15.890000343322754,15.890000343322754,15.579999923706055,15.649999618530273,9.207109451293945,7464
2013-04-05,15.680000305175781,15.770000457763672,15.619999885559082,15.619999885559082,9.189459800720215,4651
2013-04-08,15.5,15.619999885559082,15.5,15.569999694824219,9.16004467010498,1300
2013-04-09,15.569999694824219,15.569999694824219,15.279999732971191,15.449999809265137,9.089448928833008,17698
2013-04-10,15.819999694824219,15.819999694824219,15.770000457763672,15.8100004196167,9.301239967346191,16200
2013-04-11,15.880000114440918,16.049999237060547,15.8100004196167,15.949999809265137,9.383602142333984,21452
2013-04-12,16.0,16.0,15.720000267028809,15.720000267028809,9.248292922973633,10878
2013-04-15,15.8100004196167,15.8100004196167,15.619999885559082,15.789999961853027,9.289474487304688,6792
2013-04-16,15.9399995803833,15.989999771118164,15.800000190734863,15.869999885559082,9.336541175842285,7144
2013-04-17,15.899999618530273,15.899999618530273,15.65999984741211,15.739999771118164,9.26005744934082,4269
2013-04-18,15.640000343322754,15.640000343322754,15.314000129699707,15.314000129699707,9.009434700012207,4126
2013-04-19,15.40999984741211,15.419899940490723,15.079999923706055,15.369999885559082,9.042380332946777,13183
2013-04-22,15.470000267028809,15.489999771118164,15.399999618530273,15.470000267028809,9.101214408874512,6432
2013-04-23,15.670000076293945,15.899999618530273,15.609999656677246,15.829999923706055,9.313007354736328,12159
2013-04-24,16.0,16.0,15.890000343322754,15.989999771118164,9.407136917114258,8856
2013-04-25,16.06999969482422,16.1200008392334,15.680000305175781,15.859999656677246,9.330656051635742,18048
2013-04-26,15.880000114440918,16.0,15.859999656677246,15.890000343322754,9.348305702209473,25383
2013-04-29,15.979999542236328,16.0,15.970000267028809,15.994999885559082,9.410078048706055,23661
2013-04-30,15.979999542236328,16.010000228881836,15.920000076293945,16.0,9.413021087646484,21904
2013-05-01,16.0,16.020000457763672,15.899999618530273,16.020000457763672,9.424785614013672,105758
2013-05-02,16.190000534057617,16.190000534057617,15.930000305175781,16.040000915527344,9.436553955078125,15474
2013-05-03,16.18000030517578,16.18000030517578,15.90999984741211,15.970000267028809,9.395371437072754,47536
2013-05-06,16.059999465942383,16.200000762939453,15.989999771118164,16.110000610351562,9.477736473083496,26934
2013-05-07,16.299999237060547,16.489999771118164,16.260000228881836,16.40999984741211,9.654227256774902,41238
2013-05-08,16.520000457763672,16.6299991607666,16.40999984741211,16.530000686645508,9.724825859069824,23290
2013-05-09,16.579999923706055,16.579999923706055,16.31999969482422,16.31999969482422,9.601279258728027,5660
2013-05-10,16.469999313354492,16.489999771118164,16.290000915527344,16.360000610351562,9.624813079833984,9990
2013-05-13,16.5,16.759000778198242,16.5,16.670000076293945,9.807188987731934,20143
2013-05-14,16.360000610351562,16.549999237060547,16.360000610351562,16.469999313354492,9.689526557922363,4238
2013-05-15,16.3799991607666,16.559999465942383,16.290000915527344,16.385000228881836,9.639522552490234,23304
2013-05-16,16.600000381469727,16.670000076293945,16.520999908447266,16.59000015258789,9.760122299194336,16827
2013-05-17,16.59000015258789,16.6200008392334,16.420000076293945,16.420000076293945,9.660111427307129,10304
2013-05-20,16.770000457763672,16.989999771118164,16.770000457763672,16.979999542236328,9.989563941955566,15554
2013-05-21,16.979999542236328,17.020000457763672,16.840999603271484,17.020000457763672,10.013101577758789,8297
2013-05-22,16.8700008392334,17.079999923706055,16.719999313354492,16.770000457763672,9.866022109985352,20424
2013-05-23,16.790000915527344,16.940000534057617,16.5,16.899999618530273,9.942502975463867,22315
2013-05-24,16.959999084472656,16.959999084472656,16.770000457763672,16.850000381469727,9.913086891174316,13004
2013-05-28,17.040000915527344,17.049999237060547,16.780000686645508,16.84000015258789,9.907204627990723,12735
2013-05-29,16.969999313354492,17.110000610351562,16.850099563598633,17.049999237060547,10.03074836730957,32188
2013-05-30,17.09000015258789,17.170000076293945,17.049999237060547,17.110000610351562,10.066047668457031,10394
2013-05-31,17.09000015258789,17.09000015258789,16.889999389648438,16.940000534057617,9.96603775024414,5674
2013-06-03,16.850000381469727,16.850000381469727,16.56999969482422,16.6200008392334,9.777777671813965,11448
2013-06-04,16.65999984741211,16.670000076293945,16.34000015258789,16.530000686645508,9.724825859069824,23867
2013-06-05,16.450000762939453,16.69499969482422,16.31999969482422,16.549999237060547,9.736593246459961,36886
2013-06-06,16.600000381469727,16.600000381469727,16.334999084472656,16.420000076293945,9.660111427307129,28306
2013-06-07,16.489999771118164,16.729999542236328,16.489999771118164,16.729999542236328,9.842488288879395,12556
2013-06-10,16.81999969482422,16.989999771118164,16.799999237060547,16.81999969482422,9.895438194274902,6909
2013-06-11,16.780000686645508,16.889999389648438,16.5,16.860000610351562,9.918970108032227,9721
2013-06-12,16.90999984741211,16.940000534057617,16.649999618530273,16.739999771118164,9.848372459411621,8668
2013-06-13,16.559999465942383,16.899999618530273,16.559999465942383,16.829999923706055,9.901318550109863,11219
2013-06-14,16.829999923706055,16.8700008392334,16.6200008392334,16.729999542236328,9.842488288879395,5963
2013-06-17,16.75,16.969999313354492,16.670000076293945,16.753999710083008,9.856609344482422,16532
2013-06-18,16.989999771118164,16.989999771118164,16.780000686645508,16.780000686645508,9.871903419494629,21493
2013-06-19,16.760000228881836,16.81999969482422,16.59000015258789,16.59000015258789,9.760122299194336,6924
2013-06-20,16.600000381469727,16.979900360107422,16.600000381469727,16.610000610351562,9.771891593933105,8129
2013-06-21,16.68000030517578,16.770000457763672,16.450000762939453,16.739999771118164,9.848372459411621,16519
2013-06-24,16.489999771118164,16.489999771118164,16.100000381469727,16.270000457763672,9.866564750671387,20236
2013-06-25,16.450000762939453,16.649999618530273,16.139999389648438,16.459999084472656,9.981782913208008,20097
2013-06-26,16.469999313354492,16.729999542236328,16.201799392700195,16.559999465942383,10.042428970336914,26172
2013-06-27,16.65999984741211,16.850000381469727,16.549999237060547,16.760000228881836,10.163716316223145,34654
2013-06-28,16.610000610351562,16.899999618530273,16.610000610351562,16.8700008392334,10.230422019958496,11019
2013-07-01,16.899999618530273,16.93000030517578,16.570999145507812,16.81999969482422,10.200100898742676,27043
2013-07-02,16.75,16.75,16.350000381469727,16.389999389648438,9.93933391571045,13659
2013-07-03,16.520000457763672,16.739999771118164,16.520000457763672,16.6200008392334,10.078814506530762,21352
2013-07-05,16.559999465942383,16.65999984741211,16.559999465942383,16.571399688720703,10.049345016479492,10625
2013-07-08,16.510000228881836,16.6299991607666,16.41900062561035,16.489999771118164,9.999978065490723,9255
2013-07-09,16.5,16.700000762939453,16.350000381469727,16.65999984741211,10.103070259094238,21819
2013-07-10,16.700000762939453,16.815000534057617,16.600000381469727,16.68000030517578,10.115199089050293,53351
2013-07-11,16.65999984741211,17.079999923706055,16.65999984741211,17.079999923706055,10.357768058776855,16144
2013-07-12,17.040000915527344,17.049999237060547,16.860000610351562,16.989999771118164,10.303191184997559,53030
2013-07-15,16.889999389648438,17.100000381469727,16.889999389648438,17.079999923706055,10.357768058776855,31483
2013-07-16,17.09000015258789,17.100000381469727,16.969999313354492,17.06999969482422,10.351705551147461,12748
2013-07-17,17.139999389648438,17.31999969482422,17.1200008392334,17.209999084472656,10.43660831451416,39352
2013-07-18,17.43000030517578,17.5,17.27750015258789,17.329999923706055,10.50937557220459,45395
2013-07-19,17.350000381469727,17.5,17.030000686645508,17.170000076293945,10.412348747253418,58578
2013-07-22,17.3700008392334,17.3700008392334,17.190000534057617,17.280000686645508,10.479055404663086,57480
2013-07-23,17.280000686645508,17.314699172973633,17.200000762939453,17.280000686645508,10.479055404663086,17708
2013-07-24,17.34000015258789,17.469999313354492,17.25,17.319000244140625,10.502706527709961,28722
2013-07-25,17.299999237060547,17.65999984741211,17.20009994506836,17.43000030517578,10.57002067565918,219141
2013-07-26,17.549999237060547,17.809999465942383,17.549999237060547,17.743999481201172,10.760441780090332,48104
2013-07-29,17.799999237060547,17.950000762939453,17.670000076293945,17.84000015258789,10.818655967712402,69545
2013-07-30,17.950000762939453,17.979299545288086,17.829999923706055,17.84000015258789,10.818655967712402,28138
2013-07-31,17.969999313354492,18.0049991607666,17.8700008392334,17.899999618530273,10.855042457580566,28376
2013-08-01,18.030000686645508,18.030000686645508,17.809999465942383,17.84000015258789,10.818655967712402,116880
2013-08-02,17.899999618530273,17.920000076293945,17.799999237060547,17.854999542236328,10.827751159667969,26600
2013-08-05,18.290000915527344,18.5,18.290000915527344,18.350000381469727,11.127935409545898,61339
2013-08-06,18.270000457763672,18.309999465942383,18.030000686645508,18.030000686645508,10.933880805969238,13807
2013-08-07,18.229999542236328,18.475000381469727,18.170000076293945,18.209999084472656,11.043033599853516,16861
2013-08-08,18.209999084472656,18.3799991607666,17.860000610351562,17.8700008392334,10.836845397949219,28948
2013-08-09,17.969999313354492,18.190000534057617,17.8700008392334,18.030000686645508,10.933880805969238,18441
2013-08-12,18.09000015258789,18.25,18.010099411010742,18.059999465942383,10.952067375183105,9617
2013-08-13,18.350000381469727,18.604999542236328,18.350000381469727,18.559999465942383,11.255279541015625,39785
2013-08-14,18.739999771118164,18.760000228881836,18.489999771118164,18.600000381469727,11.279539108276367,31246
2013-08-15,18.639999389648438,18.729999542236328,18.200000762939453,18.280000686645508,11.08548355102539,31334
2013-08-16,18.280000686645508,18.579999923706055,18.211000442504883,18.350000381469727,11.127935409545898,13750
2013-08-19,18.649999618530273,18.700000762939453,18.459999084472656,18.489999771118164,11.212831497192383,25874
2013-08-20,18.549999237060547,18.639999389648438,18.450000762939453,18.450000762939453,11.188578605651855,25545
2013-08-21,18.420000076293945,18.479999542236328,18.139999389648438,18.239999771118164,11.061225891113281,20812
2013-08-22,18.219999313354492,18.700000762939453,18.090999603271484,18.15999984741211,11.012711524963379,11301
2013-08-23,18.15999984741211,18.530000686645508,18.049999237060547,18.270000457763672,11.079419136047363,25197
2013-08-26,18.280000686645508,18.440000534057617,18.141000747680664,18.239999771118164,11.061225891113281,11835
2013-08-27,18.1200008392334,18.1200008392334,17.700000762939453,17.700000762939453,10.733757019042969,21665
2013-08-28,17.739999771118164,18.07939910888672,17.719999313354492,17.899999618530273,10.855042457580566,8147
2013-08-29,18.100000381469727,18.3700008392334,18.100000381469727,18.360000610351562,11.133996963500977,20039
2013-08-30,18.350000381469727,18.530000686645508,18.150100708007812,18.489999771118164,11.212831497192383,6260
2013-09-03,18.520000457763672,18.520000457763672,18.1299991607666,18.31999969482422,11.109737396240234,34995
2013-09-04,18.5,18.649999618530273,18.3700008392334,18.389999389648438,11.152191162109375,30651
2013-09-05,18.559999465942383,18.656999588012695,18.34000015258789,18.489999771118164,11.212831497192383,9549
2013-09-06,18.469999313354492,18.469999313354492,18.000099182128906,18.170000076293945,11.018775939941406,10484
2013-09-09,18.290000915527344,18.59000015258789,18.200000762939453,18.420000076293945,11.170381546020508,15240
2013-09-10,18.5,18.528799057006836,18.3700008392334,18.450000762939453,11.188578605651855,19564
2013-09-11,18.3799991607666,18.6299991607666,18.3799991607666,18.450000762939453,11.188578605651855,98268
2013-09-12,18.40999984741211,18.5,18.3700008392334,18.3700008392334,11.14006233215332,12556
2013-09-13,18.260000228881836,18.5,18.171199798583984,18.489999771118164,11.5914306640625,7605
2013-09-16,18.450000762939453,18.700000762939453,18.3799991607666,18.450000762939453,11.56635856628418,52469
2013-09-17,18.639999389648438,18.649999618530273,18.149999618530273,18.399999618530273,11.535009384155273,35482
2013-09-18,18.389999389648438,18.5,18.049999237060547,18.229999542236328,11.428438186645508,7260
2013-09-19,18.1299991607666,18.479999542236328,18.01099967956543,18.469999313354492,11.57889175415039,9855
2013-09-20,18.450000762939453,18.540000915527344,18.35099983215332,18.489999771118164,11.5914306640625,9664
2013-09-23,18.450000762939453,18.5,18.22100067138672,18.43000030517578,11.553816795349121,19427
2013-09-24,18.5,18.56999969482422,18.270000457763672,18.389999389648438,11.528741836547852,35637
2013-09-25,18.40999984741211,18.479999542236328,18.399999618530273,18.399999618530273,11.535009384155273,20676
2013-09-26,18.43000030517578,18.540000915527344,18.399999618530273,18.450000762939453,11.56635856628418,101400
2013-09-27,18.34000015258789,18.5,18.25,18.450000762939453,11.56635856628418,11459
2013-09-30,18.3799991607666,18.549999237060547,18.299999237060547,18.450000762939453,11.56635856628418,33923
2013-10-01,18.420000076293945,18.54840087890625,18.33009910583496,18.399999618530273,11.535009384155273,5656
2013-10-02,18.239999771118164,18.239999771118164,17.84000015258789,18.0,11.284250259399414,51751
2013-10-03,18.06999969482422,18.1200008392334,17.729999542236328,17.8799991607666,11.20901870727539,12886
2013-10-04,17.8700008392334,18.229999542236328,17.760000228881836,18.059999465942383,11.321861267089844,4635
2013-10-07,18.209999084472656,18.545000076293945,18.15999984741211,18.190000534057617,11.403360366821289,18851
2013-10-08,18.229999542236328,18.3700008392334,17.899999618530273,17.899999618530273,11.221561431884766,21630
2013-10-09,18.040000915527344,18.540000915527344,18.040000915527344,18.450000762939453,11.56635856628418,23879
2013-10-10,18.389999389648438,18.420000076293945,18.100099563598633,18.25,11.440974235534668,13030
2013-10-11,18.31999969482422,18.349000930786133,18.1200008392334,18.1200008392334,11.359477996826172,34732
2013-10-14,18.100000381469727,18.479999542236328,18.100000381469727,18.43000030517578,11.553816795349121,13575
2013-10-15,18.489999771118164,18.524999618530273,18.36039924621582,18.479999542236328,11.585163116455078,10214
2013-10-16,18.510000228881836,18.6200008392334,18.270999908447266,18.399999618530273,11.535009384155273,25936
2013-10-17,18.450000762939453,18.530000686645508,18.33009910583496,18.469999313354492,11.57889175415039,8496
2013-10-18,18.43000030517578,18.450000762939453,18.400100708007812,18.450000762939453,11.56635856628418,4720
2013-10-21,19.219999313354492,19.389999389648438,19.110000610351562,19.25,12.067879676818848,36494
2013-10-22,19.3799991607666,19.420000076293945,19.06999969482422,19.09000015258789,11.96757698059082,39680
2013-10-23,19.0,19.0,18.719999313354492,18.719999313354492,11.735621452331543,53840
2013-10-24,18.600000381469727,18.600000381469727,18.25,18.290000915527344,11.46605110168457,22114
2013-10-25,18.34000015258789,18.6200008392334,18.329999923706055,18.54990005493164,11.628982543945312,28138
2013-10-28,18.579999923706055,18.719999313354492,18.399999618530273,18.5,11.597702026367188,63334
2013-10-29,18.549999237060547,18.600000381469727,18.33099937438965,18.3700008392334,11.516204833984375,72277
2013-10-30,18.350000381469727,18.43000030517578,18.344999313354492,18.3799991607666,11.522473335266113,12488
2013-10-31,18.43000030517578,18.43000030517578,18.1875,18.3799991607666,11.522473335266113,9394
2013-11-01,18.209999084472656,18.520000457763672,18.135900497436523,18.520000457763672,11.610238075256348,15282
2013-11-04,18.479999542236328,18.510000228881836,18.34000015258789,18.420000076293945,11.547545433044434,19590
2013-11-05,18.34000015258789,18.56999969482422,18.329999923706055,18.389999389648438,11.528741836547852,37063
2013-11-06,18.420000076293945,18.451000213623047,18.389999389648438,18.405000686645508,11.538145065307617,85673
2013-11-07,18.3799991607666,18.399999618530273,18.270000457763672,18.329999923706055,11.491127967834473,17220
2013-11-08,18.239999771118164,18.350000381469727,18.219999313354492,18.290000915527344,11.46605110168457,17968
2013-11-11,18.25,18.3799991607666,18.17009925842285,18.3799991607666,11.522473335266113,21083
2013-11-12,18.180999755859375,18.209999084472656,18.079999923706055,18.200000762939453,11.40963077545166,8448
2013-11-13,18.5,18.649999618530273,18.5,18.600000381469727,11.660391807556152,190037
2013-11-14,18.530000686645508,19.0,18.530000686645508,19.0,11.911152839660645,36256
2013-11-15,18.989999771118164,19.170000076293945,18.899999618530273,19.170000076293945,12.017725944519043,262057
2013-11-18,19.81999969482422,20.40999984741211,19.770000457763672,20.40999984741211,12.795083045959473,106786
2013-11-19,20.75,20.917499542236328,20.049999237060547,20.299999237060547,12.72612476348877,80138
2013-11-20,20.1299991607666,20.3700008392334,19.810400009155273,20.190000534057617,12.657163619995117,23039
2013-11-21,20.329999923706055,20.450000762939453,20.145000457763672,20.15999984741211,12.638357162475586,15362
2013-11-22,20.209999084472656,20.479999542236328,20.16349983215332,20.3799991607666,12.776278495788574,9380
2013-11-25,20.469999313354492,20.54199981689453,19.97010040283203,20.0,12.538055419921875,50022
2013-11-26,19.899999618530273,20.239999771118164,19.899999618530273,19.989999771118164,12.531785011291504,15831
2013-11-27,19.8700008392334,20.280000686645508,19.790000915527344,19.950000762939453,12.50671100616455,99094
2013-11-29,19.8700008392334,19.90999984741211,19.771499633789062,19.82990074157715,12.431419372558594,6496
2013-12-02,19.920000076293945,20.0,19.84000015258789,19.84000015258789,12.437749862670898,16782
2013-12-03,19.829999923706055,20.118999481201172,19.75,19.889999389648438,12.469095230102539,15847
2013-12-04,19.75,19.8799991607666,19.520000457763672,19.75,12.381330490112305,22323
2013-12-05,19.930999755859375,20.110000610351562,19.930999755859375,20.06999969482422,12.58193588256836,14142
2013-12-06,20.09000015258789,20.25,19.969999313354492,20.25,12.694781303405762,35977
2013-12-09,20.34000015258789,21.190000534057617,20.34000015258789,21.09000015258789,13.221380233764648,26615
2013-12-10,21.100000381469727,21.25,20.670000076293945,20.860000610351562,13.077190399169922,19290
2013-12-11,20.920000076293945,21.25,20.59000015258789,20.600000381469727,12.91419792175293,17075
2013-12-12,20.600000381469727,20.6200008392334,20.030399322509766,20.25,12.694781303405762,113257
2013-12-13,20.100000381469727,20.559999465942383,20.079999923706055,20.31999969482422,12.73866081237793,36169
2013-12-16,20.360000610351562,20.5,20.25,20.399999618530273,12.788816452026367,27940
2013-12-17,20.40999984741211,20.5,20.25,20.420000076293945,12.80135440826416,24399
2013-12-18,20.5,21.05500030517578,20.309999465942383,20.81999969482422,13.052115440368652,33746
2013-12-19,20.8799991607666,20.950000762939453,20.530000686645508,20.610000610351562,12.920465469360352,18220
2013-12-20,20.559999465942383,21.190000534057617,20.5,20.649999618530273,12.945539474487305,29647
2013-12-23,20.59000015258789,20.940000534057617,20.5,20.770000457763672,13.410419464111328,107243
2013-12-24,20.769899368286133,21.31999969482422,20.769899368286133,20.93000030517578,13.513725280761719,15036
2013-12-26,21.09000015258789,21.170000076293945,20.889999389648438,21.040000915527344,13.584750175476074,6868
2013-12-27,21.110000610351562,21.489999771118164,20.719999313354492,21.0,13.558919906616211,8184
2013-12-30,21.290000915527344,21.66990089416504,21.219999313354492,21.479999542236328,13.8688383102417,18443
2013-12-31,21.799999237060547,21.875,21.25,21.639999389648438,13.97214412689209,12457
2014-01-02,22.040000915527344,22.1299991607666,21.860000610351562,21.9950008392334,14.2013578414917,33445
2014-01-03,22.020000457763672,22.548999786376953,21.920000076293945,22.059999465942383,14.243321418762207,14376
2014-01-06,22.270000457763672,22.67959976196289,22.15999984741211,22.56999969482422,14.572614669799805,19516
2014-01-07,22.59000015258789,22.959999084472656,22.5,22.790000915527344,14.71466064453125,21103
2014-01-08,22.850000381469727,22.850000381469727,22.520000457763672,22.520000457763672,14.540328979492188,24528
2014-01-09,22.540000915527344,22.84000015258789,22.5,22.56999969482422,14.572614669799805,19106
2014-01-10,22.540000915527344,22.8700008392334,22.360000610351562,22.600000381469727,14.5919828414917,27549
2014-01-13,22.56999969482422,22.56999969482422,22.149999618530273,22.219999313354492,14.346627235412598,100247
2014-01-14,22.420000076293945,22.5,22.299999237060547,22.479999542236328,14.51450252532959,43205
2014-01-15,22.6299991607666,22.790000915527344,22.489999771118164,22.540000915527344,14.553244590759277,26511
2014-01-16,22.600000381469727,22.920000076293945,22.5,22.549999237060547,14.559699058532715,16940
2014-01-17,22.6299991607666,22.84000015258789,22.6299991607666,22.695999145507812,14.653966903686523,11884
2014-01-21,22.770000457763672,22.770000457763672,22.0,22.100000381469727,14.269153594970703,59441
2014-01-22,22.059999465942383,22.420000076293945,22.0,22.170000076293945,14.314349174499512,21480
2014-01-23,22.5,22.6200008392334,22.40999984741211,22.56999969482422,14.572614669799805,12503
2014-01-24,22.469999313354492,22.65999984741211,21.40999984741211,21.739999771118164,14.036711692810059,24064
2014-01-27,21.93000030517578,21.93000030517578,21.110000610351562,21.59000015258789,13.93986701965332,34098
2014-01-28,21.559999465942383,22.010000228881836,21.489999771118164,22.0,14.204585075378418,13746
2014-01-29,21.899999618530273,22.70989990234375,21.799999237060547,21.90999984741211,14.146476745605469,18518
2014-01-30,21.950000762939453,22.25,21.908599853515625,22.040000915527344,14.2304105758667,35971
2014-01-31,21.829999923706055,22.25,21.66010093688965,22.190000534057617,14.327259063720703,9117
2014-02-03,22.020000457763672,22.197500228881836,21.719999313354492,21.940000534057617,14.165842056274414,65920
2014-02-04,21.899999618530273,21.969999313354492,21.709999084472656,21.959999084472656,14.178753852844238,13758
2014-02-05,21.829999923706055,22.0,21.530099868774414,21.84000015258789,14.101277351379395,14167
2014-02-06,21.68000030517578,21.690000534057617,21.150999069213867,21.350000381469727,13.784902572631836,22395
2014-02-07,21.469999313354492,21.649999618530273,21.25,21.649999618530273,13.978598594665527,34102
2014-02-10,21.760000228881836,22.09000015258789,21.700000762939453,22.0,14.204585075378418,43642
2014-02-11,22.020000457763672,22.09000015258789,21.94300079345703,22.06999969482422,14.24978256225586,28508
2014-02-12,22.0,22.100000381469727,21.940000534057617,22.100000381469727,14.269153594970703,100398
2014-02-13,22.049999237060547,22.09000015258789,21.989999771118164,22.09000015258789,14.262696266174316,49213
2014-02-14,22.09000015258789,22.100000381469727,21.940000534057617,22.06999969482422,14.24978256225586,12041
2014-02-18,22.030000686645508,22.049999237060547,21.940000534057617,22.030000686645508,14.223953247070312,27190
2014-02-19,21.920000076293945,21.989999771118164,21.739999771118164,21.760000228881836,14.049620628356934,28918
2014-02-20,21.93000030517578,22.25,21.579999923706055,22.030000686645508,14.223953247070312,50065
2014-02-21,22.219999313354492,22.469999313354492,22.10099983215332,22.139999389648438,14.294974327087402,17998
2014-02-24,22.06999969482422,22.469999313354492,22.010000228881836,22.010000228881836,14.211042404174805,20773
2014-02-25,22.0,22.260000228881836,22.0,22.010000228881836,14.211042404174805,12686
2014-02-26,22.0,22.280000686645508,21.969999313354492,22.0,14.204585075378418,35065
2014-02-27,22.15999984741211,22.309999465942383,21.952299118041992,22.010000228881836,14.211042404174805,18352
2014-02-28,22.0,22.559999465942383,22.0,22.020000457763672,14.217495918273926,6896
2014-03-03,21.959999084472656,22.148500442504883,21.959999084472656,22.010000228881836,14.211042404174805,36829
2014-03-04,22.100000381469727,22.56999969482422,22.079999923706055,22.100000381469727,14.269153594970703,19576
2014-03-05,22.1299991607666,22.299999237060547,22.0,22.15999984741211,14.307891845703125,18993
2014-03-06,22.43000030517578,24.142499923706055,22.43000030517578,24.100000381469727,15.560474395751953,42471
2014-03-07,24.290000915527344,24.399999618530273,23.770000457763672,24.010000228881836,15.502366065979004,25616
2014-03-10,24.030000686645508,24.31999969482422,24.010000228881836,24.170000076293945,15.605669975280762,14144
2014-03-11,24.059999465942383,24.8700008392334,24.049999237060547,24.770000457763672,15.993073463439941,13631
2014-03-12,24.690000534057617,24.719999313354492,24.40999984741211,24.420000076293945,15.767088890075684,16658
2014-03-13,24.450000762939453,24.450000762939453,24.010400772094727,24.051799774169922,15.529353141784668,67627
2014-03-14,24.190000534057617,24.239999771118164,24.0,24.040000915527344,15.52173900604248,10874
2014-03-17,24.229999542236328,24.25,24.040000915527344,24.18000030517578,15.612128257751465,43864
2014-03-18,24.3799991607666,24.577999114990234,24.299999237060547,24.315000534057617,15.699297904968262,34870
2014-03-19,24.510000228881836,24.610000610351562,24.31999969482422,24.469999313354492,15.799368858337402,29841
2014-03-20,24.5,24.768999099731445,24.5,24.639999389648438,15.909137725830078,10593
2014-03-21,24.81999969482422,25.04990005493164,24.6299991607666,24.700000762939453,15.947876930236816,30209
2014-03-24,24.610000610351562,25.059999465942383,24.610000610351562,24.81999969482422,16.9156494140625,25846
2014-03-25,25.139999389648438,25.469999313354492,25.049999237060547,25.360000610351562,17.283679962158203,35352
2014-03-26,25.260000228881836,25.5,25.196500778198242,25.399999618530273,17.310937881469727,33090
2014-03-27,25.40999984741211,25.40999984741211,24.93000030517578,25.06999969482422,17.086030960083008,45596
2014-03-28,25.139999389648438,25.190000534057617,25.0,25.110000610351562,17.113296508789062,13083
2014-03-31,25.100000381469727,25.100000381469727,24.940000534057617,24.940000534057617,16.997432708740234,26745
2014-04-01,25.030000686645508,25.389999389648438,25.010000228881836,25.389999389648438,17.304122924804688,26422
2014-04-02,25.389999389648438,25.6299991607666,25.3799991607666,25.468000411987305,17.357284545898438,17224
2014-04-03,25.5,25.719999313354492,25.459999084472656,25.600000381469727,17.447248458862305,15600
2014-04-04,25.579999923706055,25.690000534057617,25.299999237060547,25.354999542236328,17.2802734375,9594
2014-04-07,25.3799991607666,25.729900360107422,25.3799991607666,25.510000228881836,17.385910034179688,21932
2014-04-08,25.579999923706055,25.68000030517578,25.461000442504883,25.61989974975586,17.460805892944336,14416
2014-04-09,25.790000915527344,25.799999237060547,25.65999984741211,25.700000762939453,17.51540184020996,67588
2014-04-10,25.719999313354492,25.719999313354492,24.93000030517578,24.93000030517578,16.99062156677246,49269
2014-04-11,24.920000076293945,25.100000381469727,24.579999923706055,24.610000610351562,16.772533416748047,29889
2014-04-14,24.600000381469727,24.789899826049805,23.15999984741211,23.489999771118164,16.00920867919922,55304
2014-04-15,23.5,23.809999465942383,23.252099990844727,23.75,16.18640899658203,52099
2014-04-16,23.670000076293945,23.809999465942383,23.43000030517578,23.489999771118164,16.00920867919922,35479
2014-04-17,23.209999084472656,23.489999771118164,23.180099487304688,23.43000030517578,15.968317031860352,23334
2014-04-21,23.440000534057617,23.469999313354492,23.239999771118164,23.450000762939453,15.981952667236328,12192
2014-04-22,23.940000534057617,24.350000381469727,23.84000015258789,24.049999237060547,16.390869140625,14341
2014-04-23,24.34000015258789,24.440000534057617,24.190000534057617,24.420000076293945,16.643037796020508,8214
2014-04-24,24.270000457763672,24.350000381469727,24.010000228881836,24.049999237060547,16.390869140625,6752
2014-04-25,24.1299991607666,24.34000015258789,23.950000762939453,24.139999389648438,16.452213287353516,7040
2014-04-28,24.540000915527344,24.59000015258789,24.040000915527344,24.280000686645508,16.547622680664062,21072
2014-04-29,24.280000686645508,24.280000686645508,23.899999618530273,24.020000457763672,16.37042236328125,10608
2014-04-30,23.915000915527344,24.049999237060547,23.829999923706055,23.829999923706055,16.240930557250977,3328
2014-05-01,23.829999923706055,24.0,23.799999237060547,23.799999237060547,16.220491409301758,4311
2014-05-02,23.8700008392334,24.008399963378906,23.68000030517578,23.739999771118164,16.179595947265625,5322
2014-05-05,23.56999969482422,23.739999771118164,23.54010009765625,23.690000534057617,16.14552116394043,18492
2014-05-06,23.610000610351562,23.639999389648438,23.43000030517578,23.479999542236328,16.002397537231445,13462
2014-05-07,23.299999237060547,23.299999237060547,23.121000289916992,23.190000534057617,15.804756164550781,7579
2014-05-08,23.1200008392334,23.219999313354492,22.68000030517578,22.780000686645508,15.525321006774902,19242
2014-05-09,22.6299991607666,22.979999542236328,22.500999450683594,22.920000076293945,15.620737075805664,13475
2014-05-12,23.290000915527344,24.078100204467773,23.290000915527344,23.850000381469727,16.25456428527832,29122
2014-05-13,23.790000915527344,24.200000762939453,23.790000915527344,24.030000686645508,16.37723731994629,13193
2014-05-14,24.139999389648438,24.510000228881836,23.780000686645508,24.229999542236328,16.5135440826416,10963
2014-05-15,24.860000610351562,25.170000076293945,23.019899368286133,24.190000534057617,16.486284255981445,26676
2014-05-16,24.1200008392334,24.59000015258789,23.490100860595703,24.59000015258789,16.758893966674805,6804
2014-05-19,24.510000228881836,24.569900512695312,24.209999084472656,24.559999465942383,16.738454818725586,13979
2014-05-20,24.360000610351562,24.479999542236328,24.079999923706055,24.479999542236328,16.68392562866211,5936
2014-05-21,24.489999771118164,24.489999771118164,24.066200256347656,24.139999389648438,16.452213287353516,5719
2014-05-22,24.06999969482422,24.06999969482422,23.600000381469727,23.639999389648438,16.111440658569336,10395
2014-05-23,23.600000381469727,23.690000534057617,23.41819953918457,23.579999923706055,16.0705509185791,5427
2014-05-27,23.75,24.0,23.75,23.979999542236328,16.343162536621094,20716
2014-05-28,24.049999237060547,24.440000534057617,24.0,24.1299991607666,16.445392608642578,8042
2014-05-29,24.0,24.280000686645508,23.920000076293945,24.104999542236328,16.428359985351562,9489
2014-05-30,24.139999389648438,24.40999984741211,23.469999313354492,23.469999313354492,15.995584487915039,37467
2014-06-02,23.459999084472656,23.799999237060547,22.84000015258789,23.3700008392334,15.927427291870117,42263
2014-06-03,23.329999923706055,24.117000579833984,23.2549991607666,23.59000015258789,16.077367782592773,7188
2014-06-04,23.670000076293945,23.739999771118164,23.290000915527344,23.489999771118164,16.00920867919922,13930
2014-06-05,23.200000762939453,23.530000686645508,22.760000228881836,23.510000228881836,16.022844314575195,12788
2014-06-06,23.459999084472656,23.530000686645508,23.030000686645508,23.530000686645508,16.03647232055664,8042
2014-06-09,23.530000686645508,23.6299991607666,23.061100006103516,23.270000457763672,15.859273910522461,24547
2014-06-10,23.209999084472656,23.360000610351562,22.850000381469727,22.979999542236328,15.661629676818848,23117
2014-06-11,24.09000015258789,24.239999771118164,23.920000076293945,23.93000030517578,16.309083938598633,22143
2014-06-12,24.15999984741211,24.25,23.950000762939453,24.100000381469727,16.424951553344727,5066
2014-06-13,24.149999618530273,24.25,24.0,24.1200008392334,16.438579559326172,5845
2014-06-16,24.309999465942383,24.5,24.15999984741211,24.389999389648438,17.090234756469727,11303
2014-06-17,24.489999771118164,24.59000015258789,24.25,24.280000686645508,17.013158798217773,7291
2014-06-18,24.450000762939453,24.450000762939453,23.969999313354492,24.18000030517578,16.943086624145508,12994
2014-06-19,24.59000015258789,24.729999542236328,24.45989990234375,24.549999237060547,17.202346801757812,12670
2014-06-20,24.68000030517578,24.68000030517578,24.530000686645508,24.68000030517578,17.293439865112305,3731
2014-06-23,24.75,24.780000686645508,24.649999618530273,24.700000762939453,17.307456970214844,4539
2014-06-24,24.600000381469727,24.81999969482422,24.47010040283203,24.540000915527344,17.195341110229492,5384
2014-06-25,24.15999984741211,24.299999237060547,23.700000762939453,24.200000762939453,16.957103729248047,10697
2014-06-26,24.010000228881836,24.059999465942383,23.709999084472656,23.709999084472656,16.613759994506836,6809
2014-06-27,23.760000228881836,23.989999771118164,23.600000381469727,23.909000396728516,16.75319480895996,2318
2014-06-30,23.90999984741211,24.409700393676758,23.90999984741211,24.350000381469727,17.062204360961914,10597
2014-07-01,24.18000030517578,24.3799991607666,24.010000228881836,24.350000381469727,17.062204360961914,6557
2014-07-02,24.15999984741211,24.649999618530273,24.15999984741211,24.450000762939453,17.13227653503418,14738
2014-07-03,24.389999389648438,24.469999313354492,24.15999984741211,24.43000030517578,17.118261337280273,6861
2014-07-07,23.950000762939453,24.139999389648438,23.860000610351562,23.950000762939453,16.78192901611328,8760
2014-07-08,23.489999771118164,23.489999771118164,23.225000381469727,23.43000030517578,16.417552947998047,13353
2014-07-09,23.559999465942383,23.8700008392334,23.551000595092773,23.780000686645508,16.662805557250977,3500
2014-07-10,23.600000381469727,23.889999389648438,23.549999237060547,23.8700008392334,16.725866317749023,8595
2014-07-11,23.93000030517578,24.030000686645508,23.889999389648438,23.907800674438477,16.75235366821289,9959
2014-07-14,23.899999618530273,23.979999542236328,23.81999969482422,23.940000534057617,16.774917602539062,15059
2014-07-15,24.219999313354492,24.450000762939453,24.149999618530273,24.329999923706055,17.048189163208008,3893
2014-07-16,24.170000076293945,24.360000610351562,24.020000457763672,24.360000610351562,17.069215774536133,6289
2014-07-17,24.1299991607666,24.399999618530273,24.049999237060547,24.100000381469727,16.887033462524414,2703
2014-07-18,24.059999465942383,24.219999313354492,23.850000381469727,24.100000381469727,16.887033462524414,4285
2014-07-21,23.979999542236328,24.15999984741211,23.8799991607666,24.1299991607666,16.908052444458008,4249
2014-07-22,23.940000534057617,24.1200008392334,23.780000686645508,23.790000915527344,16.669816970825195,3763
2014-07-23,23.8700008392334,23.979999542236328,23.540000915527344,23.559999465942383,16.508647918701172,9495
2014-07-24,23.760000228881836,23.989999771118164,23.719999313354492,23.989999771118164,16.80995750427246,6238
2014-07-25,23.790000915527344,24.149999618530273,23.5,23.8799991607666,16.732872009277344,6376
2014-07-28,24.0,24.0,23.790000915527344,23.860000610351562,16.71885871887207,6557
2014-07-29,23.940000534057617,24.110000610351562,23.850000381469727,23.850000381469727,16.71185302734375,5880
2014-07-30,23.84000015258789,23.959999084472656,23.549999237060547,23.549999237060547,16.501646041870117,10373
2014-07-31,23.5,23.5,23.0,23.079999923706055,16.172311782836914,12777
2014-08-01,23.079999923706055,23.690000534057617,22.799999237060547,23.010000228881836,16.12326431274414,12125
2014-08-04,22.84000015258789,22.84000015258789,22.600000381469727,22.600000381469727,15.835970878601074,6056
2014-08-05,22.5,22.81999969482422,22.469999313354492,22.5,15.765899658203125,8759
2014-08-06,22.219999313354492,22.219999313354492,21.459999084472656,21.709999084472656,15.212340354919434,33290
2014-08-07,21.469999313354492,21.700000762939453,21.299999237060547,21.420000076293945,15.009133338928223,6579
2014-08-08,21.309999465942383,21.739999771118164,21.209999084472656,21.469999313354492,15.044172286987305,18712
2014-08-11,22.43000030517578,22.739999771118164,21.0,21.559999465942383,15.107234954833984,175538
2014-08-12,21.450000762939453,21.649999618530273,21.33209991455078,21.399999618530273,14.99512004852295,52304
2014-08-13,21.5,21.639999389648438,21.350000381469727,21.610000610351562,15.142271041870117,30600
2014-08-14,21.670000076293945,21.719999313354492,21.260000228881836,21.40999984741211,15.002128601074219,28357
2014-08-15,21.389999389648438,21.6200008392334,21.254899978637695,21.469999313354492,15.044172286987305,16849
2014-08-18,21.34000015258789,21.59000015258789,21.299999237060547,21.350000381469727,14.960084915161133,15024
2014-08-19,21.43000030517578,21.520000457763672,21.219999313354492,21.280000686645508,14.911038398742676,16842
2014-08-20,21.329999923706055,21.459999084472656,21.270000457763672,21.329999923706055,14.946070671081543,5312
2014-08-21,21.5,21.75,21.5,21.639999389648438,15.163290977478027,8988
2014-08-22,21.540000915527344,21.850000381469727,21.149999618530273,21.84000015258789,15.303431510925293,8750
2014-08-25,21.530000686645508,21.530000686645508,21.020000457763672,21.350000381469727,14.960084915161133,21519
2014-08-26,21.420000076293945,21.65999984741211,21.420000076293945,21.65999984741211,15.177303314208984,16763
2014-08-27,21.850000381469727,21.989999771118164,21.719999313354492,21.829999923706055,15.296425819396973,7207
2014-08-28,21.770000457763672,21.989999771118164,21.649999618530273,21.829999923706055,15.296425819396973,8488
2014-08-29,21.969999313354492,21.969999313354492,21.549999237060547,21.899999618530273,15.345476150512695,5768
2014-09-02,21.799999237060547,22.15999984741211,21.799999237060547,21.950000762939453,15.380508422851562,18272
2014-09-03,21.940000534057617,22.110000610351562,21.940000534057617,21.969999313354492,15.39452075958252,15821
2014-09-04,21.959999084472656,22.139999389648438,21.6200008392334,21.979999542236328,15.401528358459473,11439
2014-09-05,21.860000610351562,21.979999542236328,21.670000076293945,21.729999542236328,15.226354598999023,12274
2014-09-08,21.799999237060547,22.129899978637695,21.760000228881836,21.860000610351562,15.31744384765625,16231
2014-09-09,21.93000030517578,22.100000381469727,21.729999542236328,21.75,15.240371704101562,10998
2014-09-10,22.09000015258789,22.170000076293945,21.93000030517578,22.0,15.415547370910645,9093
2014-09-11,21.950000762939453,21.950000762939453,21.700000762939453,21.75,15.240371704101562,15395
2014-09-12,22.489999771118164,22.489999771118164,21.59000015258789,21.75,15.240371704101562,8312
2014-09-15,21.229999542236328,21.270000457763672,21.049999237060547,21.100000381469727,14.784914016723633,18055
2014-09-16,20.799999237060547,21.139999389648438,20.510000228881836,21.079999923706055,14.77089786529541,28998
2014-09-17,20.943700790405273,21.190000534057617,20.8700008392334,21.069900512695312,14.763818740844727,11966
2014-09-18,21.200000762939453,21.399999618530273,21.010000228881836,21.149999618530273,15.29918098449707,17227
2014-09-19,20.829999923706055,21.510000228881836,20.600000381469727,21.200000762939453,15.33535099029541,13180
2014-09-22,21.549999237060547,21.559999465942383,21.299999237060547,21.3700008392334,15.458320617675781,10516
2014-09-23,21.34000015258789,21.459999084472656,21.149999618530273,21.200000762939453,15.33535099029541,12819
2014-09-24,21.329999923706055,21.360000610351562,21.15999984741211,21.239999771118164,15.364286422729492,1620
2014-09-25,21.1200008392334,21.329999923706055,21.100000381469727,21.209999084472656,15.342585563659668,8891
2014-09-26,21.290000915527344,21.299999237060547,21.200000762939453,21.200000762939453,15.33535099029541,12976
2014-09-29,21.149999618530273,21.31999969482422,21.09000015258789,21.149999618530273,15.29918098449707,70031
2014-09-30,21.149999618530273,21.20599937438965,21.100000381469727,21.149999618530273,15.29918098449707,20023
2014-10-01,21.18000030517578,21.3799991607666,21.094999313354492,21.145000457763672,15.29556655883789,6112
2014-10-02,21.239999771118164,21.350000381469727,21.0,21.149999618530273,15.29918098449707,7523
2014-10-03,21.060199737548828,21.3799991607666,21.020000457763672,21.18000030517578,15.320882797241211,52427
2014-10-06,21.270000457763672,21.420000076293945,21.0,21.389999389648438,15.472787857055664,81000
2014-10-07,21.06999969482422,21.260000228881836,21.049999237060547,21.110000610351562,15.270246505737305,119752
2014-10-08,21.149999618530273,21.360000610351562,21.100000381469727,21.280000686645508,15.393220901489258,20425
2014-10-09,21.25,21.520000457763672,21.200000762939453,21.200000762939453,15.33535099029541,9537
2014-10-10,21.149999618530273,21.31999969482422,21.100000381469727,21.219999313354492,15.34981918334961,24875
2014-10-13,21.010000228881836,21.100000381469727,20.8799991607666,20.969999313354492,15.168972969055176,80053
2014-10-14,20.829999923706055,21.040000915527344,20.809999465942383,20.934999465942383,15.143655776977539,10684
2014-10-15,21.239999771118164,21.239999771118164,20.799999237060547,21.020000457763672,15.205146789550781,24289
2014-10-16,21.100000381469727,21.360000610351562,20.93000030517578,21.260000228881836,15.378748893737793,21070
2014-10-17,21.149999618530273,21.479999542236328,21.100000381469727,21.239999771118164,15.364286422729492,10000
2014-10-20,20.93000030517578,21.139999389648438,20.760000228881836,20.975000381469727,15.172593116760254,34199
2014-10-21,20.899999618530273,21.149999618530273,20.8700008392334,20.969999313354492,15.168972969055176,10814
2014-10-22,20.860000610351562,20.899999618530273,20.780000686645508,20.809999465942383,15.053236961364746,4796
2014-10-23,20.739999771118164,20.739999771118164,20.430099487304688,20.530000686645508,14.850695610046387,10047
2014-10-24,20.739999771118164,20.739999771118164,20.510000228881836,20.579999923706055,14.886865615844727,5772
2014-10-27,20.479999542236328,20.729999542236328,20.34000015258789,20.579999923706055,14.886865615844727,12662
2014-10-28,20.579999923706055,20.780000686645508,20.579999923706055,20.780000686645508,15.031535148620605,13099
2014-10-29,20.68000030517578,20.760000228881836,20.537500381469727,20.549999237060547,14.86515998840332,4812
2014-10-30,20.100000381469727,20.600000381469727,19.549999237060547,20.459999084472656,14.800057411193848,42711
2014-10-31,20.59000015258789,20.600000381469727,20.25,20.489999771118164,14.821762084960938,6907
2014-11-03,20.33009910583496,20.549999237060547,20.33009910583496,20.520000457763672,14.843461036682129,15721
2014-11-04,20.399999618530273,20.399999618530273,20.219999313354492,20.219999313354492,14.626453399658203,5270
2014-11-05,20.209999084472656,20.350000381469727,20.191999435424805,20.309999465942383,14.69155502319336,9710
2014-11-06,20.1299991607666,20.280000686645508,20.06999969482422,20.1299991607666,14.56135368347168,8795
2014-11-07,20.149999618530273,20.399999618530273,20.149999618530273,20.3799991607666,14.742191314697266,18906
2014-11-10,20.219999313354492,20.559999465942383,20.18000030517578,20.489999771118164,14.821762084960938,11553
2014-11-11,20.110000610351562,20.34000015258789,20.110000610351562,20.299999237060547,14.684321403503418,12614
2014-11-12,20.280000686645508,20.299999237060547,20.050100326538086,20.260000228881836,14.655384063720703,9474
2014-11-13,20.260000228881836,20.309999465942383,20.100000381469727,20.290000915527344,14.677085876464844,9290
2014-11-14,20.1299991607666,20.299999237060547,20.110000610351562,20.200000762939453,14.611984252929688,3680
2014-11-17,20.34000015258789,20.5,19.530000686645508,20.479999542236328,14.814525604248047,8743
2014-11-18,20.857999801635742,21.25,20.780000686645508,21.229999542236328,15.357053756713867,191184
2014-11-19,21.25,21.309999465942383,21.149999618530273,21.269899368286133,15.38591480255127,11951
2014-11-20,21.1299991607666,21.299999237060547,20.979999542236328,21.299999237060547,15.407686233520508,14012
2014-11-21,21.510000228881836,21.75,21.22279930114746,21.24679946899414,15.369203567504883,4044
2014-11-24,20.899999618530273,21.229999542236328,20.5,21.200000762939453,15.33535099029541,24339
2014-11-25,21.049999237060547,21.479999542236328,21.049999237060547,21.329999923706055,15.4293851852417,37422
2014-11-26,21.350000381469727,21.600000381469727,21.344999313354492,21.540000915527344,15.581295013427734,10642
2014-11-28,21.739700317382812,21.739700317382812,21.610000610351562,21.700000762939453,15.69703483581543,7616
2014-12-01,21.739700317382812,21.799999237060547,21.600000381469727,21.750099182128906,15.733274459838867,15616
2014-12-02,21.450000762939453,21.889999389648438,21.405000686645508,21.549999237060547,15.58852767944336,14797
2014-12-03,21.329999923706055,21.950000762939453,21.290000915527344,21.809999465942383,15.776606559753418,18400
2014-12-04,21.769399642944336,22.110000610351562,21.7450008392334,22.02869987487793,15.934799194335938,3663
2014-12-05,22.040000915527344,22.1299991607666,21.670000076293945,21.67099952697754,15.676055908203125,5437
2014-12-08,21.6200008392334,21.739999771118164,21.3700008392334,21.700000762939453,15.69703483581543,12040
2014-12-09,21.59000015258789,22.479999542236328,21.489999771118164,21.709999084472656,15.704264640808105,28358
2014-12-10,21.739999771118164,22.09000015258789,21.684999465942383,21.719999313354492,15.711499214172363,7027
2014-12-11,21.600000381469727,21.889999389648438,21.5,21.8700008392334,15.820003509521484,19081
2014-12-12,21.649999618530273,21.770000457763672,21.39550018310547,21.735000610351562,15.722352027893066,4985
2014-12-15,21.81999969482422,21.8799991607666,21.559999465942383,21.59000015258789,15.617462158203125,2278
2014-12-16,21.200000762939453,21.739999771118164,21.200000762939453,21.420000076293945,15.494489669799805,8720
2014-12-17,21.34000015258789,22.700000762939453,21.18000030517578,21.59000015258789,15.617462158203125,12314
2014-12-18,21.510000228881836,22.69969940185547,21.40999984741211,21.690000534057617,15.689803123474121,11174
2014-12-19,21.549999237060547,22.450000762939453,21.549999237060547,22.450000762939453,16.877620697021484,23539
2014-12-22,22.329999923706055,22.469999313354492,22.210100173950195,22.399999618530273,16.840036392211914,19705
2014-12-23,22.3700008392334,23.489999771118164,22.000099182128906,22.65999984741211,17.035497665405273,14890
2014-12-24,22.010000228881836,22.177000045776367,21.950000762939453,22.104000091552734,16.61750602722168,47917
2014-12-26,22.09000015258789,22.11400032043457,21.81999969482422,22.09000015258789,16.60698127746582,9735
2014-12-29,21.479999542236328,22.075000762939453,21.3799991607666,22.0,16.53931999206543,80788
2014-12-30,21.950000762939453,22.100000381469727,21.93000030517578,22.06100082397461,16.58517837524414,7800
2014-12-31,22.02720069885254,22.510000228881836,21.969999313354492,22.040000915527344,16.56938934326172,7574
2015-01-02,21.58009910583496,22.239999771118164,21.58009910583496,21.690000534057617,16.306262969970703,10311
2015-01-05,21.339399337768555,21.459999084472656,21.150100708007812,21.329999923706055,16.035625457763672,22773
2015-01-06,21.270000457763672,21.469999313354492,20.93280029296875,21.34000015258789,16.043140411376953,18659
2015-01-07,21.190000534057617,21.439899444580078,21.079999923706055,21.25,15.975476264953613,17407
2015-01-08,21.56999969482422,21.75,21.31999969482422,21.600000381469727,16.238605499267578,18542
2015-01-09,22.09000015258789,22.09000015258789,21.3799991607666,21.600000381469727,16.238605499267578,10751
2015-01-12,21.5,21.93000030517578,21.440000534057617,21.540000915527344,16.193496704101562,25262
2015-01-13,21.690000534057617,21.889999389648438,21.31999969482422,21.31999969482422,16.02810287475586,24722
2015-01-14,21.299999237060547,21.389999389648438,21.030000686645508,21.06999969482422,15.840157508850098,13520
2015-01-15,21.079999923706055,21.190000534057617,20.729999542236328,21.049999237060547,15.825117111206055,11432
2015-01-16,21.059999465942383,21.1200008392334,20.760000228881836,21.1200008392334,15.877750396728516,6310
2015-01-20,20.959999084472656,21.100000381469727,20.91010093688965,21.100000381469727,15.862709999084473,22582
2015-01-21,20.989999771118164,21.100000381469727,20.940000534057617,21.030000686645508,15.810089111328125,4676
2015-01-22,21.100000381469727,21.5,20.979999542236328,21.5,16.163429260253906,9390
2015-01-23,21.1299991607666,21.379899978637695,21.030000686645508,21.030000686645508,15.810089111328125,18044
2015-01-26,20.989999771118164,21.190000534057617,20.950000762939453,21.079999923706055,15.847673416137695,7959
2015-01-27,21.079999923706055,21.34000015258789,21.0,21.270000457763672,15.99051570892334,5223
2015-01-28,21.149999618530273,21.280000686645508,20.930099487304688,21.0,15.787528991699219,19784
2015-01-29,21.034000396728516,21.190000534057617,20.899999618530273,20.989999771118164,15.780009269714355,5870
2015-01-30,21.010000228881836,21.18000030517578,20.719999313354492,20.75160026550293,15.600789070129395,13571
2015-02-02,20.81999969482422,21.290000915527344,20.729999542236328,21.06999969482422,15.840157508850098,13967
2015-02-03,21.18899917602539,21.649999618530273,21.040000915527344,21.375,16.069456100463867,4809
2015-02-04,21.315000534057617,21.56999969482422,21.270000457763672,21.530000686645508,16.18598175048828,1972
2015-02-05,21.520000457763672,21.81999969482422,21.520000457763672,21.719999313354492,16.328819274902344,1980
2015-02-06,21.33009910583496,21.770000457763672,21.33009910583496,21.68000030517578,16.298748016357422,8784
2015-02-09,21.889999389648438,21.989999771118164,21.729999542236328,21.889999389648438,16.456621170043945,12964
2015-02-10,22.1023006439209,22.219999313354492,22.0,22.06170082092285,16.58570671081543,3775
2015-02-11,22.049999237060547,22.5,22.049999237060547,22.450000762939453,16.877620697021484,7995
2015-02-12,22.020000457763672,22.139999389648438,21.88010025024414,21.975000381469727,16.52052879333496,10980
2015-02-13,21.999900817871094,22.09000015258789,21.729999542236328,21.954999923706055,16.5054874420166,4074
2015-02-17,22.231000900268555,22.5,22.110000610351562,22.489999771118164,16.907695770263672,6869
2015-02-18,22.56999969482422,22.864999771118164,22.489999771118164,22.799999237060547,17.1407527923584,20214
2015-02-19,22.989999771118164,23.09000015258789,22.860000610351562,23.0,17.291109085083008,10588
2015-02-20,22.73579978942871,23.09000015258789,22.729999542236328,23.09000015258789,17.358766555786133,4367
2015-02-23,23.170000076293945,23.350000381469727,23.030000686645508,23.190000534057617,17.433944702148438,13575
2015-02-24,23.040000915527344,23.239999771118164,23.040000915527344,23.079999923706055,17.35124969482422,4929
2015-02-25,23.25,23.389999389648438,23.209999084472656,23.290000915527344,17.509126663208008,8157
2015-02-26,23.209999084472656,23.389999389648438,23.059999465942383,23.16010093688965,17.411466598510742,3209
2015-02-27,23.290000915527344,23.29450035095215,23.040000915527344,23.040000915527344,17.321176528930664,2312
2015-03-02,23.09000015258789,23.149999618530273,23.0,23.139999389648438,17.39635467529297,8760
2015-03-03,23.049999237060547,23.059999465942383,22.68000030517578,22.780000686645508,17.125717163085938,2362
2015-03-04,23.079999923706055,23.1200008392334,22.90999984741211,22.90999984741211,17.223445892333984,2177
2015-03-05,23.1299991607666,23.1299991607666,22.8799991607666,22.889999389648438,17.208406448364258,1519
2015-03-06,22.799999237060547,22.799999237060547,22.520000457763672,22.540000915527344,16.945287704467773,7352
2015-03-09,22.6299991607666,22.959999084472656,22.6299991607666,22.899999618530273,17.215925216674805,14573
2015-03-10,22.760000228881836,22.760000228881836,22.389999389648438,22.559999465942383,16.9603214263916,8076
2015-03-11,22.3799991607666,22.549999237060547,22.265600204467773,22.329999923706055,16.78740692138672,3691
2015-03-12,22.610000610351562,22.820899963378906,22.510000228881836,22.790000915527344,17.133230209350586,4324
2015-03-13,22.579999923706055,22.68000030517578,22.290000915527344,22.329999923706055,16.78740692138672,4472
2015-03-16,22.530000686645508,22.55500030517578,22.3799991607666,22.5,16.915212631225586,4599
2015-03-17,22.299999237060547,22.790000915527344,22.25,22.350000381469727,16.802448272705078,13509
2015-03-18,22.440000534057617,22.93000030517578,22.350000381469727,22.8700008392334,17.193378448486328,11338
2015-03-19,22.600000381469727,22.93000030517578,22.40999984741211,22.510000228881836,16.9227294921875,21145
2015-03-20,22.280000686645508,22.280000686645508,22.0049991607666,22.139999389648438,17.664743423461914,6867
2015-03-23,22.1299991607666,22.40999984741211,22.100000381469727,22.329999923706055,17.816343307495117,7067
2015-03-24,22.709999084472656,22.940000534057617,22.700000762939453,22.739999771118164,18.143463134765625,12037
2015-03-25,23.0,23.0,22.6200008392334,22.670000076293945,18.087617874145508,19443
2015-03-26,22.835599899291992,22.969999313354492,22.65239906311035,22.84000015258789,18.223249435424805,9402
2015-03-27,22.851999282836914,23.059999465942383,22.790000915527344,22.84000015258789,18.223249435424805,3941
2015-03-30,22.851999282836914,22.609899520874023,22.360000610351562,22.510000228881836,17.9599552154541,17398
2015-03-31,22.0,22.049999237060547,21.84000015258789,22.0,17.553043365478516,25588
2015-04-01,22.489999771118164,22.5,22.239999771118164,22.489999771118164,17.943998336791992,14026
2015-04-02,22.510000228881836,22.75,22.489999771118164,22.579999923706055,18.01580810546875,16943
2015-04-06,22.950000762939453,23.459999084472656,22.799999237060547,23.34000015258789,18.622188568115234,7867
2015-04-07,23.309999465942383,23.40999984741211,23.211000442504883,23.290000915527344,18.582292556762695,10850
2015-04-08,23.277099609375,23.277099609375,22.719999313354492,23.030000686645508,18.37485122680664,10615
2015-04-09,23.429899215698242,23.429899215698242,22.951200485229492,23.110000610351562,18.438678741455078,1719
2015-04-10,23.15999984741211,23.170000076293945,22.799999237060547,22.98870086669922,18.34189224243164,3218
2015-04-13,23.1299991607666,23.18000030517578,22.739999771118164,22.909400939941406,18.278629302978516,26567
2015-04-14,23.1299991607666,23.170000076293945,22.78499984741211,22.989999771118164,18.342931747436523,11268
2015-04-15,23.110000610351562,23.139999389648438,22.889999389648438,22.940000534057617,18.30303955078125,2769
2015-04-16,23.040000915527344,23.25819969177246,23.020000457763672,23.079999923706055,18.41474151611328,8564
2015-04-17,23.0,23.0,22.81999969482422,22.899999618530273,18.2711238861084,8911
2015-04-20,22.739999771118164,22.84000015258789,22.739999771118164,22.829999923706055,18.215274810791016,2028
2015-04-21,23.06999969482422,23.1299991607666,23.010000228881836,23.059999465942383,18.398780822753906,3893
2015-04-22,23.09000015258789,23.309999465942383,23.09000015258789,23.309999465942383,18.59825325012207,467
2015-04-23,23.149999618530273,23.329999923706055,23.149999618530273,23.31999969482422,18.60622787475586,1345
2015-04-24,23.329999923706055,23.739999771118164,23.309999465942383,23.440000534057617,18.701967239379883,1814
2015-04-27,23.549999237060547,23.68000030517578,23.450000762939453,23.530000686645508,18.773784637451172,8105
2015-04-28,23.200000762939453,23.450000762939453,23.139999389648438,23.270000457763672,18.566335678100586,6053
2015-04-29,23.155000686645508,23.219999313354492,22.940000534057617,23.199899673461914,18.51040267944336,3219
2015-04-30,23.110000610351562,23.309900283813477,22.809999465942383,22.809999465942383,18.199316024780273,13070
2015-05-01,23.200000762939453,23.200000762939453,22.530099868774414,22.860000610351562,18.23921012878418,9451
2015-05-04,23.420000076293945,23.479999542236328,23.17799949645996,23.350000381469727,18.630159378051758,4645
2015-05-05,23.360000610351562,23.6200008392334,23.34000015258789,23.3799991607666,18.65410041809082,3830
2015-05-06,23.035200119018555,23.299999237060547,23.035200119018555,23.299999237060547,18.590267181396484,1976
2015-05-07,23.270000457763672,23.270000457763672,23.139999389648438,23.18000030517578,18.494525909423828,5141
2015-05-08,23.110000610351562,23.5,23.110000610351562,23.350000381469727,18.630159378051758,3897
2015-05-11,23.31999969482422,23.639999389648438,23.31999969482422,23.469999313354492,18.725906372070312,2840
2015-05-12,23.299999237060547,23.299999237060547,23.060100555419922,23.167499542236328,18.48455238342285,10006
2015-05-13,23.459999084472656,23.459999084472656,23.299999237060547,23.329999923706055,18.614206314086914,4767
2015-05-14,23.469999313354492,23.559999465942383,23.309999465942383,23.559999465942383,18.797714233398438,2935
2015-05-15,23.079999923706055,23.559999465942383,23.079999923706055,23.549999237060547,18.789735794067383,2467
2015-05-18,24.798999786376953,25.0,24.600000381469727,24.829999923706055,19.811002731323242,31016
2015-05-19,24.860000610351562,24.860000610351562,23.049999237060547,24.31999969482422,19.404094696044922,8357
2015-05-20,23.99880027770996,24.18000030517578,23.950000762939453,23.993499755859375,19.143590927124023,2071
2015-05-21,24.600000381469727,24.600000381469727,24.200000762939453,24.389999389648438,19.45993995666504,7190
2015-05-22,24.389999389648438,24.389999389648438,24.389999389648438,24.389999389648438,19.45993995666504,1104
2015-05-26,24.139999389648438,24.139999389648438,23.8700008392334,24.100000381469727,19.228559494018555,3978
2015-05-27,24.25,24.329999923706055,23.799999237060547,23.969999313354492,19.124841690063477,5876
2015-05-28,23.809999465942383,23.899999618530273,23.19610023498535,23.75,18.94930648803711,10066
2015-05-29,23.15999984741211,23.8700008392334,23.15999984741211,23.25,18.550376892089844,15987
2015-06-01,24.486000061035156,24.739999771118164,24.3799991607666,24.59000015258789,19.619518280029297,16659
2015-06-02,24.799999237060547,24.914499282836914,24.600000381469727,24.899999618530273,19.86685562133789,8257
2015-06-03,24.986400604248047,24.986400604248047,24.76959991455078,24.76959991455078,19.7628116607666,681
2015-06-04,24.65999984741211,24.899999618530273,23.36400032043457,24.5,19.54770851135254,4506
2015-06-05,23.794200897216797,24.450000762939453,23.794200897216797,24.450000762939453,19.507814407348633,1257
2015-06-08,24.247499465942383,24.40999984741211,23.780099868774414,24.056800842285156,19.194093704223633,2264
2015-06-09,24.276500701904297,24.549999237060547,23.760000228881836,23.90999984741211,19.07697105407715,2173
2015-06-10,24.010000228881836,24.559999465942383,24.010000228881836,24.559999465942383,19.595582962036133,1914
2015-06-11,24.309999465942383,24.479999542236328,23.960100173950195,24.479999542236328,19.53175163269043,1195
2015-06-12,24.06999969482422,24.489999771118164,23.989999771118164,24.06999969482422,19.20462417602539,2586
2015-06-15,24.149999618530273,24.68000030517578,24.079999923706055,24.68000030517578,20.203330993652344,1480
2015-06-16,24.739999771118164,24.739999771118164,24.5,24.729999542236328,20.244258880615234,4258
2015-06-17,24.5,24.700000762939453,23.479999542236328,24.5,20.055980682373047,6622
2015-06-18,24.75,24.879899978637695,24.389999389648438,24.65999984741211,20.186962127685547,3013
2015-06-19,24.6200008392334,24.809999465942383,24.600099563598633,24.746999740600586,20.2581787109375,896
2015-06-22,25.020000457763672,25.059999465942383,25.0,25.0,20.465286254882812,2526
2015-06-23,24.389999389648438,24.579999923706055,24.161500930786133,24.350000381469727,19.93319320678711,12097
2015-06-24,24.3700008392334,24.579999923706055,24.3700008392334,24.5,20.055980682373047,10463
2015-06-25,24.579999923706055,25.09000015258789,24.579999923706055,25.0,20.465286254882812,2528
2015-06-26,24.610000610351562,24.610000610351562,24.239999771118164,24.5,20.055980682373047,1482
2015-06-29,24.315000534057617,24.450000762939453,24.020000457763672,24.2549991607666,19.85542106628418,17832
2015-06-30,24.739999771118164,25.09000015258789,24.579999923706055,24.93000030517578,20.407983779907227,3644
2015-07-01,25.0,25.09000015258789,24.899999618530273,25.09000015258789,20.538965225219727,3100
2015-07-02,25.139999389648438,25.139999389648438,24.711999893188477,25.049999237060547,20.506214141845703,4233
2015-07-06,25.0,25.100000381469727,24.8700008392334,25.100000381469727,20.547149658203125,2314
2015-07-07,24.920000076293945,25.0,24.7908992767334,24.799999237060547,20.30156898498535,24524
2015-07-08,24.979999542236328,24.979999542236328,24.399999618530273,24.600000381469727,20.137840270996094,4999
2015-07-09,24.719999313354492,24.969999313354492,24.2549991607666,24.450000762939453,20.015052795410156,8450
2015-07-10,24.700000762939453,24.899999618530273,24.600000381469727,24.899999618530273,20.3834285736084,4219
2015-07-13,25.100000381469727,25.350000381469727,24.889999389648438,25.280000686645508,20.694501876831055,10989
2015-07-14,25.5,25.559999465942383,25.329999923706055,25.440000534057617,20.825477600097656,1995
2015-07-15,25.31999969482422,25.579999923706055,25.100000381469727,25.299999237060547,20.710872650146484,3072
2015-07-16,25.350000381469727,25.5,25.059999465942383,25.290000915527344,20.702688217163086,4230
2015-07-17,25.100000381469727,25.3799991607666,24.739999771118164,25.1200008392334,20.563518524169922,8308
2015-07-20,25.31999969482422,25.459999084472656,25.200000762939453,25.450000762939453,20.83366584777832,7013
2015-07-21,25.56999969482422,25.59000015258789,25.15999984741211,25.176000595092773,20.60936737060547,2878
2015-07-22,25.219999313354492,25.219999313354492,24.520000457763672,24.8700008392334,20.35887336730957,6504
2015-07-23,25.100000381469727,25.360000610351562,24.739999771118164,24.959999084472656,20.432538986206055,9767
2015-07-24,24.700000762939453,25.299999237060547,24.530000686645508,24.700000762939453,20.219707489013672,11553
2015-07-27,25.350000381469727,25.469999313354492,25.149999618530273,25.229999542236328,20.653568267822266,10388
2015-07-28,25.75,25.899999618530273,25.650100708007812,25.69499969482422,21.034223556518555,1915
2015-07-29,25.840999603271484,25.950000762939453,25.81999969482422,25.940000534057617,21.234785079956055,3419
2015-07-30,25.520000457763672,25.520000457763672,25.25,25.25,20.669939041137695,1064
2015-07-31,25.790000915527344,26.0,25.489999771118164,25.649999618530273,20.997390747070312,1597
2015-08-03,24.93000030517578,25.219999313354492,24.899999618530273,24.969999313354492,20.440731048583984,7452
2015-08-04,25.25,25.559999465942383,25.25,25.559999465942383,20.9237117767334,1993
2015-08-05,25.40999984741211,25.610000610351562,25.31999969482422,25.549999237060547,20.915525436401367,1796
2015-08-06,25.450000762939453,25.889999389648438,25.299999237060547,25.8700008392334,21.177480697631836,6451
2015-08-07,24.908300399780273,25.940000534057617,24.908300399780273,25.770000457763672,21.095617294311523,1507
2015-08-10,25.520000457763672,25.899999618530273,25.25,25.270000457763672,20.686315536499023,5850
2015-08-11,25.963300704956055,25.963300704956055,25.299999237060547,25.399999618530273,20.79273223876953,2510
2015-08-12,25.420000076293945,25.969999313354492,25.40999984741211,25.719999313354492,21.054685592651367,3908
2015-08-13,25.540000915527344,25.719999313354492,25.010099411010742,25.709999084472656,21.0465030670166,2257
2015-08-14,25.709999084472656,25.979999542236328,25.024999618530273,25.110000610351562,20.55533790588379,3031
2015-08-17,25.450000762939453,25.940000534057617,25.450000762939453,25.8700008392334,21.177480697631836,8087
2015-08-18,25.760000228881836,25.799999237060547,25.116899490356445,25.40999984741211,20.800918579101562,2194
2015-08-19,25.39240074157715,25.39240074157715,25.1299991607666,25.190000534057617,20.62082862854004,5080
2015-08-20,24.8700008392334,25.110000610351562,24.510000228881836,24.799999237060547,20.30156898498535,12259
2015-08-21,24.649999618530273,24.799999237060547,24.5,24.700000762939453,20.219707489013672,46510
2015-08-24,23.0,23.830799102783203,22.459999084472656,23.729999542236328,19.42565155029297,40730
2015-08-25,23.979999542236328,24.239999771118164,23.790000915527344,23.829999923706055,19.507509231567383,2915
2015-08-26,24.06999969482422,24.190000534057617,23.170000076293945,23.739999771118164,19.433835983276367,2707
2015-08-27,24.06999969482422,24.299999237060547,24.010000228881836,24.100000381469727,19.72853660583496,18154
2015-08-28,24.020000457763672,24.219999313354492,24.010000228881836,24.219999313354492,19.826772689819336,2091
2015-08-31,24.329999923706055,24.329999923706055,23.899999618530273,24.170000076293945,19.785842895507812,3444
2015-09-01,23.65999984741211,24.010000228881836,23.299999237060547,23.75,19.442020416259766,2606
2015-09-02,23.899999618530273,24.030000686645508,23.719999313354492,23.81999969482422,19.499326705932617,3956
2015-09-03,23.6299991607666,24.149999618530273,23.260099411010742,23.649999618530273,19.36016273498535,3371
2015-09-04,23.010000228881836,23.959999084472656,23.010000228881836,23.799999237060547,19.482955932617188,7260
2015-09-08,23.652999877929688,23.829999923706055,23.6200008392334,23.829999923706055,19.507509231567383,5342
2015-09-09,23.89299964904785,24.219999313354492,23.89299964904785,24.149999618530273,19.76947021484375,5550
2015-09-10,23.969999313354492,24.149999618530273,23.360000610351562,23.809999465942383,19.491140365600586,5952
2015-09-11,23.450000762939453,24.229900360107422,23.3799991607666,24.229900360107422,19.83487892150879,4794
2015-09-14,23.459999084472656,23.84000015258789,23.459999084472656,23.5,19.237369537353516,6226
2015-09-15,23.649999618530273,23.93000030517578,23.649999618530273,23.920000076293945,19.581188201904297,2844
2015-09-16,23.850000381469727,23.850000381469727,23.0,23.072999954223633,18.8878231048584,3103
2015-09-17,23.170000076293945,23.600000381469727,23.0,23.399999618530273,19.15550994873047,4766
2015-09-18,23.489999771118164,23.489999771118164,22.912599563598633,23.35099983215332,19.11539649963379,2234
2015-09-21,22.969999313354492,22.969999313354492,22.71500015258789,22.71500015258789,18.594758987426758,2331
2015-09-22,22.459999084472656,22.549999237060547,22.3700008392334,22.3700008392334,18.425907135009766,1445
2015-09-23,22.363500595092773,22.489999771118164,22.363500595092773,22.3700008392334,18.425907135009766,720
2015-09-24,22.010000228881836,22.010000228881836,18.520000457763672,20.889999389648438,17.20684814453125,23193
2015-09-25,21.020000457763672,21.15999984741211,21.0,21.15999984741211,17.429237365722656,7645
2015-09-28,20.809999465942383,21.0,20.149999618530273,20.690000534057617,17.0421085357666,14434
2015-09-29,20.15999984741211,20.690000534057617,20.15999984741211,20.540000915527344,16.918560028076172,3484
2015-09-30,20.290000915527344,20.84000015258789,20.290000915527344,20.540000915527344,16.918560028076172,3575
2015-10-01,20.530000686645508,20.8799991607666,20.46500015258789,20.8799991607666,17.198610305786133,9939
2015-10-02,20.299999237060547,21.020000457763672,20.299999237060547,21.020000457763672,17.313928604125977,1996
2015-10-05,21.149999618530273,21.360000610351562,21.149999618530273,21.360000610351562,17.593976974487305,3559
2015-10-06,21.65999984741211,21.65999984741211,21.43000030517578,21.510000228881836,17.717533111572266,3790
2015-10-07,22.049999237060547,22.1299991607666,22.010000228881836,22.100000381469727,18.203510284423828,4350
2015-10-08,22.100000381469727,22.290000915527344,22.0,22.290000915527344,18.36000633239746,2944
2015-10-09,22.600000381469727,22.6299991607666,22.360000610351562,22.360000610351562,18.417667388916016,1028
2015-10-12,21.790000915527344,21.940000534057617,21.760000228881836,21.940000534057617,18.071718215942383,1720
2015-10-13,21.299999237060547,21.479999542236328,21.219999313354492,21.290000915527344,17.536325454711914,2221
2015-10-14,21.290000915527344,21.8799991607666,21.11870002746582,21.639999389648438,17.824609756469727,1750
2015-10-15,21.31999969482422,21.3799991607666,21.242000579833984,21.3799991607666,17.610454559326172,4053
2015-10-16,20.726999282836914,21.350000381469727,20.726999282836914,21.34000015258789,17.577505111694336,1452
2015-10-19,20.56999969482422,21.0,20.420000076293945,20.920000076293945,17.231557846069336,6294
2015-10-20,21.34000015258789,21.399700164794922,20.8799991607666,20.8799991607666,17.198610305786133,5652
2015-10-21,21.1299991607666,21.31999969482422,21.1299991607666,21.309999465942383,17.55279541015625,2443
2015-10-22,20.920000076293945,20.979999542236328,20.444499969482422,20.979999542236328,17.28097915649414,3423
2015-10-23,20.8799991607666,21.09000015258789,20.81999969482422,20.81999969482422,17.149188995361328,840
2015-10-26,20.049999237060547,20.610000610351562,20.049999237060547,20.222999572753906,16.657445907592773,16087
2015-10-27,20.5,20.530000686645508,20.5,20.530000686645508,16.910320281982422,532
2015-10-28,20.450000762939453,20.5,20.19099998474121,20.5,16.885604858398438,1588
2015-10-29,20.75,21.079999923706055,20.649999618530273,21.040000915527344,17.330400466918945,4658
2015-10-30,21.030000686645508,21.030000686645508,20.229999542236328,21.010000228881836,17.305688858032227,1201
2015-11-02,20.8700008392334,21.299999237060547,20.8700008392334,21.299999237060547,17.5445556640625,1279
2015-11-03,21.010000228881836,21.18000030517578,20.65999984741211,21.18000030517578,17.445716857910156,2138
2015-11-04,21.336599349975586,21.8700008392334,21.327899932861328,21.770000457763672,17.93168830871582,2066
2015-11-05,21.770000457763672,22.399999618530273,21.670000076293945,22.399700164794922,18.45036506652832,18429
2015-11-06,22.110000610351562,22.110000610351562,21.740999221801758,21.950000762939453,18.079954147338867,30782
2015-11-09,21.469999313354492,21.719999313354492,21.360000610351562,21.600000381469727,17.79166603088379,4198
2015-11-10,21.600000381469727,21.979999542236328,21.549999237060547,21.850000381469727,17.99758529663086,4379
2015-11-11,21.860000610351562,22.3799991607666,21.860000610351562,21.8981990814209,18.037288665771484,1827
2015-11-12,22.02050018310547,22.39900016784668,21.979999542236328,22.25,18.327062606811523,9214
2015-11-13,21.610000610351562,22.209999084472656,21.610000610351562,22.149999618530273,18.244691848754883,7711
2015-11-16,22.0,22.030000686645508,21.974000930786133,22.030000686645508,18.145849227905273,4635
2015-11-17,22.360000610351562,22.75,21.96500015258789,22.75,18.73890495300293,24863
2015-11-18,22.020000457763672,22.25,21.84000015258789,22.25,18.327062606811523,2553
2015-11-19,21.969999313354492,22.149999618530273,21.739999771118164,22.149999618530273,18.244691848754883,3857
2015-11-20,22.25,22.25,22.0,22.0,18.121143341064453,8279
2015-11-23,21.09000015258789,21.200000762939453,20.940000534057617,21.0,17.29745101928711,40618
2015-11-24,21.0,21.06999969482422,20.799999237060547,20.950000762939453,17.256263732910156,11534
2015-11-25,20.979999542236328,21.059999465942383,20.579999923706055,20.940000534057617,17.248031616210938,10628
2015-11-27,20.5,20.6299991607666,20.5,20.540000915527344,16.918560028076172,5242
2015-11-30,20.149999618530273,20.34000015258789,20.09000015258789,20.200000762939453,16.63850212097168,25079
2015-12-01,20.170000076293945,20.260000228881836,19.940000534057617,20.25,16.679685592651367,13274
2015-12-02,20.25,20.25,20.040000915527344,20.1299991607666,16.580842971801758,13986
2015-12-03,20.020000457763672,20.200000762939453,20.020000457763672,20.179899215698242,16.6219425201416,5943
2015-12-04,20.0,20.600000381469727,20.0,20.239999771118164,16.67144775390625,3513
2015-12-07,20.0,20.100000381469727,19.920000076293945,20.0,16.4737606048584,12226
2015-12-08,19.8799991607666,20.0,19.8700008392334,20.0,16.4737606048584,3039
2015-12-09,19.899999618530273,19.979999542236328,19.809999465942383,19.889999389648438,16.38315773010254,4064
2015-12-10,19.850000381469727,20.049999237060547,19.850000381469727,20.0,16.4737606048584,2706
2015-12-11,19.75,20.1299991607666,19.729999542236328,19.799999237060547,16.30902671813965,8619
2015-12-14,19.200000762939453,19.350000381469727,19.134000778198242,19.299999237060547,15.897180557250977,11522
2015-12-15,18.829999923706055,19.020000457763672,18.59000015258789,19.020000457763672,15.66655158996582,32199
2015-12-16,18.600000381469727,18.8799991607666,18.5,18.8799991607666,15.551233291625977,65389
2015-12-17,18.8700008392334,18.8700008392334,18.600000381469727,18.610000610351562,15.328838348388672,17093
2015-12-18,18.610000610351562,18.6299991607666,18.350000381469727,18.5,15.238232612609863,43964
2015-12-21,17.8700008392334,17.989999771118164,17.850000381469727,17.8799991607666,14.847929000854492,7442
2015-12-22,17.780000686645508,17.959999084472656,17.760000228881836,17.950000762939453,14.90606689453125,13037
2015-12-23,18.0,18.309999465942383,18.0,18.270000457763672,15.171797752380371,1057
2015-12-24,18.40999984741211,18.56999969482422,18.360000610351562,18.450000762939453,15.321273803710938,7587
2015-12-28,18.950000762939453,19.63990020751953,18.190000534057617,19.139999389648438,15.894266128540039,17492
2015-12-29,19.170000076293945,19.25,18.8700008392334,18.940000534057617,15.728179931640625,14333
2015-12-30,18.899999618530273,19.040000915527344,18.65999984741211,19.030000686645508,15.802923202514648,5573
2015-12-31,18.889999389648438,18.950000762939453,18.700000762939453,18.93000030517578,15.719877243041992,6714
2016-01-04,19.3799991607666,19.489999771118164,18.790000915527344,19.270000457763672,16.00222396850586,38016
2016-01-05,18.940000534057617,19.059999465942383,18.780000686645508,19.059999465942383,15.827826499938965,29888
2016-01-06,18.75,19.040000915527344,18.65999984741211,18.969999313354492,15.753089904785156,3693
2016-01-07,18.729999542236328,18.729999542236328,18.360000610351562,18.5,15.362796783447266,11433
2016-01-08,18.579999923706055,18.579999923706055,18.149999618530273,18.200000762939453,15.113665580749512,6747
2016-01-11,18.18000030517578,18.18000030517578,17.700000762939453,17.84000015258789,14.814713478088379,12659
2016-01-12,17.399999618530273,17.520000457763672,17.399999618530273,17.448999404907227,14.49001693725586,13422
2016-01-13,17.1200008392334,17.270000457763672,16.76099967956543,16.76099967956543,13.918691635131836,20899
2016-01-14,16.959999084472656,17.260000228881836,16.84000015258789,17.25,14.324769973754883,6843
2016-01-15,16.834999084472656,17.200000762939453,16.81999969482422,17.200000762939453,14.283246994018555,44084
2016-01-19,17.260000228881836,17.389999389648438,17.202800750732422,17.38990020751953,14.44094467163086,31759
2016-01-20,17.200000762939453,17.290000915527344,16.940000534057617,17.190000534057617,14.274941444396973,6164
2016-01-21,16.81999969482422,17.239999771118164,16.770000457763672,17.229999542236328,14.308160781860352,14491
2016-01-22,17.170000076293945,17.229999542236328,17.0,17.229999542236328,14.308160781860352,5559
2016-01-25,17.090099334716797,17.399999618530273,17.040000915527344,17.170000076293945,14.258333206176758,38502
2016-01-26,17.100000381469727,17.450000762939453,17.09000015258789,17.399999618530273,14.449331283569336,9191
2016-01-27,17.329999923706055,17.5,17.290000915527344,17.440000534057617,14.482549667358398,14807
2016-01-28,17.479999542236328,17.75,17.479999542236328,17.739999771118164,14.731674194335938,10442
2016-01-29,17.75,18.219999313354492,17.75,18.170000076293945,15.088757514953613,9769
2016-02-01,18.100000381469727,18.729999542236328,18.100000381469727,18.530000686645508,15.387704849243164,5757
2016-02-02,18.239999771118164,18.43000030517578,18.040000915527344,18.049999237060547,14.989107131958008,3722
2016-02-03,17.84000015258789,18.200000762939453,17.714000701904297,18.200000762939453,15.113665580749512,4081
2016-02-04,17.770000457763672,17.770000457763672,17.510000228881836,17.739999771118164,14.731674194335938,6687
2016-02-05,17.639999389648438,17.639999389648438,17.440000534057617,17.450000762939453,14.490851402282715,10508
2016-02-08,17.059999465942383,17.229999542236328,16.969999313354492,17.200000762939453,14.283246994018555,8574
2016-02-09,16.8700008392334,17.110000610351562,16.8700008392334,17.09000015258789,14.19189739227295,4802
2016-02-10,17.079999923706055,17.135000228881836,16.959999084472656,17.09000015258789,14.19189739227295,6683
2016-02-11,16.850000381469727,16.850000381469727,16.320100784301758,16.700000762939453,13.868035316467285,13350
2016-02-12,16.530000686645508,16.809999465942383,16.510000228881836,16.6200008392334,13.801605224609375,1371
2016-02-16,17.790000915527344,18.100000381469727,17.5,17.989999771118164,14.939278602600098,9638
2016-02-17,18.049999237060547,18.049999237060547,17.969999313354492,17.969999313354492,14.922667503356934,7149
2016-02-18,18.149999618530273,18.399999618530273,18.1200008392334,18.149999618530273,15.072149276733398,6868
2016-02-19,18.329999923706055,18.360000610351562,18.309999465942383,18.309999465942383,15.205015182495117,7041
2016-02-22,18.299999237060547,18.299999237060547,18.111000061035156,18.1299991607666,15.055538177490234,4529
2016-02-23,18.59000015258789,18.739999771118164,18.421499252319336,18.59000015258789,15.437533378601074,3423
2016-02-24,17.100000381469727,17.40999984741211,16.850000381469727,17.3799991607666,14.432720184326172,195327
2016-02-25,17.600000381469727,18.18000030517578,17.600000381469727,17.780000686645508,14.764891624450684,48505
2016-02-26,17.719999313354492,17.799999237060547,17.56999969482422,17.59000015258789,14.607110977172852,6778
2016-02-29,17.09000015258789,17.149999618530273,16.90999984741211,16.920000076293945,14.050727844238281,153778
2016-03-01,17.110000610351562,17.309999465942383,17.100000381469727,17.280000686645508,14.349679946899414,32503
2016-03-02,17.204999923706055,17.25,17.020000457763672,17.170000076293945,14.258333206176758,40390
2016-03-03,17.149999618530273,17.299999237060547,17.100000381469727,17.270000457763672,14.341375350952148,92967
2016-03-04,17.200000762939453,17.5,17.190000534057617,17.270000457763672,14.341375350952148,20181
2016-03-07,17.309999465942383,17.540000915527344,17.270000457763672,17.489999771118164,14.524069786071777,71746
2016-03-08,17.459999084472656,17.579999923706055,17.299999237060547,17.299999237060547,14.366289138793945,38505
2016-03-09,17.309999465942383,17.479999542236328,17.299999237060547,17.450000762939453,14.490851402282715,15829
2016-03-10,17.360000610351562,17.450000762939453,17.199899673461914,17.239999771118164,14.316463470458984,46400
2016-03-11,17.260000228881836,17.350000381469727,17.155000686645508,17.200000762939453,14.283246994018555,62452
2016-03-14,18.1299991607666,18.43000030517578,17.969999313354492,18.270000457763672,15.171797752380371,297658
2016-03-15,18.1200008392334,18.309999465942383,17.950000762939453,18.040000915527344,14.980803489685059,22561
2016-03-16,18.0,18.389999389648438,17.8799991607666,18.299999237060547,15.196707725524902,46578
2016-03-17,18.389999389648438,18.530000686645508,18.200000762939453,18.280000686645508,15.18010139465332,10130
2016-03-18,18.459999084472656,18.639999389648438,18.25,18.459999084472656,15.329577445983887,29837
2016-03-21,18.229999542236328,18.239999771118164,18.059999465942383,18.239999771118164,15.40559196472168,4906
2016-03-22,18.100000381469727,18.290000915527344,18.100000381469727,18.209999084472656,15.380255699157715,16445
2016-03-23,18.229999542236328,18.309999465942383,17.989999771118164,17.989999771118164,15.194437026977539,8206
2016-03-24,17.940000534057617,18.1200008392334,17.924999237060547,18.1200008392334,15.304238319396973,5152
2016-03-28,18.110000610351562,18.530000686645508,18.110000610351562,18.420000076293945,15.557621002197266,26129
2016-03-29,18.34000015258789,18.739999771118164,18.34000015258789,18.65999984741211,15.760327339172363,45431
2016-03-30,18.75,19.1299991607666,18.75,19.059999465942383,16.09816551208496,41725
2016-03-31,19.270000457763672,19.739999771118164,19.270000457763672,19.649999618530273,16.59648323059082,7796
2016-04-01,19.510000228881836,20.1200008392334,19.510000228881836,20.010000228881836,16.900545120239258,43647
2016-04-04,19.770000457763672,19.940000534057617,19.639999389648438,19.8799991607666,16.790740966796875,24846
2016-04-05,19.579999923706055,20.15999984741211,19.530000686645508,19.690000534057617,16.630273818969727,33416
2016-04-06,19.530000686645508,19.84000015258789,19.45669937133789,19.790000915527344,16.714731216430664,30073
2016-04-07,19.68000030517578,19.834999084472656,19.600000381469727,19.760000228881836,16.68939208984375,27273
2016-04-08,19.93000030517578,19.93000030517578,19.700000762939453,19.719999313354492,16.65560531616211,6745
2016-04-11,19.700000762939453,19.920000076293945,19.670000076293945,19.809999465942383,16.731618881225586,37055
2016-04-12,19.75,20.0,19.709999084472656,19.860000610351562,16.773853302001953,22884
2016-04-13,19.780000686645508,20.09000015258789,19.729999542236328,20.059999465942383,16.942777633666992,31185
2016-04-14,20.149999618530273,20.329999923706055,20.104999542236328,20.170000076293945,17.03567886352539,19306
2016-04-15,20.270000457763672,20.360000610351562,20.229999542236328,20.229999542236328,17.086355209350586,7572
2016-04-18,20.190000534057617,20.489999771118164,20.190000534057617,20.489999771118164,17.30595588684082,15829
2016-04-19,20.479999542236328,20.6299991607666,20.4606990814209,20.56999969482422,17.373519897460938,5274
2016-04-20,20.62459945678711,20.90999984741211,20.610000610351562,20.90999984741211,17.66068458557129,12297
2016-04-21,20.93000030517578,21.489999771118164,20.93000030517578,21.309999465942383,17.998531341552734,25467
2016-04-22,21.219999313354492,21.25,21.18000030517578,21.20989990234375,17.913986206054688,3933
2016-04-25,21.170000076293945,21.170000076293945,20.889999389648438,21.049999237060547,17.7789306640625,5616
2016-04-26,21.110000610351562,21.290000915527344,21.09000015258789,21.290000915527344,17.98164176940918,7492
2016-04-27,21.209999084472656,21.25,21.040000915527344,21.1299991607666,17.846500396728516,8434
2016-04-28,21.1200008392334,21.219999313354492,20.780000686645508,20.780000686645508,17.550888061523438,9438
2016-04-29,21.06999969482422,21.06999969482422,20.59000015258789,20.799999237060547,17.567777633666992,16471
2016-05-02,20.860000610351562,21.170000076293945,20.860000610351562,20.8700008392334,17.626901626586914,17044
2016-05-03,20.90999984741211,21.229999542236328,20.81999969482422,21.049999237060547,17.7789306640625,15469
2016-05-04,20.799999237060547,21.09000015258789,20.799999237060547,21.030000686645508,17.762041091918945,25956
2016-05-05,20.899999618530273,21.219999313354492,20.899999618530273,21.0,17.736698150634766,40253
2016-05-06,21.25,21.25,20.959999084472656,21.110000610351562,17.829608917236328,10057
2016-05-09,20.790000915527344,21.170000076293945,20.709999084472656,20.969999313354492,17.71136474609375,30661
2016-05-10,20.969999313354492,21.100000381469727,20.8799991607666,21.0,17.736698150634766,17315
2016-05-11,21.06999969482422,21.190000534057617,20.950000762939453,20.959999084472656,17.70291519165039,6050
2016-05-12,20.989999771118164,21.1299991607666,20.84000015258789,21.0,17.736698150634766,22417
2016-05-13,21.0,21.100000381469727,20.93000030517578,20.93000030517578,17.677581787109375,25785
2016-05-16,20.8799991607666,20.989999771118164,20.829999923706055,20.8799991607666,17.63534927368164,8334
2016-05-17,20.860000610351562,20.860000610351562,20.6200008392334,20.700000762939453,17.48331642150879,5734
2016-05-18,20.549999237060547,20.600000381469727,20.229999542236328,20.479999542236328,17.297508239746094,30492
2016-05-19,20.270000457763672,20.3700008392334,20.200000762939453,20.290000915527344,17.137035369873047,2813
2016-05-20,20.3700008392334,20.389999389648438,20.25,20.290000915527344,17.137035369873047,9198
2016-05-23,20.639999389648438,21.010000228881836,20.010000228881836,20.100000381469727,16.97655487060547,26013
2016-05-24,20.31999969482422,20.31999969482422,19.799999237060547,20.06999969482422,16.95121955871582,33338
2016-05-25,20.0,20.399999618530273,19.959999084472656,20.3799991607666,17.213043212890625,24001
2016-05-26,20.479999542236328,20.81999969482422,20.066999435424805,20.780000686645508,17.550888061523438,38507
2016-05-27,20.969999313354492,21.420000076293945,20.969999313354492,21.190000534057617,17.897178649902344,43142
2016-05-31,21.030000686645508,21.889999389648438,20.780099868774414,21.84000015258789,18.446165084838867,56948
2016-06-01,21.760000228881836,22.079999923706055,21.280000686645508,21.989999771118164,18.57286262512207,59832
2016-06-02,21.610000610351562,22.1299991607666,21.5,22.010000228881836,18.589752197265625,27379
2016-06-03,22.110000610351562,22.219999313354492,21.882999420166016,22.219999313354492,18.767118453979492,23501
2016-06-06,22.200000762939453,22.423999786376953,22.0,22.270000457763672,18.809349060058594,70318
2016-06-07,22.209999084472656,22.270000457763672,22.0,22.030000686645508,18.60664176940918,58250
2016-06-08,22.0,22.239999771118164,21.920000076293945,22.229999542236328,18.77556800842285,317953
2016-06-09,22.030000686645508,22.200000762939453,22.0,22.020000457763672,18.59819793701172,12824
2016-06-10,21.969999313354492,22.502399444580078,21.889999389648438,21.889999389648438,18.488401412963867,6058
2016-06-13,21.81999969482422,22.170000076293945,21.81999969482422,22.0,18.5813045501709,28335
2016-06-14,21.940000534057617,21.989999771118164,21.440000534057617,21.979999542236328,18.564411163330078,55551
2016-06-15,21.899999618530273,22.149999618530273,21.764999389648438,21.96500015258789,18.551740646362305,7003
2016-06-16,21.799999237060547,22.100000381469727,21.799999237060547,22.0,18.5813045501709,29191
2016-06-17,22.0,22.399999618530273,21.8700008392334,22.399999618530273,18.919145584106445,37794
2016-06-20,22.25,22.3799991607666,22.06999969482422,22.06999969482422,18.782976150512695,8828
2016-06-21,22.200000762939453,22.200000762939453,21.8799991607666,21.950000762939453,18.68084716796875,30228
2016-06-22,21.8799991607666,22.31999969482422,21.8799991607666,22.1200008392334,18.82553482055664,20170
2016-06-23,22.139999389648438,22.31999969482422,22.1299991607666,22.200000762939453,18.893617630004883,14541
2016-06-24,21.700000762939453,22.040000915527344,21.700000762939453,22.0,18.723405838012695,20802
2016-06-27,21.6200008392334,21.899999618530273,21.43000030517578,21.899999618530273,18.638294219970703,63097
2016-06-28,22.0,22.170000076293945,21.920000076293945,22.010000228881836,18.73191261291504,77387
2016-06-29,22.010000228881836,22.149999618530273,21.96500015258789,22.110000610351562,18.817020416259766,34174
2016-06-30,22.040000915527344,22.690000534057617,22.040000915527344,22.690000534057617,19.310640335083008,31208
2016-07-01,22.600000381469727,23.5,20.137500762939453,23.100000381469727,19.659576416015625,15305
2016-07-05,23.100000381469727,23.420000076293945,23.0,23.200000762939453,19.744680404663086,13668
2016-07-06,23.100000381469727,23.3700008392334,22.799999237060547,23.18000030517578,19.7276611328125,11489
2016-07-07,23.190000534057617,23.34000015258789,22.790000915527344,23.09000015258789,19.65106201171875,8454
2016-07-08,23.190000534057617,23.399999618530273,22.92009925842285,23.329999923706055,19.855318069458008,12034
2016-07-11,23.3700008392334,23.3700008392334,23.229400634765625,23.260000228881836,19.795743942260742,6602
2016-07-12,23.200000762939453,23.450000762939453,23.149999618530273,23.280000686645508,19.81276512145996,15288
2016-07-13,23.290000915527344,23.479999542236328,22.430099487304688,23.420000076293945,19.931917190551758,9122
2016-07-14,23.309999465942383,24.34000015258789,23.079999923706055,24.34000015258789,20.714889526367188,45836
2016-07-15,24.360000610351562,24.55500030517578,23.310100555419922,24.459999084472656,20.817014694213867,15415
2016-07-18,24.40999984741211,24.459999084472656,23.5,23.56999969482422,20.059574127197266,21527
2016-07-19,23.469999313354492,23.469999313354492,22.84000015258789,23.229999542236328,19.77020835876465,21730
2016-07-20,23.079999923706055,23.559999465942383,23.079999923706055,23.450000762939453,19.957443237304688,7005
2016-07-21,23.459999084472656,23.5,23.18000030517578,23.190000534057617,19.73617172241211,6010
2016-07-22,23.1299991607666,23.360000610351562,23.040000915527344,23.350000381469727,19.872339248657227,11402
2016-07-25,23.290000915527344,23.40999984741211,23.110000610351562,23.350000381469727,19.872339248657227,20968
2016-07-26,23.479999542236328,23.639999389648438,23.450000762939453,23.549999237060547,20.04254722595215,7327
2016-07-27,23.670000076293945,23.98189926147461,23.59000015258789,23.780000686645508,20.238298416137695,9891
2016-07-28,23.6200008392334,23.899999618530273,23.306499481201172,23.75,20.212766647338867,13722
2016-07-29,23.65999984741211,23.979999542236328,23.646400451660156,23.959999084472656,20.391489028930664,14401
2016-08-01,23.899999618530273,24.670000076293945,23.899999618530273,24.6299991607666,20.96169662475586,29264
2016-08-02,24.540000915527344,24.649999618530273,24.149999618530273,24.459999084472656,20.817014694213867,18211
2016-08-03,24.260000228881836,24.389999389648438,24.0,24.139999389648438,20.544679641723633,35226
2016-08-04,24.079999923706055,24.489999771118164,24.079999923706055,24.420000076293945,20.782978057861328,4438
2016-08-05,24.40999984741211,24.780000686645508,24.40999984741211,24.469999313354492,20.825529098510742,7602
2016-08-08,24.40999984741211,24.75,24.219999313354492,24.389999389648438,20.757444381713867,10468
2016-08-09,24.280000686645508,24.785999298095703,24.280000686645508,24.65999984741211,20.98723030090332,13604
2016-08-10,24.600000381469727,24.600000381469727,24.22010040283203,24.3700008392334,20.74042510986328,10637
2016-08-11,25.549999237060547,25.7450008392334,23.75,23.774999618530273,20.23404312133789,151079
2016-08-12,23.729999542236328,24.989999771118164,23.729999542236328,24.969999313354492,21.251060485839844,15503
2016-08-15,25.190000534057617,25.33989906311035,24.34000015258789,24.899999618530273,21.191486358642578,18551
2016-08-16,24.989999771118164,24.989999771118164,24.510000228881836,24.510000228881836,20.859575271606445,6032
2016-08-17,24.5,24.799999237060547,24.5,24.700000762939453,21.021276473999023,10561
2016-08-18,24.770000457763672,24.940000534057617,24.75,24.8799991607666,21.174467086791992,12229
2016-08-19,24.920000076293945,24.920000076293945,24.700000762939453,24.764999389648438,21.076595306396484,9044
2016-08-22,24.690000534057617,24.899999618530273,24.6299991607666,24.889999389648438,21.1829776763916,4866
2016-08-23,24.889999389648438,25.09000015258789,24.550100326538086,25.06999969482422,21.336170196533203,27751
2016-08-24,24.90999984741211,25.09000015258789,24.649999618530273,25.0,21.276596069335938,6709
2016-08-25,24.920000076293945,25.079599380493164,24.56999969482422,25.020000457763672,21.293615341186523,8704
2016-08-26,25.059999465942383,25.190000534057617,24.8799991607666,25.040000915527344,21.310636520385742,4580
2016-08-29,25.100000381469727,25.190000534057617,24.969999313354492,25.170000076293945,21.421274185180664,4563
2016-08-30,25.149999618530273,25.190000534057617,24.959999084472656,25.139999389648438,21.395742416381836,5355
2016-08-31,25.059999465942383,25.190000534057617,24.770000457763672,24.799999237060547,21.10637855529785,38944
2016-09-01,24.979999542236328,25.09000015258789,24.709999084472656,24.81999969482422,21.12339973449707,11547
2016-09-02,25.010000228881836,25.010000228881836,24.709999084472656,24.8799991607666,21.174467086791992,11259
2016-09-06,24.899999618530273,25.114999771118164,24.809999465942383,24.93000030517578,21.217021942138672,96187
2016-09-07,24.899999618530273,25.0,24.899999618530273,24.959999084472656,21.242549896240234,9008
2016-09-08,24.829999923706055,25.149999618530273,24.764999389648438,25.1200008392334,21.378721237182617,122697
2016-09-09,25.020000457763672,25.1299991607666,24.80660057067871,24.979999542236328,21.259572982788086,8702
2016-09-12,24.68000030517578,25.0,24.5,24.940000534057617,21.22553062438965,39902
2016-09-13,24.979999542236328,25.329999923706055,24.979999542236328,25.200000762939453,21.446807861328125,31175
2016-09-14,25.290000915527344,25.5,25.1299991607666,25.209999084472656,21.4553165435791,33218
2016-09-15,25.299999237060547,25.489999771118164,25.229999542236328,25.2549991607666,21.493616104125977,36226
2016-09-16,25.15999984741211,25.270000457763672,25.15180015563965,25.200000762939453,21.446807861328125,5456
2016-09-19,25.1299991607666,25.290000915527344,25.040000915527344,25.1299991607666,21.541099548339844,75180
2016-09-20,25.1200008392334,25.5,25.1200008392334,25.440000534057617,21.806827545166016,19451
2016-09-21,25.489999771118164,26.4950008392334,25.459999084472656,26.459999084472656,22.681156158447266,161737
2016-09-22,26.5,26.93000030517578,26.25040054321289,26.709999084472656,22.89545249938965,31174
2016-09-23,26.799999237060547,26.799999237060547,26.610000610351562,26.610000610351562,22.80973243713379,10023
2016-09-26,26.559999465942383,27.190000534057617,26.530000686645508,27.190000534057617,23.306901931762695,25501
2016-09-27,27.200000762939453,27.200000762939453,26.454999923706055,26.6299991607666,22.82687759399414,14538
2016-09-28,26.600000381469727,26.6299991607666,25.610000610351562,26.59000015258789,22.792593002319336,11949
2016-09-29,26.540000915527344,26.709999084472656,26.280000686645508,26.290000915527344,22.535436630249023,8847
2016-09-30,26.389999389648438,26.699899673461914,26.010099411010742,26.459999084472656,22.681156158447266,11325
2016-10-03,26.3799991607666,27.270000457763672,25.540000915527344,26.40999984741211,22.63829231262207,7639
2016-10-04,26.469999313354492,26.75,26.0,26.25,22.50115203857422,10658
2016-10-05,26.389999389648438,26.399999618530273,25.84119987487793,26.399999618530273,22.62972068786621,8520
2016-10-06,26.459999084472656,26.459999084472656,26.0049991607666,26.299999237060547,22.54400634765625,15721
2016-10-07,26.299999237060547,26.299999237060547,26.119600296020508,26.290000915527344,22.535436630249023,3099
2016-10-10,26.389999389648438,26.885000228881836,26.059999465942383,26.790000915527344,22.96402931213379,29684
2016-10-11,26.770000457763672,26.770000457763672,26.229999542236328,26.65999984741211,22.85259437561035,9524
2016-10-12,26.6299991607666,26.77989959716797,26.354999542236328,26.459999084472656,22.681156158447266,5685
2016-10-13,26.389999389648438,26.565000534057617,26.100000381469727,26.440000534057617,22.664011001586914,9017
2016-10-14,26.5,26.729999542236328,26.149999618530273,26.670000076293945,22.861162185668945,15125
2016-10-17,26.600000381469727,26.774999618530273,26.289400100708008,26.5,22.715442657470703,15506
2016-10-18,26.5,26.825000762939453,26.225000381469727,26.75,22.929737091064453,55042
2016-10-19,26.700000762939453,26.700000762939453,26.139999389648438,26.450000762939453,22.67258644104004,3438
2016-10-20,26.700000762939453,27.0,26.549999237060547,26.75,22.929737091064453,76896
2016-10-21,26.600000381469727,26.75,26.600000381469727,26.649999618530273,22.84402084350586,17264
2016-10-24,26.899999618530273,27.0,26.799999237060547,26.799999237060547,22.972597122192383,57456
2016-10-25,26.75,26.950000762939453,26.5,26.700000762939453,22.88688087463379,21834
2016-10-26,26.450000762939453,26.825000762939453,26.450000762939453,26.700000762939453,22.88688087463379,18228
2016-10-27,26.700000762939453,26.75,26.5,26.75,22.929737091064453,9946
2016-10-28,26.600000381469727,27.0,26.600000381469727,26.75,22.929737091064453,10686
2016-10-31,26.049999237060547,26.999900817871094,26.049999237060547,26.600000381469727,22.801162719726562,33365
2016-11-01,26.600000381469727,26.899999618530273,26.25,26.549999237060547,22.75830078125,28329
2016-11-02,26.350000381469727,26.799999237060547,26.0,26.600000381469727,22.801162719726562,30327
2016-11-03,26.600000381469727,26.899999618530273,26.200000762939453,26.450000762939453,22.67258644104004,18107
2016-11-04,26.5,26.649999618530273,25.700000762939453,25.899999618530273,22.201133728027344,18362
2016-11-07,25.850000381469727,26.399999618530273,25.5,26.350000381469727,22.58686637878418,30768
2016-11-08,26.399999618530273,26.700000762939453,26.049999237060547,26.100000381469727,22.372570037841797,31998
2016-11-09,26.049999237060547,26.350000381469727,26.0,26.200000762939453,22.458290100097656,52066
2016-11-10,26.200000762939453,26.200000762939453,25.700000762939453,26.0,22.286849975585938,33322
2016-11-11,26.049999237060547,26.149999618530273,25.799999237060547,26.149999618530273,22.415428161621094,12258
2016-11-14,26.149999618530273,26.149999618530273,25.399999618530273,25.5,21.858259201049805,18996
2016-11-15,25.549999237060547,26.200000762939453,23.950000762939453,24.649999618530273,21.129650115966797,119211
2016-11-16,24.5,24.899999618530273,24.08609962463379,24.600000381469727,21.086793899536133,34940
2016-11-17,24.649999618530273,24.850000381469727,24.200000762939453,24.450000762939453,20.95821189880371,21689
2016-11-18,24.450000762939453,24.850000381469727,24.200000762939453,24.350000381469727,20.872493743896484,22956
2016-11-21,24.25,25.149999618530273,24.25,24.75,21.21536636352539,33871
2016-11-22,24.850000381469727,24.899999618530273,24.100000381469727,24.299999237060547,20.829633712768555,25684
2016-11-23,24.200000762939453,24.600000381469727,24.200000762939453,24.399999618530273,20.91534996032715,8836
2016-11-25,24.350000381469727,24.600000381469727,24.200000762939453,24.399999618530273,20.91534996032715,3880
2016-11-28,24.200000762939453,24.549999237060547,24.200000762939453,24.549999237060547,21.04393196105957,13507
2016-11-29,24.5,24.600000381469727,24.40999984741211,24.450000762939453,20.95821189880371,10250
2016-11-30,24.5,25.0,24.5,24.950000762939453,21.386804580688477,37931
2016-12-01,25.0,25.049999237060547,24.56999969482422,25.049999237060547,21.47252082824707,17148
2016-12-02,25.0,25.350000381469727,25.0,25.049999237060547,21.47252082824707,8094
2016-12-05,25.049999237060547,25.962099075317383,24.700000762939453,24.899999618530273,21.343942642211914,12817
2016-12-06,25.0,25.299999237060547,25.0,25.200000762939453,21.601099014282227,4998
2016-12-07,25.049999237060547,25.399999618530273,25.049999237060547,25.049999237060547,21.47252082824707,6731
2016-12-08,25.100000381469727,25.450000762939453,25.049999237060547,25.299999237060547,21.68682098388672,10423
2016-12-09,25.450000762939453,25.899999618530273,25.450000762939453,25.799999237060547,22.11541175842285,12106
2016-12-12,25.899999618530273,26.299999237060547,25.25,26.299999237060547,22.54400634765625,14353
2016-12-13,26.450000762939453,26.499000549316406,25.850000381469727,26.100000381469727,22.372570037841797,192238
2016-12-14,26.049999237060547,26.549999237060547,25.75,26.049999237060547,22.329710006713867,17387
2016-12-15,25.850000381469727,26.115699768066406,25.799999237060547,25.899999618530273,22.201133728027344,10365
2016-12-16,26.25,26.25,25.950000762939453,26.049999237060547,22.329710006713867,8183
2016-12-19,26.0,26.5,25.950000762939453,26.5,22.715442657470703,12437
2016-12-20,26.549999237060547,26.549999237060547,26.100000381469727,26.299999237060547,22.54400634765625,2665
2016-12-21,26.149999618530273,26.799999237060547,26.149999618530273,26.399999618530273,22.62972068786621,33625
2016-12-22,26.399999618530273,26.600000381469727,25.649999618530273,25.649999618530273,21.986833572387695,17389
2016-12-23,25.450000762939453,26.200000762939453,25.450000762939453,26.049999237060547,22.50518798828125,11262
2016-12-27,25.899999618530273,26.341999053955078,25.850000381469727,26.100000381469727,22.548385620117188,10532
2016-12-28,26.100000381469727,26.450000762939453,25.899999618530273,26.350000381469727,22.764366149902344,7738
2016-12-29,26.25,26.25,26.0,26.100000381469727,22.548385620117188,53460
2016-12-30,26.149999618530273,26.600000381469727,26.149999618530273,26.5,22.893953323364258,15141
2017-01-03,26.700000762939453,26.950000762939453,26.67449951171875,26.899999618530273,23.239521026611328,35998
2017-01-04,27.0,28.75,27.0,28.600000381469727,24.708189010620117,134519
2017-01-05,28.850000381469727,29.344999313354492,27.399999618530273,27.399999618530273,23.671483993530273,155197
2017-01-06,27.649999618530273,28.149999618530273,27.399999618530273,27.399999618530273,23.671483993530273,32239
2017-01-09,27.399999618530273,28.200000762939453,27.302000045776367,27.600000381469727,23.844268798828125,38999
2017-01-10,28.100000381469727,28.100000381469727,27.600000381469727,28.0,24.189834594726562,104999
2017-01-11,27.950000762939453,28.049999237060547,27.5,27.75,23.973857879638672,53692
2017-01-12,27.899999618530273,27.950000762939453,27.100000381469727,27.450000762939453,23.714683532714844,35922
2017-01-13,27.649999618530273,27.75,27.100000381469727,27.25,23.541900634765625,26087
2017-01-17,27.25,27.5,26.899999618530273,27.0,23.325918197631836,133395
2017-01-18,27.399999618530273,27.399999618530273,26.75,26.799999237060547,23.153127670288086,22740
2017-01-19,26.850000381469727,27.0,26.75,26.850000381469727,23.19632339477539,18007
2017-01-20,27.0,27.0,26.799999237060547,26.850000381469727,23.19632339477539,16660
2017-01-23,26.899999618530273,26.944000244140625,26.5,26.649999618530273,23.023540496826172,34043
2017-01-24,26.600000381469727,27.0,26.600000381469727,26.850000381469727,23.19632339477539,15468
2017-01-25,27.049999237060547,27.450000762939453,26.700000762939453,27.200000762939453,23.498703002929688,23151
2017-01-26,27.149999618530273,27.350000381469727,27.0,27.100000381469727,23.412307739257812,11823
2017-01-27,27.100000381469727,27.700000762939453,27.100000381469727,27.600000381469727,23.844268798828125,10208
2017-01-30,27.450000762939453,27.5,27.350000381469727,27.399999618530273,23.671483993530273,11452
2017-01-31,27.399999618530273,27.75,27.149999618530273,27.549999237060547,23.80107307434082,15442
2017-02-01,27.450000762939453,28.0,27.399999618530273,27.600000381469727,23.844268798828125,45790
2017-02-02,27.600000381469727,28.0,27.600000381469727,27.799999237060547,24.01704978942871,7806
2017-02-03,27.799999237060547,28.25,27.799999237060547,28.25,24.405820846557617,9285
2017-02-06,28.25,28.850000381469727,28.200000762939453,28.799999237060547,24.880970001220703,24526
2017-02-07,29.049999237060547,29.049999237060547,28.200000762939453,28.399999618530273,24.535402297973633,117574
2017-02-08,28.299999237060547,28.75,28.25,28.5,24.621795654296875,27318
2017-02-09,28.5,28.649999618530273,28.350000381469727,28.350000381469727,24.492210388183594,13705
2017-02-10,28.350000381469727,28.5,28.149999618530273,28.25,24.405820846557617,20458
2017-02-13,28.100000381469727,28.25,28.049999237060547,28.149999618530273,24.319427490234375,17001
2017-02-14,28.049999237060547,28.450000762939453,28.0,28.299999237060547,24.449012756347656,45414
2017-02-15,28.200000762939453,28.350000381469727,28.0,28.149999618530273,24.319427490234375,29847
2017-02-16,28.0,28.0,27.25,27.75,23.973857879638672,35972
2017-02-17,27.600000381469727,27.799999237060547,27.5,27.549999237060547,23.80107307434082,7880
2017-02-21,27.649999618530273,27.850000381469727,27.450000762939453,27.549999237060547,23.80107307434082,10101
2017-02-22,27.600000381469727,27.658599853515625,27.299999237060547,27.399999618530273,23.671483993530273,33617
2017-02-23,27.25,27.350000381469727,26.899999618530273,27.25,23.541900634765625,24711
2017-02-24,27.049999237060547,27.899999618530273,27.049999237060547,27.850000381469727,24.06024932861328,9327
2017-02-27,28.0,28.333499908447266,27.674999237060547,28.100000381469727,24.276226043701172,85322
2017-02-28,28.0,28.0,27.799999237060547,28.0,24.189834594726562,75343
2017-03-01,28.0,28.899999618530273,27.799999237060547,28.799999237060547,24.880970001220703,82416
2017-03-02,28.899999618530273,29.28499984741211,28.75,28.850000381469727,24.924171447753906,14920
2017-03-03,28.649999618530273,29.118499755859375,28.549999237060547,28.799999237060547,24.880970001220703,23093
2017-03-06,28.899999618530273,29.0,28.399999618530273,28.549999237060547,24.664995193481445,23243
2017-03-07,28.700000762939453,28.700000762939453,28.450000762939453,28.549999237060547,24.664995193481445,23519
2017-03-08,28.399999618530273,28.75,28.25,28.75,24.837778091430664,36022
2017-03-09,28.549999237060547,28.700000762939453,28.524999618530273,28.649999618530273,24.751384735107422,9086
2017-03-10,28.799999237060547,29.049999237060547,28.600000381469727,28.600000381469727,24.708189010620117,12479
2017-03-13,28.600000381469727,28.850000381469727,28.399999618530273,28.700000762939453,24.79458236694336,16121
2017-03-14,28.700000762939453,28.75,28.450000762939453,28.700000762939453,24.79458236694336,19074
2017-03-15,28.850000381469727,29.149999618530273,28.700000762939453,29.149999618530273,25.183345794677734,45108
2017-03-16,29.350000381469727,29.549999237060547,28.899999618530273,29.0,25.05375862121582,56088
2017-03-17,28.950000762939453,29.600000381469727,28.950000762939453,29.450000762939453,25.44252586364746,21230
2017-03-20,29.25,29.75,29.158000946044922,29.5,25.83664321899414,59402
2017-03-21,29.5,29.549999237060547,29.149999618530273,29.149999618530273,25.530105590820312,27927
2017-03-22,29.049999237060547,29.299999237060547,28.700000762939453,28.850000381469727,25.267362594604492,16673
2017-03-23,28.75,29.549999237060547,28.600000381469727,29.299999237060547,25.661476135253906,32363
2017-03-24,29.399999618530273,29.799999237060547,29.350000381469727,29.600000381469727,25.924222946166992,44294
2017-03-27,29.75,29.75,29.0,29.399999618530273,25.74905776977539,19229
2017-03-28,29.399999618530273,29.450000762939453,29.100000381469727,29.299999237060547,25.661476135253906,18333
2017-03-29,29.399999618530273,29.450000762939453,29.299999237060547,29.350000381469727,25.705270767211914,75847
2017-03-30,29.450000762939453,29.899999618530273,29.275100708007812,29.799999237060547,26.099390029907227,118545
2017-03-31,30.0,31.200000762939453,29.870100021362305,30.850000381469727,27.019001007080078,62644
2017-04-03,31.850000381469727,32.349998474121094,31.299999237060547,31.75,27.807233810424805,57490
2017-04-04,31.850000381469727,31.899999618530273,31.200000762939453,31.25,27.369327545166016,24323
2017-04-05,31.5,31.5,28.600000381469727,29.950000762939453,26.230764389038086,174474
2017-04-06,29.850000381469727,31.0,29.56599998474121,30.75,26.931415557861328,31492
2017-04-07,30.75,31.450000762939453,30.75,31.350000381469727,27.456907272338867,28108
2017-04-10,31.549999237060547,31.549999237060547,30.44179916381836,30.75,26.931415557861328,45621
2017-04-11,30.75,31.25,30.5,31.149999618530273,27.28174591064453,37994
2017-04-12,31.100000381469727,31.75,30.274999618530273,30.299999237060547,26.53729820251465,24720
2017-04-13,30.200000762939453,30.274999618530273,29.649999618530273,29.75,26.05559730529785,20435
2017-04-17,29.850000381469727,30.100000381469727,29.799999237060547,30.0,26.274555206298828,8725
2017-04-18,29.899999618530273,30.049999237060547,29.899999618530273,29.950000762939453,26.230764389038086,29005
2017-04-19,29.930400848388672,30.75,29.850000381469727,30.649999618530273,26.843833923339844,17315
2017-04-20,30.75,30.899999618530273,30.100000381469727,30.600000381469727,26.8000431060791,37821
2017-04-21,30.450000762939453,30.700000762939453,30.325000762939453,30.450000762939453,26.668672561645508,16032
2017-04-24,30.549999237060547,31.0,30.350000381469727,30.649999618530273,26.843833923339844,18775
2017-04-25,30.700000762939453,31.299999237060547,30.700000762939453,31.149999618530273,27.28174591064453,18171
2017-04-26,31.100000381469727,31.171600341796875,30.75,30.850000381469727,27.019001007080078,15638
2017-04-27,30.950000762939453,31.075000762939453,30.700000762939453,30.700000762939453,26.887622833251953,14982
2017-04-28,30.899999618530273,31.450000762939453,30.701000213623047,31.299999237060547,27.413114547729492,26299
2017-05-01,31.350000381469727,31.450000762939453,30.700000762939453,31.200000762939453,27.32553482055664,103398
2017-05-02,31.350000381469727,31.350000381469727,30.950000762939453,31.049999237060547,27.194162368774414,7560
2017-05-03,30.950000762939453,30.950000762939453,30.350000381469727,30.549999237060547,26.75625228881836,17118
2017-05-04,30.450000762939453,30.700000762939453,30.051000595092773,30.25,26.493513107299805,84373
2017-05-05,30.299999237060547,31.200000762939453,30.299999237060547,30.899999618530273,27.06278419494629,17262
2017-05-08,31.149999618530273,32.04999923706055,30.950000762939453,31.899999618530273,27.9386043548584,172239
2017-05-09,32.400001525878906,32.95000076293945,31.75,32.79999923706055,28.726842880249023,110424
2017-05-10,33.0,33.400001525878906,32.5,33.25,29.120956420898438,44769
2017-05-11,33.849998474121094,36.95000076293945,32.95000076293945,33.54999923706055,29.38370704650879,54597
2017-05-12,33.75,35.45000076293945,33.400001525878906,33.5,29.339916229248047,33620
2017-05-15,33.79999923706055,34.0,33.099998474121094,33.5,29.339916229248047,23874
2017-05-16,33.70000076293945,34.29999923706055,33.29999923706055,33.79999923706055,29.602659225463867,54611
2017-05-17,35.0,35.5,31.600000381469727,32.20000076293945,28.201353073120117,63755
2017-05-18,31.899999618530273,31.899999618530273,30.450000762939453,31.399999618530273,27.50069808959961,95295
2017-05-19,31.899999618530273,31.96820068359375,31.049999237060547,31.200000762939453,27.32553482055664,17801
2017-05-22,31.299999237060547,31.450000762939453,31.049999237060547,31.25,27.369327545166016,37744
2017-05-23,31.25,31.325000762939453,30.600000381469727,30.799999237060547,26.975208282470703,31650
2017-05-24,30.950000762939453,31.200000762939453,30.799999237060547,31.200000762939453,27.32553482055664,21965
2017-05-25,31.25,32.150001525878906,30.899999618530273,32.0,28.02618408203125,52823
2017-05-26,32.20000076293945,33.04999923706055,31.75,32.150001525878906,28.157562255859375,19652
2017-05-30,32.95000076293945,33.95000076293945,32.099998474121094,32.349998474121094,28.332719802856445,27409
2017-05-31,32.599998474121094,32.599998474121094,31.899999618530273,32.20000076293945,28.201353073120117,22547
2017-06-01,32.20000076293945,32.599998474121094,32.150001525878906,32.599998474121094,28.551677703857422,38443
2017-06-02,32.650001525878906,33.71030044555664,32.20000076293945,32.400001525878906,28.376516342163086,25277
2017-06-05,32.20000076293945,32.29999923706055,31.75,32.25,28.245141983032227,32952
2017-06-06,32.20000076293945,32.25,31.886499404907227,32.25,28.245141983032227,50801
2017-06-07,32.5,33.20000076293945,32.29999923706055,32.900001525878906,28.814428329467773,47984
2017-06-08,32.900001525878906,33.45000076293945,32.650001525878906,33.0,28.90201187133789,39135
2017-06-09,33.0,33.29999923706055,32.650001525878906,32.79999923706055,28.726842880249023,38681
2017-06-12,32.79999923706055,32.79999923706055,31.799999237060547,31.799999237060547,27.851022720336914,25845
2017-06-13,31.850000381469727,32.0,31.5,31.700000762939453,27.763439178466797,14458
2017-06-14,31.899999618530273,32.5,31.899999618530273,32.04999923706055,28.069978713989258,22788
2017-06-15,31.799999237060547,31.799999237060547,30.799999237060547,31.0,27.15036964416504,45841
2017-06-16,31.0,31.600000381469727,30.75,31.149999618530273,27.28174591064453,32813
2017-06-19,31.450000762939453,32.5,31.399999618530273,31.600000381469727,27.67586326599121,37654
2017-06-20,31.899999618530273,32.099998474121094,30.75,31.399999618530273,27.50069808959961,39424
2017-06-21,31.399999618530273,31.649999618530273,30.850000381469727,31.100000381469727,27.237953186035156,24431
2017-06-22,31.149999618530273,31.299999237060547,30.549999237060547,30.950000762939453,27.106582641601562,21304
2017-06-23,30.850000381469727,30.850000381469727,30.549999237060547,30.75,27.141887664794922,15280
2017-06-26,30.75,30.899999618530273,29.549999237060547,30.200000762939453,26.656423568725586,52720
2017-06-27,30.149999618530273,30.799999237060547,29.850000381469727,30.799999237060547,27.186017990112305,37177
2017-06-28,30.75,31.25,30.549999237060547,31.200000762939453,27.53908348083496,25334
2017-06-29,31.049999237060547,31.200000762939453,30.225000381469727,31.200000762939453,27.53908348083496,23272
2017-06-30,31.149999618530273,31.299999237060547,30.649999618530273,31.299999237060547,27.627349853515625,27004
2017-07-03,31.200000762939453,31.299999237060547,30.950000762939453,31.200000762939453,27.53908348083496,24740
2017-07-05,31.200000762939453,31.5,31.0,31.5,27.803884506225586,20684
2017-07-06,31.100000381469727,31.548999786376953,31.000099182128906,31.399999618530273,27.71561622619629,15719
2017-07-07,31.549999237060547,31.799999237060547,31.149999618530273,31.75,28.024551391601562,20880
2017-07-10,31.450000762939453,31.649999618530273,31.200000762939453,31.549999237060547,27.848018646240234,15247
2017-07-11,31.549999237060547,31.799999237060547,31.399999618530273,31.549999237060547,27.848018646240234,23648
2017-07-12,31.5,31.799999237060547,31.399999618530273,31.450000762939453,27.759756088256836,54219
2017-07-13,31.5,31.649999618530273,31.399999618530273,31.5,27.803884506225586,24870
2017-07-14,31.5,31.75,31.399999618530273,31.399999618530273,27.71561622619629,20174
2017-07-17,31.399999618530273,31.75,31.049999237060547,31.149999618530273,27.494953155517578,28602
2017-07-18,31.049999237060547,31.25,30.350000381469727,30.799999237060547,27.186017990112305,72373
2017-07-19,31.049999237060547,31.5,31.049999237060547,31.25,27.583215713500977,46672
2017-07-20,31.450000762939453,31.450000762939453,30.799999237060547,31.0,27.362550735473633,306473
2017-07-21,31.049999237060547,31.100000381469727,30.700000762939453,30.850000381469727,27.230152130126953,45203
2017-07-24,30.950000762939453,31.100000381469727,30.649999618530273,30.950000762939453,27.318418502807617,13834
2017-07-25,30.899999618530273,30.950000762939453,30.549999237060547,30.799999237060547,27.186017990112305,12658
2017-07-26,30.75,31.100000381469727,30.600000381469727,30.799999237060547,27.186017990112305,14135
2017-07-27,30.950000762939453,31.0,30.25,31.0,27.362550735473633,20666
2017-07-28,30.850000381469727,30.950000762939453,30.5,30.75,27.141887664794922,11264
2017-07-31,30.75,30.850000381469727,30.450000762939453,30.5,26.92121696472168,18315
2017-08-01,30.649999618530273,30.649999618530273,30.25,30.399999618530273,26.832948684692383,42109
2017-08-02,30.450000762939453,30.799999237060547,30.450000762939453,30.75,27.141887664794922,27209
2017-08-03,30.649999618530273,31.0,30.649999618530273,30.850000381469727,27.230152130126953,19862
2017-08-04,30.950000762939453,31.0,30.549999237060547,30.700000762939453,27.09775161743164,12078
2017-08-07,31.0,31.0,30.0,30.399999618530273,26.832948684692383,41909
2017-08-08,30.0,30.299999237060547,30.0,30.100000381469727,26.56815528869629,18691
2017-08-09,28.549999237060547,30.200000762939453,28.5,29.950000762939453,26.43575668334961,25891
2017-08-10,29.899999618530273,30.399999618530273,29.600000381469727,30.200000762939453,26.656423568725586,75646
2017-08-11,30.25,30.5,30.149999618530273,30.299999237060547,26.744686126708984,8134
2017-08-14,30.299999237060547,31.100000381469727,29.143699645996094,30.899999618530273,27.27428436279297,37978
2017-08-15,31.149999618530273,31.149999618530273,30.399999618530273,30.600000381469727,27.009485244750977,19609
2017-08-16,31.0,31.600000381469727,31.0,31.450000762939453,27.759756088256836,105373
2017-08-17,31.100000381469727,32.150001525878906,31.100000381469727,31.799999237060547,28.068681716918945,29045
2017-08-18,31.850000381469727,34.150001525878906,31.850000381469727,33.04999923706055,29.17201042175293,43771
2017-08-21,33.150001525878906,33.20000076293945,32.79999923706055,32.95000076293945,29.0837459564209,68643
2017-08-22,33.29999923706055,33.5,32.880699157714844,33.150001525878906,29.260278701782227,39636
2017-08-23,32.79999923706055,33.5,32.79999923706055,33.349998474121094,29.436805725097656,52138
2017-08-24,33.349998474121094,34.099998474121094,32.79999923706055,33.25,29.348539352416992,49285
2017-08-25,33.650001525878906,34.0,33.400001525878906,33.54999923706055,29.61334228515625,44354
2017-08-28,33.599998474121094,33.849998474121094,33.233001708984375,33.54999923706055,29.61334228515625,42223
2017-08-29,33.5,33.650001525878906,33.29999923706055,33.5,29.5692081451416,35231
2017-08-30,33.54999923706055,33.82500076293945,33.20000076293945,33.5,29.5692081451416,30274
2017-08-31,33.599998474121094,33.82500076293945,33.25,33.400001525878906,29.480945587158203,32964
2017-09-01,33.400001525878906,33.599998474121094,33.26250076293945,33.5,29.5692081451416,18891
2017-09-05,33.5,33.75,33.04999923706055,33.20000076293945,29.304410934448242,19395
2017-09-06,33.099998474121094,33.650001525878906,33.099998474121094,33.5,29.5692081451416,18747
2017-09-07,33.5,33.650001525878906,32.0,33.54999923706055,29.61334228515625,37675
2017-09-08,33.5,33.900001525878906,33.29999923706055,33.5,29.5692081451416,18444
2017-09-11,33.650001525878906,34.0,33.599998474121094,33.900001525878906,29.92227554321289,93057
2017-09-12,34.0,34.0,33.849998474121094,34.0,30.01053810119629,223629
2017-09-13,34.0,34.349998474121094,33.95000076293945,34.0,30.01053810119629,232902
2017-09-14,33.95000076293945,34.04999923706055,33.849998474121094,33.95000076293945,29.966407775878906,38633
2017-09-15,33.95000076293945,34.29999923706055,33.75,34.04999923706055,30.054670333862305,62787
2017-09-18,34.70000076293945,35.95000076293945,34.6599006652832,35.95000076293945,31.956981658935547,133832
2017-09-19,35.95000076293945,36.5,35.900001525878906,36.400001525878906,32.35700607299805,40039
2017-09-20,36.349998474121094,36.499000549316406,36.04999923706055,36.04999923706055,32.04587173461914,27044
2017-09-21,36.099998474121094,36.25,35.650001525878906,36.099998474121094,32.0903205871582,20089
2017-09-22,36.04999923706055,36.349998474121094,35.900001525878906,36.099998474121094,32.0903205871582,22965
2017-09-25,36.04999923706055,36.10459899902344,35.500099182128906,35.95000076293945,31.956981658935547,32413
2017-09-26,35.900001525878906,36.099998474121094,35.75,35.900001525878906,31.91254234313965,15234
2017-09-27,35.900001525878906,35.900001525878906,35.45000076293945,35.45000076293945,31.512514114379883,17709
2017-09-28,35.349998474121094,35.54999923706055,35.20000076293945,35.349998474121094,31.423625946044922,25174
2017-09-29,35.400001525878906,36.099998474121094,35.400001525878906,36.04999923706055,32.04587173461914,13931
2017-10-02,36.25,36.849998474121094,36.099998474121094,36.29999923706055,32.26811218261719,33344
2017-10-03,36.54999923706055,37.0,36.150001525878906,36.75,32.66812515258789,30302
2017-10-04,36.79999923706055,37.099998474121094,36.54999923706055,36.79999923706055,32.712581634521484,18573
2017-10-05,37.099998474121094,37.099998474121094,36.25,36.5,32.445884704589844,81039
2017-10-06,36.5,37.099998474121094,36.45000076293945,37.04999923706055,32.93479537963867,18474
2017-10-09,37.25,37.5,37.0,37.29999923706055,33.15703201293945,25192
2017-10-10,37.54999923706055,37.75,37.099998474121094,37.70000076293945,33.512603759765625,46148
2017-10-11,37.5,37.5,37.0,37.150001525878906,33.02369689941406,12497
2017-10-12,37.20000076293945,37.57500076293945,36.79999923706055,37.349998474121094,33.201480865478516,21813
2017-10-13,37.400001525878906,37.54999923706055,36.849998474121094,36.849998474121094,32.757015228271484,15223
2017-10-16,37.04999923706055,37.349998474121094,36.75,36.75,32.66812515258789,18219
2017-10-17,36.599998474121094,37.0099983215332,36.45000076293945,36.599998474121094,32.53478240966797,12388
2017-10-18,36.70000076293945,37.2859992980957,36.70000076293945,37.20000076293945,33.068138122558594,85775
2017-10-19,37.25,37.57500076293945,37.099998474121094,37.45000076293945,33.29037094116211,48852
2017-10-20,37.5,37.849998474121094,37.5,37.599998474121094,33.423709869384766,11450
2017-10-23,37.650001525878906,38.0,37.5,37.599998474121094,33.423709869384766,34262
2017-10-24,37.849998474121094,37.849998474121094,37.599998474121094,37.79999923706055,33.60150146484375,19270
2017-10-25,37.75,37.82500076293945,36.95000076293945,37.04999923706055,32.93479537963867,62650
2017-10-26,37.0,37.150001525878906,36.5,36.599998474121094,32.53478240966797,37263
2017-10-27,36.849998474121094,36.849998474121094,36.04999923706055,36.25,32.223663330078125,16684
2017-10-30,36.25,36.45000076293945,35.849998474121094,36.0,32.00143051147461,68884
2017-10-31,36.0,36.099998474121094,35.25,35.5,31.55696678161621,36222
2017-11-01,35.5,35.70000076293945,35.04999923706055,35.25,31.33473014831543,42727
2017-11-02,35.0,35.5,35.0,35.45000076293945,31.512514114379883,19165
2017-11-03,35.54999923706055,35.849998474121094,34.75,35.25,31.33473014831543,23261
2017-11-06,35.099998474121094,35.54999923706055,34.95000076293945,35.29999923706055,31.379182815551758,24108
2017-11-07,35.25,35.494998931884766,34.95000076293945,35.099998474121094,31.201393127441406,13696
2017-11-08,35.150001525878906,35.400001525878906,35.0,35.150001525878906,31.245838165283203,13957
2017-11-09,35.0,35.54999923706055,35.0,35.29999923706055,31.379182815551758,54876
2017-11-10,35.29999923706055,35.599998474121094,34.900001525878906,35.150001525878906,31.245838165283203,13180
2017-11-13,34.79999923706055,35.20000076293945,34.349998474121094,34.79999923706055,30.93471336364746,40399
2017-11-14,34.599998474121094,36.0,34.599998474121094,35.849998474121094,31.868091583251953,31693
2017-11-15,36.25,36.400001525878906,35.099998474121094,36.0,32.00143051147461,94183
2017-11-16,36.29999923706055,36.849998474121094,35.880401611328125,36.099998474121094,32.0903205871582,25406
2017-11-17,35.79999923706055,36.125,35.599998474121094,35.95000076293945,31.956981658935547,27623
2017-11-20,35.70000076293945,35.756099700927734,35.349998474121094,35.400001525878906,31.468074798583984,53810
2017-11-21,35.400001525878906,35.47629928588867,35.0,35.0,31.112499237060547,61443
2017-11-22,35.04999923706055,35.45000076293945,35.04999923706055,35.25,31.33473014831543,67478
2017-11-24,35.5,36.0,35.5,36.0,32.00143051147461,19636
2017-11-27,36.099998474121094,36.29999923706055,35.79999923706055,36.0,32.00143051147461,44571
2017-11-28,36.125,36.125,35.70000076293945,35.79999923706055,31.823646545410156,46891
2017-11-29,36.0,36.025001525878906,35.599998474121094,35.650001525878906,31.69029998779297,26821
2017-11-30,35.849998474121094,36.150001525878906,35.599998474121094,35.599998474121094,31.645858764648438,46607
2017-12-01,35.599998474121094,35.775001525878906,35.25,35.70000076293945,31.734756469726562,22363
2017-12-04,35.70000076293945,35.70000076293945,34.70000076293945,34.900001525878906,31.023609161376953,89501
2017-12-05,34.900001525878906,35.650001525878906,34.79999923706055,35.0,31.112499237060547,64746
2017-12-06,34.79999923706055,35.5,34.75,35.0,31.112499237060547,28494
2017-12-07,35.0,35.70000076293945,34.70000076293945,35.04999923706055,31.156946182250977,31230
2017-12-08,35.099998474121094,35.5,34.849998474121094,34.900001525878906,31.023609161376953,12679
2017-12-11,35.04999923706055,35.04999923706055,34.849998474121094,34.95000076293945,31.068050384521484,14133
2017-12-12,34.900001525878906,35.150001525878906,34.599998474121094,34.900001525878906,31.023609161376953,25779
2017-12-13,34.849998474121094,35.45000076293945,34.79999923706055,35.0,31.112499237060547,17954
2017-12-14,35.099998474121094,35.349998474121094,34.599998474121094,34.79999923706055,30.93471336364746,73221
2017-12-15,34.95000076293945,34.95000076293945,34.54999923706055,34.79999923706055,30.93471336364746,18095
2017-12-18,34.95000076293945,35.75,34.599998474121094,35.349998474121094,31.423625946044922,39608
2017-12-19,35.099998474121094,35.345001220703125,33.400001525878906,33.79999923706055,30.0457820892334,43426
2017-12-20,34.0,34.400001525878906,33.54999923706055,34.150001525878906,30.356910705566406,36021
2017-12-21,34.20000076293945,35.04999923706055,34.20000076293945,34.75,30.89026641845703,122615
2017-12-22,34.849998474121094,35.32500076293945,34.849998474121094,34.900001525878906,31.023609161376953,32952
2017-12-26,34.75,35.45000076293945,34.35110092163086,35.29999923706055,31.596466064453125,21830
2017-12-27,35.0,35.0,34.29999923706055,34.45000076293945,30.83563804626465,59318
2017-12-28,34.400001525878906,34.5,34.29999923706055,34.29999923706055,30.701379776000977,18897
2017-12-29,34.349998474121094,34.349998474121094,34.0,34.20000076293945,30.611867904663086,15472
2018-01-02,34.20000076293945,34.599998474121094,34.04999923706055,34.20000076293945,30.611867904663086,25830
2018-01-03,34.20000076293945,34.29999923706055,33.650001525878906,34.099998474121094,30.522357940673828,37360
2018-01-04,34.04999923706055,34.20000076293945,33.70000076293945,33.75,30.209081649780273,25221
2018-01-05,33.849998474121094,35.17499923706055,33.849998474121094,35.04999923706055,31.3726863861084,36538
2018-01-08,35.29999923706055,35.55009841918945,34.95000076293945,35.25,31.551708221435547,58897
2018-01-09,35.29999923706055,35.54990005493164,34.150001525878906,34.5,30.880395889282227,28599
2018-01-10,34.29999923706055,34.54999923706055,33.70000076293945,33.75,30.209081649780273,21334
2018-01-11,33.79999923706055,34.099998474121094,33.25,34.04999923706055,30.47760581970215,60462
2018-01-12,34.20000076293945,35.349998474121094,34.0,35.29999923706055,31.596466064453125,22315
2018-01-16,35.400001525878906,35.400001525878906,34.599998474121094,34.70000076293945,31.059410095214844,34417
2018-01-17,34.650001525878906,35.400001525878906,33.099998474121094,34.45000076293945,30.83563804626465,37831
2018-01-18,34.45000076293945,35.149898529052734,33.75,34.099998474121094,30.522357940673828,22376
2018-01-19,34.150001525878906,35.25,34.07500076293945,35.25,31.551708221435547,18615
2018-01-22,35.099998474121094,35.5,34.599998474121094,35.45000076293945,31.730722427368164,33284
2018-01-23,35.349998474121094,35.95000076293945,35.25,35.54999923706055,31.820226669311523,25528
2018-01-24,35.599998474121094,35.70000076293945,34.79999923706055,34.95000076293945,31.28318214416504,24759
2018-01-25,35.0,35.04999923706055,34.45000076293945,34.70000076293945,31.059410095214844,19334
2018-01-26,34.900001525878906,35.099998474121094,34.54999923706055,34.900001525878906,31.23843002319336,9627
2018-01-29,34.900001525878906,35.5,34.54999923706055,35.29999923706055,31.596466064453125,36605
2018-01-30,35.0,35.349998474121094,34.599998474121094,35.29999923706055,31.596466064453125,24037
2018-01-31,35.349998474121094,35.474998474121094,34.724998474121094,34.900001525878906,31.23843002319336,41453
2018-02-01,34.79999923706055,35.150001525878906,34.25,35.0,31.32793617248535,25417
2018-02-02,34.849998474121094,35.25,34.6875,34.79999923706055,31.148921966552734,24937
2018-02-05,34.349998474121094,35.5,34.0,34.5,30.880395889282227,53519
2018-02-06,34.0,34.8125,33.79999923706055,34.20000076293945,30.611867904663086,35733
2018-02-07,33.95000076293945,34.349998474121094,33.349998474121094,33.95000076293945,30.388097763061523,123600
2018-02-08,33.900001525878906,34.25,33.349998474121094,33.5,29.985313415527344,23823
2018-02-09,33.650001525878906,33.75,32.349998474121094,33.45000076293945,29.9405517578125,36424
2018-02-12,33.70000076293945,34.400001525878906,33.5,34.04999923706055,30.47760581970215,25726
2018-02-13,34.099998474121094,34.900001525878906,33.900001525878906,34.04999923706055,30.47760581970215,55943
2018-02-14,33.95000076293945,34.099998474121094,33.20000076293945,33.650001525878906,30.11956787109375,21079
2018-02-15,33.79999923706055,34.150001525878906,33.29999923706055,33.900001525878906,30.343339920043945,8459
2018-02-16,33.75,34.20000076293945,33.724998474121094,33.79999923706055,30.253835678100586,6348
2018-02-20,33.75,33.95000076293945,33.400001525878906,33.45000076293945,29.9405517578125,15315
2018-02-21,33.54999923706055,33.849998474121094,33.29999923706055,33.400001525878906,29.895803451538086,16784
2018-02-22,33.5,33.75,33.29999923706055,33.54999923706055,30.03006362915039,21249
2018-02-23,33.70000076293945,33.75,33.5,33.650001525878906,30.11956787109375,21134
2018-02-26,33.849998474121094,33.849998474121094,33.45000076293945,33.45000076293945,29.9405517578125,26716
2018-02-27,33.70000076293945,34.099998474121094,33.45000076293945,33.95000076293945,30.388097763061523,178180
2018-02-28,34.20000076293945,35.0,34.099998474121094,34.54999923706055,30.92514419555664,65218
2018-03-01,34.75,34.79999923706055,34.150001525878906,34.599998474121094,30.96990203857422,74134
2018-03-02,34.5,35.95000076293945,34.5,35.900001525878906,32.133506774902344,47969
2018-03-05,35.900001525878906,36.150001525878906,35.04999923706055,35.04999923706055,31.3726863861084,262143
2018-03-06,35.150001525878906,35.150001525878906,34.275001525878906,34.650001525878906,31.014652252197266,26628
2018-03-07,34.400001525878906,35.70000076293945,34.29999923706055,35.25,31.551708221435547,99771
2018-03-08,35.25,35.849998474121094,35.150001525878906,35.45000076293945,31.730722427368164,25003
2018-03-09,35.70000076293945,35.900001525878906,35.20000076293945,35.45000076293945,31.730722427368164,33638
2018-03-12,35.45000076293945,36.0,35.349998474121094,35.900001525878906,32.133506774902344,30082
2018-03-13,35.849998474121094,36.0,35.54999923706055,35.75,31.999252319335938,35890
2018-03-14,35.900001525878906,35.900001525878906,35.29999923706055,35.400001525878906,31.68596839904785,15134
2018-03-15,35.349998474121094,36.07500076293945,35.04999923706055,35.900001525878906,32.133506774902344,63931
2018-03-16,36.25,36.25,35.70000076293945,35.79999923706055,32.04400634765625,66285
2018-03-19,35.650001525878906,35.79999923706055,35.150001525878906,35.54999923706055,31.820226669311523,15734
2018-03-20,35.54999923706055,35.54999923706055,34.849998474121094,35.0,31.32793617248535,75416
2018-03-21,35.0,35.95000076293945,34.95000076293945,35.70000076293945,31.954500198364258,50303
2018-03-22,35.45000076293945,35.900001525878906,33.099998474121094,33.099998474121094,29.627273559570312,72017
2018-03-23,33.29999923706055,34.20000076293945,33.275001525878906,33.45000076293945,29.9405517578125,172509
2018-03-26,33.25,33.45000076293945,32.70000076293945,32.79999923706055,29.570920944213867,125170
2018-03-27,32.79999923706055,33.150001525878906,31.350000381469727,31.600000381469727,28.489055633544922,176445
2018-03-28,31.450000762939453,32.900001525878906,30.899999618530273,30.899999618530273,27.85797119140625,88054
2018-03-29,31.049999237060547,31.875,30.899999618530273,31.100000381469727,28.038280487060547,74114
2018-04-02,31.0,31.25,30.799999237060547,30.950000762939453,27.903047561645508,155437
2018-04-03,31.049999237060547,32.54999923706055,30.850000381469727,32.400001525878906,29.21030044555664,195848
2018-04-04,32.099998474121094,32.29999923706055,31.399999618530273,31.950000762939453,28.804601669311523,37443
2018-04-05,32.099998474121094,32.57500076293945,31.40180015563965,32.04999923706055,28.89475440979004,105227
2018-04-06,31.899999618530273,33.0,31.850000381469727,32.04999923706055,28.89475440979004,102340
2018-04-09,32.29999923706055,32.5,31.799999237060547,31.899999618530273,28.759523391723633,41468
2018-04-10,32.150001525878906,32.25,31.75,32.0,28.84967803955078,95956
2018-04-11,31.950000762939453,32.29999923706055,31.899999618530273,32.25,29.07506561279297,35692
2018-04-12,32.25,32.29999923706055,31.549999237060547,32.04999923706055,28.89475440979004,50073
2018-04-13,32.150001525878906,32.54999923706055,32.04999923706055,32.349998474121094,29.165218353271484,80345
2018-04-16,32.349998474121094,32.95000076293945,32.07500076293945,32.400001525878906,29.21030044555664,22490
2018-04-17,32.45000076293945,32.95000076293945,32.25,32.650001525878906,29.435684204101562,27221
2018-04-18,32.650001525878906,32.849998474121094,32.20000076293945,32.650001525878906,29.435684204101562,10948
2018-04-19,32.54999923706055,32.95000076293945,32.0,32.400001525878906,29.21030044555664,49085
2018-04-20,32.5,33.0,31.700000762939453,32.099998474121094,28.939830780029297,60387
2018-04-23,32.04999923706055,32.29999923706055,31.600000381469727,31.649999618530273,28.53413200378418,25004
2018-04-24,31.850000381469727,32.150001525878906,31.549999237060547,31.700000762939453,28.579212188720703,42703
2018-04-25,31.549999237060547,31.799999237060547,31.0,31.5,28.398900985717773,48073
2018-04-26,31.549999237060547,32.20000076293945,31.350000381469727,31.450000762939453,28.353824615478516,37270
2018-04-27,31.549999237060547,31.649999618530273,31.200000762939453,31.5,28.398900985717773,15792
2018-04-30,31.450000762939453,31.600000381469727,30.950000762939453,31.350000381469727,28.263668060302734,21327
2018-05-01,31.299999237060547,31.75,30.649999618530273,31.5,28.398900985717773,206973
2018-05-02,31.5,31.5,31.100000381469727,31.200000762939453,28.128435134887695,78532
2018-05-03,31.100000381469727,31.299999237060547,30.899999618530273,31.100000381469727,28.038280487060547,76099
2018-05-04,30.975000381469727,31.350000381469727,30.950000762939453,31.149999618530273,28.083356857299805,56125
2018-05-07,31.200000762939453,31.5,31.200000762939453,31.200000762939453,28.128435134887695,29310
2018-05-08,31.100000381469727,31.200000762939453,30.950000762939453,31.100000381469727,28.038280487060547,25995
2018-05-09,31.200000762939453,31.350000381469727,30.799999237060547,31.200000762939453,28.128435134887695,32545
2018-05-10,31.149999618530273,31.299999237060547,31.049999237060547,31.200000762939453,28.128435134887695,23054
2018-05-11,31.350000381469727,31.350000381469727,31.0,31.100000381469727,28.038280487060547,11536
2018-05-14,31.200000762939453,31.299999237060547,30.760000228881836,31.200000762939453,28.128435134887695,33573
2018-05-15,31.0,31.299999237060547,30.850000381469727,31.25,28.173511505126953,73936
2018-05-16,31.100000381469727,31.5,30.825000762939453,31.350000381469727,28.263668060302734,29056
2018-05-17,31.299999237060547,31.299999237060547,30.899999618530273,31.200000762939453,28.128435134887695,32483
2018-05-18,31.100000381469727,31.299999237060547,31.0,31.25,28.173511505126953,27302
2018-05-21,31.149999618530273,31.25,30.979999542236328,31.25,28.173511505126953,25376
2018-05-22,31.200000762939453,31.350000381469727,31.0,31.25,28.173511505126953,39644
2018-05-23,31.344999313354492,32.20000076293945,31.0,31.649999618530273,28.53413200378418,49492
2018-05-24,31.75,31.850000381469727,31.399999618530273,31.700000762939453,28.579212188720703,37490
2018-05-25,31.924999237060547,32.54999923706055,31.700000762939453,32.400001525878906,29.21030044555664,39464
2018-05-29,32.599998474121094,32.900001525878906,31.850000381469727,32.29999923706055,29.12014389038086,59589
2018-05-30,32.54999923706055,32.650001525878906,32.400001525878906,32.599998474121094,29.390607833862305,61303
2018-05-31,32.599998474121094,33.099998474121094,32.349998474121094,33.0,29.751230239868164,105417
2018-06-01,32.95000076293945,33.900001525878906,32.95000076293945,33.70000076293945,30.382322311401367,38067
2018-06-04,33.75,33.75,32.79999923706055,33.20000076293945,29.931543350219727,71867
2018-06-05,33.349998474121094,33.650001525878906,32.5,32.900001525878906,29.66107749938965,93074
2018-06-06,32.70000076293945,32.849998474121094,32.29999923706055,32.5,29.300453186035156,13512
2018-06-07,32.45000076293945,32.45000076293945,31.149999618530273,31.149999618530273,28.083356857299805,141946
2018-06-08,31.200000762939453,31.299999237060547,31.0,31.149999618530273,28.083356857299805,111375
2018-06-11,31.149999618530273,31.75,30.950000762939453,31.299999237060547,28.218591690063477,185385
2018-06-12,31.399999618530273,31.649999618530273,31.049999237060547,31.5,28.398900985717773,36086
2018-06-13,31.549999237060547,31.600000381469727,30.975000381469727,31.200000762939453,28.128435134887695,38437
2018-06-14,31.149999618530273,31.850000381469727,31.149999618530273,31.350000381469727,28.263668060302734,35712
2018-06-15,31.299999237060547,31.299999237060547,31.0,31.100000381469727,28.038280487060547,61753
2018-06-18,31.25,31.550100326538086,30.950000762939453,31.100000381469727,28.038280487060547,41384
2018-06-19,31.0,31.674999237060547,30.350000381469727,31.0,27.94812774658203,64650
2018-06-20,30.950000762939453,31.399999618530273,30.850000381469727,31.25,28.173511505126953,66367
2018-06-21,31.350000381469727,31.350000381469727,30.950000762939453,31.049999237060547,27.99320411682129,28557
2018-06-22,31.049999237060547,31.299999237060547,30.899999618530273,31.25,28.173511505126953,45042
2018-06-25,30.899999618530273,31.350000381469727,30.700000762939453,31.149999618530273,28.300704956054688,29311
2018-06-26,31.200000762939453,31.399999618530273,30.75,30.799999237060547,27.98272132873535,141737
2018-06-27,30.899999618530273,30.899999618530273,29.799999237060547,29.950000762939453,27.210472106933594,42035
2018-06-28,30.0,30.799999237060547,29.950000762939453,30.600000381469727,27.801015853881836,59448
2018-06-29,30.600000381469727,30.799999237060547,30.25,30.350000381469727,27.573884963989258,22488
2018-07-02,30.200000762939453,30.875,30.200000762939453,30.75,27.937294006347656,40660
2018-07-03,31.0,31.0,30.350000381469727,30.399999618530273,27.61931037902832,12292
2018-07-05,30.5,30.950000762939453,30.25,30.899999618530273,28.073575973510742,46205
2018-07-06,30.799999237060547,31.049999237060547,30.5,30.649999618530273,27.846437454223633,33551
2018-07-09,30.75,30.850000381469727,30.5,30.75,27.937294006347656,36873
2018-07-10,30.700000762939453,30.850000381469727,30.399999618530273,30.399999618530273,27.61931037902832,65686
2018-07-11,30.100000381469727,30.75,29.899999618530273,30.5,27.710163116455078,63866
2018-07-12,30.5,30.649999618530273,30.299999237060547,30.350000381469727,27.573884963989258,26802
2018-07-13,30.5,30.549999237060547,30.200000762939453,30.399999618530273,27.61931037902832,24797
2018-07-16,30.25,30.25,29.399999618530273,29.5,26.801631927490234,81266
2018-07-17,29.25,29.75,29.25,29.549999237060547,26.847057342529297,35518
2018-07-18,29.600000381469727,29.899999618530273,29.399999618530273,29.799999237060547,27.074188232421875,69605
2018-07-19,29.600000381469727,30.0,29.399999618530273,29.850000381469727,27.119613647460938,52737
2018-07-20,30.0,31.049999237060547,30.0,30.700000762939453,27.89186668395996,43622
2018-07-23,30.5,31.0,30.399999618530273,30.75,27.937294006347656,32789
2018-07-24,31.850000381469727,33.650001525878906,31.0,33.04999923706055,30.02690887451172,95392
2018-07-25,33.04999923706055,34.849998474121094,33.0,34.650001525878906,31.480562210083008,78463
2018-07-26,34.5,34.5,33.29999923706055,34.0,30.8900203704834,82698
2018-07-27,34.0,34.599998474121094,33.849998474121094,34.5,31.34428596496582,45895
2018-07-30,34.099998474121094,34.5,33.5,34.20000076293945,31.071725845336914,82361
2018-07-31,34.150001525878906,34.45000076293945,33.599998474121094,34.04999923706055,30.93544578552246,44425
2018-08-01,34.0,34.349998474121094,33.79999923706055,34.150001525878906,31.02630043029785,58694
2018-08-02,33.849998474121094,34.45000076293945,33.849998474121094,34.29999923706055,31.162572860717773,32110
2018-08-03,34.349998474121094,34.599998474121094,34.25,34.5,31.34428596496582,19632
2018-08-06,34.29999923706055,35.04999923706055,34.04999923706055,34.20000076293945,31.071725845336914,83252
2018-08-07,34.349998474121094,34.5,33.900001525878906,34.099998474121094,30.98087501525879,14741
2018-08-08,34.0,34.0,33.20000076293945,33.650001525878906,30.572031021118164,27101
2018-08-09,33.45000076293945,33.900001525878906,32.313499450683594,33.599998474121094,30.5266056060791,22155
2018-08-10,33.5,33.599998474121094,32.45000076293945,33.400001525878906,30.344900131225586,28625
2018-08-13,33.349998474121094,33.79999923706055,33.224998474121094,33.599998474121094,30.5266056060791,18120
2018-08-14,33.599998474121094,34.19649887084961,33.599998474121094,33.95000076293945,30.84459114074707,23316
2018-08-15,33.900001525878906,33.900001525878906,32.95000076293945,33.29999923706055,30.254043579101562,23962
2018-08-16,33.45000076293945,33.5,33.099998474121094,33.20000076293945,30.163196563720703,25900
2018-08-17,33.0,33.54999923706055,33.0,33.29999923706055,30.254043579101562,32719
2018-08-20,33.29999923706055,33.29999923706055,33.0,33.150001525878906,30.117765426635742,76009
2018-08-21,33.150001525878906,33.599998474121094,32.900001525878906,33.400001525878906,30.344900131225586,44621
2018-08-22,33.20000076293945,33.79999923706055,33.150001525878906,33.45000076293945,30.39032554626465,23040
2018-08-23,33.5,33.599998474121094,33.20000076293945,33.5,30.43575096130371,25470
2018-08-24,33.75,33.999900817871094,33.45000076293945,33.5,30.43575096130371,7963
2018-08-27,33.45000076293945,33.70000076293945,32.54999923706055,33.650001525878906,30.572031021118164,26779
2018-08-28,33.650001525878906,34.349998474121094,33.650001525878906,34.04999923706055,30.93544578552246,21689
2018-08-29,34.04999923706055,34.29999923706055,33.5,34.29999923706055,31.162572860717773,30763
2018-08-30,35.400001525878906,35.400001525878906,33.849998474121094,34.400001525878906,31.253429412841797,30816
2018-08-31,34.5,34.5,33.099998474121094,34.099998474121094,30.98087501525879,54756
2018-09-04,34.349998474121094,35.400001525878906,33.650001525878906,34.400001525878906,31.253429412841797,28918
2018-09-05,34.400001525878906,34.400001525878906,33.650001525878906,34.0,30.8900203704834,13030
2018-09-06,33.95000076293945,35.150001525878906,33.95000076293945,34.70000076293945,31.52599334716797,40426
2018-09-07,34.75,35.150001525878906,34.150001525878906,34.29999923706055,31.162572860717773,12869
2018-09-10,34.25,34.95000076293945,34.25,34.95000076293945,31.753122329711914,32399
2018-09-11,34.79999923706055,35.099998474121094,33.650001525878906,33.650001525878906,30.572031021118164,10779
2018-09-12,33.70000076293945,34.849998474121094,33.70000076293945,34.150001525878906,31.02630043029785,19671
2018-09-13,34.150001525878906,34.5,33.5,33.54999923706055,30.48117446899414,13974
2018-09-14,33.75,33.75,33.0,33.0,29.981489181518555,45847
2018-09-17,33.0,33.974998474121094,32.95000076293945,32.95000076293945,29.936059951782227,15796
2018-09-18,33.150001525878906,33.400001525878906,32.900001525878906,33.25,30.208616256713867,15723
2018-09-19,33.20000076293945,33.349998474121094,32.849998474121094,33.04999923706055,30.02690887451172,24720
2018-09-20,33.150001525878906,33.599998474121094,33.0,33.400001525878906,30.344900131225586,25811
2018-09-21,33.349998474121094,34.0,33.099998474121094,33.45000076293945,30.39032554626465,70323
2018-09-24,33.5,34.150001525878906,33.45000076293945,33.79999923706055,30.708311080932617,32103
2018-09-25,33.599998474121094,34.29999923706055,33.54999923706055,34.20000076293945,31.29393196105957,26681
2018-09-26,34.20000076293945,34.400001525878906,34.150001525878906,34.25,31.339675903320312,46652
2018-09-27,34.25,34.95000076293945,34.25,34.54999923706055,31.61418342590332,31347
2018-09-28,34.599998474121094,34.75,33.95000076293945,34.400001525878906,31.4769344329834,11721
2018-10-01,34.709999084472656,34.90999984741211,34.04999923706055,34.38999938964844,31.46778106689453,26127
2018-10-02,34.5,34.9900016784668,34.1859016418457,34.86000061035156,31.89784812927246,28657
2018-10-03,34.86000061035156,34.97999954223633,34.5,34.5,31.568439483642578,49525
2018-10-04,34.29999923706055,34.54499816894531,33.88999938964844,34.02000045776367,31.129222869873047,28957
2018-10-05,33.790000915527344,34.040000915527344,33.650001525878906,33.900001525878906,31.01942253112793,14274
2018-10-08,33.900001525878906,33.900001525878906,33.25,33.61000061035156,30.754066467285156,9562
2018-10-09,33.5,33.790000915527344,33.41999816894531,33.4900016784668,30.644258499145508,63575
2018-10-10,33.529998779296875,33.540000915527344,33.02000045776367,33.279998779296875,30.45210075378418,30897
2018-10-11,33.0,33.27000045776367,32.08000183105469,32.599998474121094,29.829883575439453,35609
2018-10-12,32.709999084472656,32.9900016784668,32.33000183105469,32.79999923706055,30.01289176940918,22057
2018-10-15,32.720001220703125,33.91999816894531,32.331199645996094,33.04999923706055,30.24164390563965,49763
2018-10-16,33.150001525878906,34.0,33.150001525878906,33.849998474121094,30.97366714477539,6701
2018-10-17,33.81999969482422,34.400001525878906,33.599998474121094,34.400001525878906,31.4769344329834,19385
2018-10-18,34.130001068115234,35.744998931884766,34.099998474121094,34.130001068115234,31.229877471923828,264286
2018-10-19,34.349998474121094,35.34000015258789,32.820701599121094,34.369998931884766,31.44948387145996,18813
2018-10-22,34.400001525878906,34.45000076293945,33.40999984741211,33.900001525878906,31.01942253112793,35350
2018-10-23,33.68000030517578,33.86000061035156,32.630001068115234,33.52000045776367,30.671714782714844,33861
2018-10-24,33.34000015258789,33.880001068115234,33.34000015258789,33.43000030517578,30.589359283447266,30161
2018-10-25,33.4900016784668,34.099998474121094,33.41999816894531,33.65999984741211,30.799808502197266,18544
2018-10-26,33.27000045776367,34.119998931884766,33.22999954223633,33.79999923706055,30.92791748046875,14463
2018-10-29,33.95000076293945,34.97999954223633,31.579999923706055,33.5099983215332,30.662559509277344,21447
2018-10-30,33.72999954223633,33.75,32.32429885864258,33.5,30.65340805053711,157977
2018-10-31,33.790000915527344,34.72999954223633,33.720001220703125,34.119998931884766,31.220726013183594,19924
2018-11-01,34.38999938964844,35.189998626708984,34.0099983215332,35.040000915527344,32.06254577636719,25639
2018-11-02,35.11000061035156,36.04999923706055,34.92399978637695,36.029998779296875,32.96842575073242,10452
2018-11-05,36.02000045776367,36.02000045776367,35.02000045776367,35.15999984741211,32.17235565185547,13597
2018-11-06,35.16999816894531,35.84000015258789,35.02000045776367,35.790000915527344,32.74882125854492,36624
2018-11-07,35.97999954223633,36.720001220703125,35.97999954223633,36.45000076293945,33.35273742675781,35348
2018-11-08,36.36000061035156,36.540000915527344,35.2599983215332,35.54999923706055,32.529212951660156,20231
2018-11-09,35.560001373291016,36.58000183105469,35.560001373291016,36.099998474121094,33.0324821472168,2828
2018-11-12,35.75,35.75,34.724998474121094,35.09000015258789,32.10830307006836,34319
2018-11-13,35.08000183105469,35.529998779296875,34.849998474121094,34.849998474121094,31.888694763183594,20894
2018-11-14,34.5099983215332,34.72999954223633,32.71039962768555,34.27000045776367,31.35797691345215,56664
2018-11-15,34.04999923706055,35.34000015258789,33.77000045776367,35.20000076293945,32.208953857421875,10442
2018-11-16,35.209999084472656,35.709999084472656,34.560001373291016,35.5099983215332,32.49261474609375,15391
2018-11-19,35.58000183105469,35.58000183105469,33.65999984741211,33.95000076293945,31.06517219543457,41686
2018-11-20,33.290000915527344,33.79999923706055,33.06999969482422,33.06999969482422,30.259944915771484,58789
2018-11-21,33.040000915527344,33.439998626708984,32.5099983215332,32.58000183105469,29.81158447265625,47434
2018-11-23,32.25,33.4900016784668,32.08000183105469,32.79999923706055,30.01289176940918,16665
2018-11-26,33.0,34.5369987487793,32.22019958496094,34.0,31.11092758178711,63386
2018-11-27,34.0,34.400001525878906,32.97999954223633,33.16999816894531,30.3514461517334,181228
2018-11-28,33.15999984741211,34.619998931884766,33.15999984741211,33.959999084472656,31.07431983947754,106545
2018-11-29,33.83000183105469,34.3650016784668,33.18000030517578,34.0,31.11092758178711,29322
2018-11-30,34.0,34.28499984741211,33.099998474121094,33.11000061035156,30.296550750732422,70558
2018-12-03,33.290000915527344,34.90999984741211,33.290000915527344,34.099998474121094,31.202430725097656,96907
2018-12-04,34.099998474121094,34.099998474121094,33.119998931884766,33.5,30.65340805053711,25269
2018-12-06,33.0,34.099998474121094,33.0,33.31999969482422,30.488704681396484,85698
2018-12-07,33.33000183105469,33.880001068115234,32.63999938964844,32.84000015258789,30.04949378967285,15473
2018-12-10,32.849998474121094,33.189998626708984,31.81999969482422,32.27000045776367,29.527925491333008,38746
2018-12-11,32.599998474121094,32.619998931884766,31.25,32.5,29.73838233947754,29440
2018-12-12,33.2400016784668,35.16999816894531,32.93000030517578,33.900001525878906,31.01942253112793,38538
2018-12-13,33.900001525878906,34.79999923706055,33.5099983215332,33.72999954223633,30.863866806030273,27672
2018-12-14,33.31999969482422,34.189998626708984,32.259300231933594,33.15999984741211,30.342296600341797,26221
2018-12-17,33.16999816894531,33.16999816894531,32.439998626708984,32.66999816894531,29.893938064575195,15606
2018-12-18,32.68000030517578,33.4900016784668,32.68000030517578,33.06999969482422,30.259944915771484,18250
2018-12-19,33.279998779296875,33.279998779296875,32.150001525878906,32.41999816894531,29.665178298950195,28809
2018-12-20,32.22999954223633,33.11000061035156,31.399999618530273,31.6299991607666,28.94230842590332,24190
2018-12-21,31.709999084472656,31.809999465942383,30.910999298095703,31.1299991607666,28.48479461669922,31981
2018-12-24,30.59000015258789,31.06999969482422,29.380800247192383,31.0,28.576980590820312,36128
2018-12-26,31.079999923706055,32.33000183105469,31.079999923706055,32.18000030517578,29.664749145507812,63088
2018-12-27,31.770000457763672,32.95280075073242,31.149999618530273,31.6299991607666,29.157733917236328,13476
2018-12-28,31.889999389648438,32.72999954223633,31.020000457763672,32.279998779296875,29.756925582885742,29182
2018-12-31,32.849998474121094,33.03799819946289,32.0,32.060001373291016,29.554126739501953,44165
2019-01-02,31.90999984741211,33.0,31.90999984741211,32.84000015258789,30.273160934448242,135907
2019-01-03,32.849998474121094,33.900001525878906,32.68000030517578,33.88999938964844,31.241086959838867,31377
2019-01-04,34.349998474121094,35.06999969482422,32.21910095214844,34.810001373291016,32.08918380737305,19835
2019-01-07,35.0,35.19499969482422,33.65999984741211,34.119998931884766,31.453113555908203,60373
2019-01-08,34.18000030517578,34.59000015258789,33.79999923706055,34.40999984741211,31.720447540283203,28069
2019-01-09,34.5099983215332,34.5099983215332,33.33000183105469,33.529998779296875,30.909225463867188,50242
2019-01-10,33.029998779296875,33.84000015258789,33.0,33.61000061035156,30.98297882080078,26094
2019-01-11,33.290000915527344,33.470001220703125,33.02000045776367,33.02000045776367,30.439090728759766,35274
2019-01-14,33.02000045776367,33.429901123046875,32.130001068115234,32.31999969482422,29.793804168701172,24269
2019-01-15,32.2400016784668,32.86090087890625,31.420000076293945,31.790000915527344,29.30523109436035,25978
2019-01-16,31.479999542236328,32.400001525878906,31.479999542236328,31.75,29.26835823059082,55750
2019-01-17,31.43000030517578,32.029998779296875,30.860000610351562,31.010000228881836,28.586198806762695,33468
2019-01-18,31.306699752807617,31.59000015258789,30.64069938659668,31.190000534057617,28.752126693725586,68712
2019-01-22,30.899999618530273,32.5099983215332,30.790000915527344,32.5099983215332,29.968952178955078,127172
2019-01-23,32.66999816894531,33.439998626708984,32.20000076293945,32.400001525878906,29.8675537109375,101042
2019-01-24,32.439998626708984,33.13999938964844,32.369998931884766,32.400001525878906,29.8675537109375,36512
2019-01-25,32.5099983215332,32.79999923706055,32.06999969482422,32.79999923706055,30.236286163330078,10228
2019-01-28,32.650001525878906,32.689998626708984,32.040000915527344,32.150001525878906,29.63709259033203,36283
2019-01-29,32.150001525878906,32.79999923706055,32.02000045776367,32.68000030517578,30.12566566467285,35047
2019-01-30,32.310001373291016,32.86000061035156,32.310001373291016,32.65999984741211,30.10722541809082,22230
2019-01-31,32.45000076293945,32.97999954223633,32.45000076293945,32.95000076293945,30.37456512451172,29133
2019-02-01,32.9900016784668,33.90999984741211,32.560001373291016,33.59000015258789,30.964536666870117,20149
2019-02-04,33.619998931884766,34.31999969482422,33.45000076293945,33.7400016784668,31.102813720703125,17554
2019-02-05,33.900001525878906,33.9900016784668,33.279998779296875,33.45000076293945,30.835481643676758,10427
2019-02-06,33.5,33.58000183105469,33.11000061035156,33.33000183105469,30.724863052368164,5530
2019-02-07,33.13999938964844,33.244998931884766,32.56999969482422,33.0099983215332,30.429872512817383,14754
2019-02-08,32.900001525878906,33.459999084472656,32.900001525878906,33.09000015258789,30.503620147705078,9134
2019-02-11,33.060001373291016,33.599998474121094,33.060001373291016,33.43000030517578,30.817045211791992,11364
2019-02-12,33.43000030517578,33.689998626708984,33.43000030517578,33.689998626708984,31.05672264099121,13881
2019-02-13,33.72999954223633,34.279998779296875,33.54999923706055,34.189998626708984,31.517641067504883,61580
2019-02-14,34.209999084472656,34.47999954223633,33.41999816894531,33.599998474121094,30.973756790161133,23122
2019-02-15,33.61000061035156,34.41999816894531,33.61000061035156,34.41999816894531,31.729665756225586,22529
2019-02-19,34.20000076293945,34.459999084472656,33.880001068115234,34.029998779296875,31.370149612426758,29380
2019-02-20,34.16999816894531,36.5,34.150001525878906,35.40999984741211,32.64228439331055,134126
2019-02-21,35.380001068115234,35.709999084472656,34.959999084472656,35.220001220703125,32.46713638305664,79499
2019-02-22,35.220001220703125,36.22999954223633,34.9900016784668,36.040000915527344,33.22304153442383,69387
2019-02-25,36.13999938964844,37.2400016784668,35.869998931884766,37.060001373291016,34.16331481933594,74951
2019-02-26,37.02000045776367,37.904998779296875,36.68000030517578,37.86000061035156,34.90078353881836,30184
2019-02-27,37.83000183105469,38.5,36.869998931884766,36.9900016784668,34.098793029785156,89923
2019-02-28,36.349998474121094,37.0,36.220001220703125,36.900001525878906,34.01582717895508,80675
2019-03-01,36.90999984741211,37.95000076293945,36.849998474121094,37.0099983215332,34.117225646972656,35579
2019-03-04,37.2599983215332,37.849998474121094,36.974998474121094,37.369998931884766,34.44908142089844,33508
2019-03-05,37.33000183105469,37.58000183105469,36.58000183105469,37.20000076293945,34.29237365722656,38662
2019-03-06,37.15999984741211,37.400001525878906,36.79999923706055,36.88999938964844,34.006595611572266,30662
2019-03-07,36.43000030517578,36.93000030517578,36.41999816894531,36.619998931884766,33.75770950317383,19650
2019-03-08,36.400001525878906,36.94160079956055,36.34000015258789,36.650001525878906,33.78536605834961,28437
2019-03-11,37.43000030517578,37.7671012878418,35.5,35.58000183105469,32.79899978637695,48701
2019-03-12,36.040000915527344,36.040000915527344,34.79999923706055,34.95000076293945,32.218238830566406,39820
2019-03-13,35.099998474121094,35.3849983215332,33.77000045776367,33.93000030517578,31.277965545654297,49960
2019-03-14,34.09000015258789,34.68000030517578,33.59000015258789,34.220001220703125,31.54529571533203,251021
2019-03-15,34.5099983215332,34.95000076293945,33.810001373291016,34.130001068115234,31.46233367919922,86275
2019-03-18,34.20000076293945,34.81999969482422,34.130001068115234,34.5,31.80341339111328,61841
2019-03-19,34.52000045776367,34.77000045776367,34.33000183105469,34.689998626708984,31.978561401367188,21138
2019-03-20,34.380001068115234,34.9900016784668,33.90999984741211,34.040000915527344,31.379364013671875,15854
2019-03-21,34.040000915527344,34.4900016784668,33.880001068115234,33.959999084472656,31.30561637878418,33174
2019-03-22,33.900001525878906,33.900001525878906,33.22999954223633,33.310001373291016,30.7064266204834,66166
2019-03-25,33.15999984741211,33.79999923706055,33.029998779296875,33.790000915527344,31.365478515625,120320
2019-03-26,33.79999923706055,34.560001373291016,33.5,34.560001373291016,32.080238342285156,68974
2019-03-27,34.459999084472656,35.11819839477539,34.060001373291016,34.560001373291016,32.080238342285156,64541
2019-03-28,34.560001373291016,35.0099983215332,34.18000030517578,34.22999954223633,31.77391242980957,65337
2019-03-29,34.560001373291016,34.65999984741211,33.869998931884766,34.150001525878906,31.69965362548828,15031
2019-04-01,34.439998626708984,35.58000183105469,33.900001525878906,35.27000045776367,32.73928451538086,128542
2019-04-02,35.380001068115234,35.380001068115234,34.619998931884766,34.720001220703125,32.22875213623047,18277
2019-04-03,34.790000915527344,35.54999923706055,34.599998474121094,35.459999084472656,32.915653228759766,64490
2019-04-04,35.459999084472656,36.130001068115234,35.04999923706055,35.369998931884766,32.83210754394531,23849
2019-04-05,35.380001068115234,35.45000076293945,34.994998931884766,35.08000183105469,32.562923431396484,24495
2019-04-08,35.09000015258789,36.099998474121094,35.09000015258789,35.959999084472656,33.37977600097656,14122
2019-04-09,35.709999084472656,36.38999938964844,35.709999084472656,36.22999954223633,33.63040542602539,20431
2019-04-10,36.279998779296875,36.810001373291016,36.22999954223633,36.459999084472656,33.84389877319336,19282
2019-04-11,36.52000045776367,36.849998474121094,36.459999084472656,36.689998626708984,34.05739212036133,11727
2019-04-12,36.849998474121094,36.93000030517578,36.36000061035156,36.5,33.88103103637695,5925
2019-04-15,36.5,36.54990005493164,36.02000045776367,36.20000076293945,33.60255432128906,24679
2019-04-16,36.33000183105469,36.900001525878906,36.220001220703125,36.77000045776367,34.131656646728516,61872
2019-04-17,36.869998931884766,36.93000030517578,36.400001525878906,36.93000030517578,34.28017807006836,28067
2019-04-18,36.84000015258789,37.209999084472656,36.631500244140625,36.939998626708984,34.28945541381836,68888
2019-04-22,36.86000061035156,37.31999969482422,36.58000183105469,36.79999923706055,34.15950393676758,44093
2019-04-23,36.84000015258789,37.0,36.529998779296875,36.83000183105469,34.187355041503906,18563
2019-04-24,36.7599983215332,36.9900016784668,36.650001525878906,36.810001373291016,34.168785095214844,20527
2019-04-25,36.7599983215332,36.7599983215332,35.79999923706055,36.400001525878906,33.788204193115234,25741
2019-04-26,36.41999816894531,36.54999923706055,36.2400016784668,36.5099983215332,33.89031219482422,12155
2019-04-29,36.5,37.05500030517578,36.5,36.91999816894531,34.27089309692383,20493
2019-04-30,36.9900016784668,37.0,36.400001525878906,36.77000045776367,34.131656646728516,29680
2019-05-01,36.68000030517578,36.93000030517578,36.20000076293945,36.20000076293945,33.60255432128906,36150
2019-05-02,36.45000076293945,36.46860122680664,35.16999816894531,35.209999084472656,32.683589935302734,18362
2019-05-03,35.40999984741211,35.507999420166016,34.77000045776367,35.04999923706055,32.535072326660156,13026
2019-05-06,34.540000915527344,34.963401794433594,34.04999923706055,34.720001220703125,32.22875213623047,42593
2019-05-07,34.56999969482422,34.9900016784668,33.790000915527344,33.880001068115234,31.44902801513672,27558
2019-05-08,33.880001068115234,34.04999923706055,33.08000183105469,33.36000061035156,30.96633529663086,26007
2019-05-09,32.91999816894531,32.91999816894531,32.290000915527344,32.41999816894531,30.09377670288086,36088
2019-05-10,32.5,32.54999923706055,31.809999465942383,32.470001220703125,30.140195846557617,29471
2019-05-13,31.739999771118164,32.56999969482422,31.739999771118164,32.380001068115234,30.056652069091797,19684
2019-05-14,32.380001068115234,33.04999923706055,32.060001373291016,32.900001525878906,30.53934097290039,32553
2019-05-15,32.650001525878906,32.83000183105469,32.34000015258789,32.68000030517578,30.335124969482422,18679
2019-05-16,32.97999954223633,34.68000030517578,32.97999954223633,33.75,31.328351974487305,25861
2019-05-17,33.5,34.0,33.31999969482422,33.81999969482422,31.393327713012695,22042
2019-05-20,33.779998779296875,34.75,33.369998931884766,33.869998931884766,31.43973731994629,21466
2019-05-21,32.0,34.06999969482422,31.545799255371094,33.86000061035156,31.430458068847656,156972
2019-05-22,33.7400016784668,34.5,33.20000076293945,33.720001220703125,31.300500869750977,314537
2019-05-23,33.47999954223633,33.47999954223633,32.75,32.95000076293945,30.585752487182617,67237
2019-05-24,33.13999938964844,33.13999938964844,32.70000076293945,32.97999954223633,30.61359977722168,20694
2019-05-28,33.06999969482422,33.810001373291016,32.4900016784668,32.5,30.168039321899414,78304
2019-05-29,32.400001525878906,32.72999954223633,32.20000076293945,32.470001220703125,30.140195846557617,52177
2019-05-30,32.38999938964844,32.709999084472656,31.829999923706055,31.8799991607666,29.592525482177734,59971
2019-05-31,31.75,32.380001068115234,30.8700008392334,31.110000610351562,28.877779006958008,28276
2019-06-03,31.010000228881836,31.760000228881836,30.920000076293945,31.520000457763672,29.258358001708984,82894
2019-06-04,31.59000015258789,32.310001373291016,30.860000610351562,31.350000381469727,29.10055923461914,263899
2019-06-05,31.360000610351562,32.529998779296875,31.360000610351562,32.0099983215332,29.713199615478516,73780
2019-06-06,32.52000045776367,32.52000045776367,31.68000030517578,32.029998779296875,29.73176383972168,55792
2019-06-07,31.90999984741211,32.220001220703125,31.68000030517578,31.75,29.47185516357422,28447
2019-06-10,31.6299991607666,32.060001373291016,31.530000686645508,31.770000457763672,29.490421295166016,44146
2019-06-11,31.93000030517578,32.290000915527344,31.454999923706055,31.739999771118164,29.462574005126953,27882
2019-06-12,31.540000915527344,31.649999618530273,31.0,31.0,28.77566909790039,15199
2019-06-13,31.309999465942383,31.649999618530273,30.899999618530273,31.450000762939453,29.193382263183594,114209
2019-06-14,31.469999313354492,31.84000015258789,31.06999969482422,31.549999237060547,29.286205291748047,85724
2019-06-17,31.40999984741211,31.75,31.274499893188477,31.309999465942383,29.06342887878418,82426
2019-06-18,31.309999465942383,33.119998931884766,31.309999465942383,32.689998626708984,30.34440803527832,254284
2019-06-19,32.5,32.5,31.700000762939453,31.829999923706055,29.76463508605957,88522
2019-06-20,32.189998626708984,32.209999084472656,31.18000030517578,31.81999969482422,29.755287170410156,30639
2019-06-21,31.93000030517578,32.11000061035156,31.229999542236328,31.5,29.456050872802734,75359
2019-06-24,31.809999465942383,32.33000183105469,30.979999542236328,31.360000610351562,29.325136184692383,134159
2019-06-25,31.09000015258789,31.329999923706055,30.53499984741211,30.600000381469727,28.61444854736328,50529
2019-06-26,30.709999084472656,30.81999969482422,30.010000228881836,30.09000015258789,28.137542724609375,66916
2019-06-27,29.940000534057617,30.43000030517578,29.90999984741211,30.0,28.053382873535156,221015
2019-06-28,30.0,30.25,30.0,30.09000015258789,28.137542724609375,177682
2019-07-01,30.56999969482422,30.56999969482422,30.100000381469727,30.459999084472656,28.48353385925293,71440
2019-07-02,30.5,30.604999542236328,30.020000457763672,30.09000015258789,28.137542724609375,59399
2019-07-03,30.09000015258789,30.334999084472656,29.81999969482422,29.860000610351562,27.922462463378906,36265
2019-07-05,30.0,30.6200008392334,29.934999465942383,30.56999969482422,28.586397171020508,280436
2019-07-08,30.75,31.280000686645508,30.6200008392334,30.639999389648438,28.651853561401367,100367
2019-07-09,30.610000610351562,30.915000915527344,30.200000762939453,30.709999084472656,28.717309951782227,276703
2019-07-10,30.809999465942383,30.979999542236328,30.72800064086914,30.790000915527344,28.79212188720703,60414
2019-07-11,30.739999771118164,30.979999542236328,30.299999237060547,30.5,28.520938873291016,78243
2019-07-12,30.579999923706055,30.780000686645508,30.360000610351562,30.479999542236328,28.502235412597656,38900
2019-07-15,30.6299991607666,30.65399932861328,30.049999237060547,30.110000610351562,28.156246185302734,42882
2019-07-16,30.149999618530273,31.079999923706055,30.010000228881836,30.700000762939453,28.707962036132812,70116
2019-07-17,30.649999618530273,30.93000030517578,30.18000030517578,30.260000228881836,28.296510696411133,38696
2019-07-18,30.110000610351562,30.540000915527344,29.579999923706055,30.170000076293945,28.212352752685547,110544
2019-07-19,30.40999984741211,30.591100692749023,29.729999542236328,29.729999542236328,27.800901412963867,56977
2019-07-22,29.81999969482422,30.045000076293945,29.41080093383789,29.93000030517578,27.98792266845703,144852
2019-07-23,29.989999771118164,30.209999084472656,29.700000762939453,29.809999465942383,27.875707626342773,67075
2019-07-24,29.809999465942383,30.049999237060547,29.020700454711914,29.850000381469727,27.91311264038086,46043
2019-07-25,29.829999923706055,30.040000915527344,29.530000686645508,29.540000915527344,27.623231887817383,31205
2019-07-26,29.540000915527344,29.940000534057617,29.469999313354492,29.610000610351562,27.688690185546875,51541
2019-07-29,29.579999923706055,30.270000457763672,29.489999771118164,29.959999084472656,28.015974044799805,122963
2019-07-30,29.940000534057617,30.079999923706055,28.81999969482422,29.100000381469727,27.211780548095703,113704
2019-07-31,29.18000030517578,29.799999237060547,28.969999313354492,29.18000030517578,27.28658676147461,33378
2019-08-01,29.280000686645508,29.920000076293945,29.139999389648438,29.5,27.585826873779297,62088
2019-08-02,29.540000915527344,29.540000915527344,29.0,29.40999984741211,27.501665115356445,45056
2019-08-05,29.170000076293945,29.170000076293945,28.540000915527344,28.56999969482422,26.716169357299805,46632
2019-08-06,28.860000610351562,29.209999084472656,28.25,28.440000534057617,26.5946044921875,48555
2019-08-07,28.139999389648438,28.6299991607666,27.75,28.34000015258789,26.501094818115234,49723
2019-08-08,28.389999389648438,28.940000534057617,28.200000762939453,28.84000015258789,26.96864891052246,44873
2019-08-09,28.709999084472656,29.266000747680664,28.059999465942383,28.440000534057617,26.5946044921875,30716
2019-08-12,28.079999923706055,28.545000076293945,28.0137996673584,28.299999237060547,26.46368980407715,48887
2019-08-13,28.149999618530273,28.93000030517578,28.149999618530273,28.649999618530273,26.790979385375977,37293
2019-08-14,28.350000381469727,28.68000030517578,28.295000076293945,28.610000610351562,26.75357437133789,93028
2019-08-15,28.530000686645508,28.700000762939453,28.09000015258789,28.389999389648438,26.547849655151367,29675
2019-08-16,28.3799991607666,28.889999389648438,28.18000030517578,28.209999084472656,26.379526138305664,43590
2019-08-19,28.530000686645508,28.530000686645508,27.889999389648438,27.969999313354492,26.155101776123047,35197
2019-08-20,27.850000381469727,28.010000228881836,27.459999084472656,27.579999923706055,25.790407180786133,92623
2019-08-21,27.639999389648438,27.922000885009766,27.06999969482422,27.3700008392334,25.594036102294922,105087
2019-08-22,27.469999313354492,28.100000381469727,27.229999542236328,27.389999389648438,25.612733840942383,125058
2019-08-23,27.3799991607666,27.3799991607666,26.780000686645508,26.790000915527344,25.051671981811523,44116
2019-08-26,26.860000610351562,27.375999450683594,26.770000457763672,26.899999618530273,25.15453338623047,53345
2019-08-27,27.149999618530273,27.149999618530273,25.600000381469727,25.81999969482422,24.14461326599121,96745
2019-08-28,24.170000076293945,26.600000381469727,24.170000076293945,26.290000915527344,24.58411407470703,186349
2019-08-29,26.190000534057617,26.690000534057617,25.680999755859375,25.90999984741211,24.228769302368164,87178
2019-08-30,26.020000457763672,26.389999389648438,25.65999984741211,25.739999771118164,24.069799423217773,79296
2019-09-03,25.649999618530273,26.670000076293945,25.250099182128906,26.510000228881836,24.789838790893555,80641
2019-09-04,26.520000457763672,27.1200008392334,26.3700008392334,26.889999389648438,25.14518165588379,62668
2019-09-05,27.020000457763672,27.56999969482422,26.850000381469727,27.510000228881836,25.724950790405273,60456
2019-09-06,27.56999969482422,27.850000381469727,27.030000686645508,27.420000076293945,25.640790939331055,47550
2019-09-09,27.299999237060547,27.719999313354492,27.110000610351562,27.549999237060547,25.762351989746094,36526
2019-09-10,27.6200008392334,28.600000381469727,27.399999618530273,28.489999771118164,26.641361236572266,62767
2019-09-11,28.489999771118164,28.489999771118164,27.43000030517578,27.65999984741211,25.865217208862305,214009
2019-09-12,27.540000915527344,28.829999923706055,27.540000915527344,28.06999969482422,26.248613357543945,79146
2019-09-13,28.184999465942383,28.549999237060547,28.06999969482422,28.389999389648438,26.547849655151367,57263
2019-09-16,28.209999084472656,28.940000534057617,28.209999084472656,28.459999084472656,26.61330795288086,70358
2019-09-17,28.34000015258789,28.34000015258789,27.969999313354492,28.059999465942383,26.239261627197266,20390
2019-09-18,27.950000762939453,28.149999618530273,27.010000228881836,27.290000915527344,25.51922607421875,30498
2019-09-19,27.350000381469727,27.385000228881836,27.0,27.040000915527344,25.28544807434082,55775
2019-09-20,27.09000015258789,27.323999404907227,27.0,27.280000686645508,25.509876251220703,39524
2019-09-23,27.170000076293945,27.170000076293945,26.920000076293945,26.989999771118164,25.238691329956055,59073
2019-09-24,26.979999542236328,27.149999618530273,26.31999969482422,26.420000076293945,24.705678939819336,89963
2019-09-25,26.139999389648438,26.31999969482422,25.889999389648438,26.1299991607666,24.658493041992188,58145
2019-09-26,26.100000381469727,26.15999984741211,25.260000228881836,25.489999771118164,24.054534912109375,32835
2019-09-27,25.540000915527344,25.584999084472656,24.84000015258789,25.059999465942383,23.64875030517578,52721
2019-09-30,25.0,25.3700008392334,24.649999618530273,24.790000915527344,23.393959045410156,43963
2019-10-01,24.90999984741211,24.90999984741211,24.010000228881836,24.059999465942383,22.705066680908203,30405
2019-10-02,23.719999313354492,24.75589942932129,23.3799991607666,24.709999084472656,23.318458557128906,83153
2019-10-03,24.799999237060547,25.049999237060547,24.5,24.790000915527344,23.393959045410156,40665
2019-10-04,24.899999618530273,24.972900390625,24.559999465942383,24.8799991607666,23.4788875579834,22800
2019-10-07,24.860000610351562,25.1299991607666,24.6200008392334,24.81999969482422,23.422266006469727,34672
2019-10-08,24.81999969482422,24.8799991607666,24.549999237060547,24.84000015258789,23.441139221191406,28539
2019-10-09,24.90999984741211,25.010000228881836,24.18000030517578,24.280000686645508,22.912677764892578,68967
2019-10-10,24.280000686645508,25.0,23.950000762939453,24.059999465942383,22.705066680908203,93400
2019-10-11,24.049999237060547,24.610000610351562,24.049999237060547,24.200000762939453,22.83718490600586,38591
2019-10-14,24.190000534057617,24.31999969482422,23.889999389648438,24.25,22.88436508178711,21233
2019-10-15,24.59000015258789,24.59000015258789,24.0,24.270000457763672,22.903240203857422,75078
2019-10-16,24.270000457763672,24.850000381469727,24.260000228881836,24.530000686645508,23.148597717285156,38668
2019-10-17,24.6299991607666,25.09000015258789,24.6299991607666,24.920000076293945,23.516633987426758,64781
2019-10-18,24.8700008392334,25.09000015258789,24.780000686645508,25.059999465942383,23.64875030517578,37271
2019-10-21,25.030000686645508,25.56999969482422,25.030000686645508,25.43000030517578,23.997915267944336,21941
2019-10-22,25.520000457763672,25.979999542236328,25.514999389648438,25.979999542236328,24.516939163208008,39820
2019-10-23,25.899999618530273,26.384000778198242,25.790000915527344,26.31999969482422,24.837793350219727,42442
2019-10-24,26.450000762939453,26.450000762939453,25.489999771118164,25.6200008392334,24.177215576171875,121350
2019-10-25,25.6299991607666,25.75,24.829999923706055,24.93000030517578,23.526071548461914,33004
2019-10-28,24.920000076293945,25.06290054321289,24.6200008392334,24.709999084472656,23.318458557128906,100300
2019-10-29,24.6200008392334,24.940000534057617,24.617599487304688,24.899999618530273,23.49776268005371,30848
2019-10-30,24.739999771118164,24.899999618530273,24.540000915527344,24.770000457763672,23.37508201599121,75075
2019-10-31,24.84000015258789,24.84000015258789,23.959999084472656,24.530000686645508,23.148597717285156,47511
2019-11-01,24.489999771118164,25.489999771118164,24.489999771118164,25.350000381469727,23.922422409057617,45341
2019-11-04,25.360000610351562,25.420000076293945,24.799999237060547,24.799999237060547,23.403392791748047,104068
2019-11-05,24.889999389648438,25.06999969482422,24.700000762939453,24.799999237060547,23.403392791748047,49675
2019-11-06,24.780000686645508,24.780000686645508,24.450000762939453,24.649999618530273,23.2618408203125,35369
2019-11-07,24.799999237060547,24.799999237060547,24.292499542236328,24.389999389648438,23.016481399536133,44776
2019-11-08,24.40999984741211,24.540000915527344,24.280000686645508,24.34000015258789,22.969297409057617,32246
2019-11-11,24.010000228881836,24.530000686645508,24.010000228881836,24.34000015258789,22.969297409057617,112353
2019-11-12,24.309999465942383,24.979999542236328,24.309999465942383,24.899999618530273,23.49776268005371,38767
2019-11-13,24.81999969482422,25.280000686645508,24.81999969482422,25.1200008392334,23.705371856689453,70513
2019-11-14,25.110000610351562,25.149999618530273,24.81999969482422,24.8700008392334,23.469449996948242,49101
2019-11-15,24.8799991607666,25.010000228881836,24.600000381469727,24.670000076293945,23.28071403503418,22904
2019-11-18,24.670000076293945,24.670000076293945,24.399999618530273,24.510000228881836,23.129724502563477,33627
2019-11-19,24.610000610351562,24.83919906616211,24.610000610351562,24.719999313354492,23.327896118164062,24985
2019-11-20,24.610000610351562,24.610000610351562,24.15999984741211,24.190000534057617,22.82774543762207,34008
2019-11-21,24.049999237060547,24.139999389648438,23.459999084472656,23.75,22.41252326965332,49106
2019-11-22,23.690000534057617,24.100000381469727,23.09000015258789,23.31999969482422,22.00673484802246,39658
2019-11-25,23.010000228881836,24.700000762939453,22.510099411010742,24.25,22.88436508178711,172522
2019-11-26,24.309999465942383,24.709999084472656,23.985000610351562,24.5,23.12028694152832,123873
2019-11-27,24.389999389648438,24.8700008392334,24.0,24.0,22.648447036743164,32644
2019-11-29,24.020000457763672,24.200000762939453,23.739999771118164,24.0,22.648447036743164,29511
2019-12-02,23.850000381469727,24.059999465942383,23.815000534057617,23.979999542236328,22.62957000732422,48502
2019-12-03,23.93000030517578,23.93000030517578,23.209999084472656,23.299999237060547,21.987865447998047,39124
2019-12-04,23.299999237060547,24.280000686645508,23.149999618530273,23.700000762939453,22.365339279174805,40003
2019-12-05,24.020000457763672,24.020000457763672,23.25,23.290000915527344,21.97842788696289,33679
2019-12-06,23.290000915527344,23.479999542236328,22.8799991607666,22.8799991607666,21.59151840209961,87586
2019-12-09,23.020000457763672,23.31999969482422,22.739999771118164,22.959999084472656,21.66701316833496,55252
2019-12-10,22.950000762939453,23.459999084472656,22.450000762939453,22.5,21.23291778564453,179067
2019-12-11,22.489999771118164,23.040000915527344,22.31999969482422,22.649999618530273,21.374469757080078,104377
2019-12-12,22.75,23.020000457763672,21.530000686645508,23.020000457763672,21.723634719848633,169184
2019-12-13,23.139999389648438,23.690000534057617,23.110000610351562,23.600000381469727,22.27096939086914,38040
2019-12-16,23.690000534057617,24.200000762939453,23.690000534057617,24.139999389648438,22.780559539794922,84829
2019-12-17,24.09000015258789,24.610000610351562,24.09000015258789,24.520000457763672,23.13916015625,46060
2019-12-18,24.540000915527344,24.780000686645508,24.09119987487793,24.219999313354492,22.856056213378906,119531
2019-12-19,24.170000076293945,25.09000015258789,24.170000076293945,25.06999969482422,23.65818977355957,67624
2019-12-20,25.450000762939453,25.452600479125977,24.700000762939453,25.010000228881836,23.601566314697266,266598
2019-12-23,24.979999542236328,25.073400497436523,24.681299209594727,25.040000915527344,23.858829498291016,63138
2019-12-24,25.020000457763672,25.329999923706055,24.830299377441406,25.020000457763672,23.83977508544922,43731
2019-12-26,25.0,25.201499938964844,24.65999984741211,25.079999923706055,23.896944046020508,82555
2019-12-27,25.049999237060547,25.100000381469727,24.735599517822266,25.030000686645508,23.849302291870117,26745
2019-12-30,25.030000686645508,25.18000030517578,24.920000076293945,25.100000381469727,23.916000366210938,32123
2019-12-31,25.052600860595703,25.149999618530273,25.052600860595703,25.1299991607666,23.944581985473633,109052
2020-01-02,25.190000534057617,25.31999969482422,25.079999923706055,25.260000228881836,24.06845474243164,42961
2020-01-03,25.0,25.489999771118164,24.68000030517578,25.34000015258789,24.14468002319336,48172
2020-01-06,25.260000228881836,25.450000762939453,24.8799991607666,25.350000381469727,24.15420913696289,33019
2020-01-07,25.25,25.739999771118164,25.079999923706055,25.43000030517578,24.23043441772461,47309
2020-01-08,25.329999923706055,25.540000915527344,25.190000534057617,25.389999389648438,24.192319869995117,40668
2020-01-09,25.579999923706055,25.700000762939453,25.280000686645508,25.40999984741211,24.211376190185547,75578
2020-01-10,25.5,25.8700008392334,25.302200317382812,25.68000030517578,24.46864128112793,56011
2020-01-13,25.760000228881836,26.3700008392334,25.579999923706055,26.280000686645508,25.040340423583984,44847
2020-01-14,26.229999542236328,26.253000259399414,25.6299991607666,25.940000534057617,24.71637725830078,52960
2020-01-15,25.90999984741211,26.170000076293945,25.75,26.1200008392334,24.88788604736328,94943
2020-01-16,26.229999542236328,26.350000381469727,25.639999389648438,25.920000076293945,24.69732093811035,62716
2020-01-17,26.049999237060547,26.170000076293945,25.6299991607666,25.719999313354492,24.50675392150879,38590
2020-01-21,25.719999313354492,26.0,25.670000076293945,25.799999237060547,24.58298110961914,56856
2020-01-22,25.799999237060547,26.06999969482422,25.059999465942383,25.260000228881836,24.06845474243164,81908
2020-01-23,25.270000457763672,25.43000030517578,24.950000762939453,24.950000762939453,23.7730770111084,28774
2020-01-24,25.100000381469727,25.100000381469727,24.510000228881836,24.799999237060547,23.630151748657227,27166
2020-01-27,24.489999771118164,24.649999618530273,24.260000228881836,24.549999237060547,23.391942977905273,30003
2020-01-28,24.75,25.149999618530273,24.530000686645508,25.139999389648438,23.954113006591797,50841
2020-01-29,25.139999389648438,25.139999389648438,24.700000762939453,24.809999465942383,23.639680862426758,37653
2020-01-30,24.6299991607666,24.670000076293945,24.338499069213867,24.6200008392334,23.45864486694336,26050
2020-01-31,24.559999465942383,25.674999237060547,24.559999465942383,25.479999542236328,24.278074264526367,59868
2020-02-03,25.520000457763672,25.770000457763672,24.59000015258789,24.610000610351562,23.449115753173828,53888
2020-02-04,24.709999084472656,24.709999084472656,24.079999923706055,24.100000381469727,22.963172912597656,52653
2020-02-05,24.309999465942383,25.139999389648438,24.239999771118164,24.93000030517578,23.754018783569336,52286
2020-02-06,25.0,25.389999389648438,24.760000228881836,25.110000610351562,23.925527572631836,64346
2020-02-07,25.1299991607666,25.489999771118164,24.989999771118164,25.40999984741211,24.211376190185547,102258
2020-02-10,25.40999984741211,25.559999465942383,25.030000686645508,25.459999084472656,24.259017944335938,28821
2020-02-11,25.559999465942383,25.729999542236328,25.43000030517578,25.579999923706055,24.373355865478516,42000
2020-02-12,26.18000030517578,26.219999313354492,25.639999389648438,26.139999389648438,24.906940460205078,32878
2020-02-13,26.020000457763672,26.18000030517578,25.690000534057617,25.899999618530273,24.678264617919922,34057
2020-02-14,25.68000030517578,25.940000534057617,25.579999923706055,25.739999771118164,24.52581024169922,25082
2020-02-18,25.399999618530273,25.520000457763672,24.850000381469727,25.280000686645508,24.08751106262207,37706
2020-02-19,25.25,25.979999542236328,25.25,25.979999542236328,24.754486083984375,18396
2020-02-20,25.84000015258789,26.239999771118164,25.459999084472656,26.170000076293945,24.93552589416504,20343
2020-02-21,26.100000381469727,26.100000381469727,25.530000686645508,25.709999084472656,24.497224807739258,19578
2020-02-24,24.899999618530273,25.030000686645508,24.389999389648438,24.59000015258789,23.4300594329834,76498
2020-02-25,24.770000457763672,24.920000076293945,23.590299606323242,23.600000381469727,22.486757278442383,46669
2020-02-26,23.65999984741211,24.010000228881836,22.8799991607666,23.1299991607666,22.038925170898438,71359
2020-02-27,22.709999084472656,23.56999969482422,22.030000686645508,22.350000381469727,21.29572296142578,66863
2020-02-28,21.84000015258789,23.09000015258789,21.5,22.889999389648438,21.81024742126465,62363
2020-03-02,22.899999618530273,23.540000915527344,22.1299991607666,23.540000915527344,22.429588317871094,26090
2020-03-03,23.389999389648438,23.389999389648438,21.829999923706055,22.280000686645508,21.229022979736328,39065
2020-03-04,21.56999969482422,21.6200008392334,19.959999084472656,20.010000228881836,19.066102981567383,116746
2020-03-05,19.459999084472656,19.5,18.829999923706055,19.459999084472656,18.54204559326172,80115
2020-03-06,19.059999465942383,20.540000915527344,19.059999465942383,19.559999465942383,18.637331008911133,115029
2020-03-09,18.200000762939453,19.110000610351562,16.850000381469727,16.899999618530273,16.10280418395996,81815
2020-03-10,17.200000762939453,18.270000457763672,17.100000381469727,17.989999771118164,17.141387939453125,122856
2020-03-11,17.280000686645508,18.399999618530273,17.059999465942383,17.8700008392334,17.02705192565918,144149
2020-03-12,16.850000381469727,17.110000610351562,16.07819938659668,16.780000686645508,15.98846435546875,163104
2020-03-13,17.190000534057617,17.229999542236328,15.579999923706055,16.0,15.245259284973145,37822
2020-03-16,14.229999542236328,15.4399995803833,12.055000305175781,12.350000381469727,11.767435073852539,92060
2020-03-17,12.270000457763672,13.5,12.260000228881836,12.489999771118164,11.90083122253418,54729
2020-03-18,12.0,12.34000015258789,11.010000228881836,11.579999923706055,11.033757209777832,177702
2020-03-19,11.210000038146973,13.420000076293945,11.210000038146973,12.979999542236328,12.367715835571289,175451
2020-03-20,12.930000305175781,14.670000076293945,12.5,14.65999984741211,13.96846866607666,106238
2020-03-23,14.010000228881836,14.300000190734863,13.615400314331055,14.109999656677246,13.668174743652344,103527
2020-03-24,14.5,15.414999961853027,14.311599731445312,15.180000305175781,14.704671859741211,107124
2020-03-25,15.449999809265137,15.449999809265137,14.720000267028809,15.149999618530273,14.675610542297363,859109
2020-03-26,15.1899995803833,15.770000457763672,15.119999885559082,15.630000114440918,15.140580177307129,84217
2020-03-27,15.5,15.720000267028809,15.100000381469727,15.270000457763672,14.791853904724121,131980
2020-03-30,15.369999885559082,15.369999885559082,13.927800178527832,14.069999694824219,13.629427909851074,78597
2020-03-31,14.140000343322754,14.899999618530273,14.140000343322754,14.210000038146973,13.765044212341309,95840
2020-04-01,13.979999542236328,14.229999542236328,13.520000457763672,13.800000190734863,13.36788272857666,151340
2020-04-02,13.399999618530273,13.829999923706055,12.800000190734863,13.380000114440918,12.961033821105957,174542
2020-04-03,13.359999656677246,13.915800094604492,13.079999923706055,13.100000381469727,12.689802169799805,86821
2020-04-06,13.5,14.005000114440918,13.0600004196167,13.420000076293945,12.999781608581543,176653
2020-04-07,13.850000381469727,15.5,13.520000457763672,15.069999694824219,14.598114967346191,101151
2020-04-08,15.020000457763672,16.489999771118164,15.020000457763672,16.420000076293945,15.905841827392578,34890
2020-04-09,16.84000015258789,17.225000381469727,16.450000762939453,17.030000686645508,16.49674415588379,71898
2020-04-13,17.049999237060547,17.049999237060547,16.792499542236328,16.93000030517578,16.399873733520508,118176
2020-04-14,17.25,17.434999465942383,16.8799991607666,17.260000228881836,16.719539642333984,73710
2020-04-15,16.8799991607666,16.8799991607666,15.649999618530273,15.829999923706055,15.334317207336426,36573
2020-04-16,16.030000686645508,16.030000686645508,15.180000305175781,15.65999984741211,15.169641494750977,50655
2020-04-17,16.040000915527344,16.389999389648438,15.729999542236328,15.729999542236328,15.237447738647461,36319
2020-04-20,15.5600004196167,15.779999732971191,14.739999771118164,15.569999694824219,15.08245849609375,62880
2020-04-21,15.359999656677246,15.359999656677246,14.739999771118164,14.9399995803833,14.472186088562012,28931
2020-04-22,15.0,15.119999885559082,14.729999542236328,14.729999542236328,14.268760681152344,42901
2020-04-23,14.65999984741211,15.319999694824219,14.65999984741211,15.3100004196167,14.830599784851074,99253
2020-04-24,15.510000228881836,15.723699569702148,15.329999923706055,15.600000381469727,15.111519813537598,34254
2020-04-27,15.510000228881836,17.270000457763672,15.5,16.969999313354492,16.43861961364746,40102
2020-04-28,17.489999771118164,17.899999618530273,17.079999923706055,17.510000228881836,16.961711883544922,53673
2020-04-29,17.989999771118164,18.18000030517578,17.790000915527344,18.059999465942383,17.494489669799805,53306
2020-04-30,17.969999313354492,18.149999618530273,17.100000381469727,17.700000762939453,17.145763397216797,30768
2020-05-01,17.34000015258789,17.34000015258789,16.809999465942383,17.25,16.709854125976562,78598
2020-05-04,17.25,17.25,16.329999923706055,16.459999084472656,15.94459056854248,23846
2020-05-05,16.549999237060547,17.690000534057617,16.549999237060547,17.040000915527344,16.506431579589844,46877
2020-05-06,17.030000686645508,17.030000686645508,16.290000915527344,16.40999984741211,15.89615535736084,34927
2020-05-07,16.510000228881836,16.709999084472656,16.200000762939453,16.40999984741211,15.89615535736084,52525
2020-05-08,16.6299991607666,16.899999618530273,16.489999771118164,16.700000762939453,16.17707633972168,77972
2020-05-11,16.850000381469727,16.860000610351562,16.549999237060547,16.700000762939453,16.17707633972168,36269
2020-05-12,16.790000915527344,17.040000915527344,16.350000381469727,16.8799991607666,16.351438522338867,53220
2020-05-13,17.06999969482422,17.100000381469727,14.75,15.210000038146973,14.733731269836426,89363
2020-05-14,15.0,15.0600004196167,14.229999542236328,14.579999923706055,14.123458862304688,101610
2020-05-15,14.449999809265137,14.690899848937988,13.970000267028809,14.300000190734863,13.852226257324219,80267
2020-05-18,14.319999694824219,15.6899995803833,14.300000190734863,15.380000114440918,14.898408889770508,92774
2020-05-19,15.359999656677246,16.729999542236328,15.210000038146973,16.360000610351562,15.847722053527832,69009
2020-05-20,16.479999542236328,16.68000030517578,16.35409927368164,16.600000381469727,16.0802059173584,38289
2020-05-21,16.6299991607666,16.704999923706055,16.020000457763672,16.329999923706055,15.818660736083984,36747
2020-05-22,16.43000030517578,17.093799591064453,15.96500015258789,16.510000228881836,15.993023872375488,30330
2020-05-26,16.760000228881836,17.809999465942383,16.760000228881836,17.700000762939453,17.145763397216797,48312
2020-05-27,18.0,18.0,17.06999969482422,17.299999237060547,16.75828742980957,25307
2020-05-28,17.420000076293945,17.530000686645508,16.920000076293945,17.0,16.467681884765625,42253
2020-05-29,16.920000076293945,17.190000534057617,16.309999465942383,17.110000610351562,16.574237823486328,69877
2020-06-01,17.31999969482422,17.45680046081543,16.90999984741211,16.920000076293945,16.390186309814453,30321
2020-06-02,17.010000228881836,17.229999542236328,16.920000076293945,17.010000228881836,16.47736930847168,16919
2020-06-03,17.329999923706055,18.450000762939453,17.27750015258789,18.420000076293945,17.843217849731445,48537
2020-06-04,18.309999465942383,18.850000381469727,18.071199417114258,18.809999465942383,18.221004486083984,39359
2020-06-05,19.049999237060547,19.600000381469727,18.920000076293945,19.200000762939453,18.59879493713379,39326
2020-06-08,18.860000610351562,19.65999984741211,18.860000610351562,19.389999389648438,18.7828426361084,59614
2020-06-09,19.15999984741211,19.15999984741211,18.34000015258789,18.3700008392334,17.794782638549805,31964
2020-06-10,18.280000686645508,19.10449981689453,17.610000610351562,18.399999618530273,17.823841094970703,38853
2020-06-11,17.540000915527344,17.65999984741211,16.583900451660156,16.93000030517578,16.399873733520508,67703
2020-06-12,17.31999969482422,18.149999618530273,17.18000030517578,17.5,16.9520263671875,35378
2020-06-15,16.68000030517578,18.209999084472656,15.90999984741211,16.6200008392334,16.099580764770508,91423
2020-06-16,17.399999618530273,18.190000534057617,15.8100004196167,16.610000610351562,16.089893341064453,115625
2020-06-17,16.600000381469727,16.969999313354492,15.350000381469727,15.75,15.25682258605957,85632
2020-06-18,15.5600004196167,16.559999465942383,15.5600004196167,16.489999771118164,15.973650932312012,48685
2020-06-19,16.770000457763672,17.139999389648438,16.522199630737305,16.93000030517578,16.399873733520508,90927
2020-06-22,16.93000030517578,17.5,16.71500015258789,17.049999237060547,16.516115188598633,56725
2020-06-23,17.149999618530273,17.149999618530273,16.700000762939453,17.059999465942383,16.525802612304688,29163
2020-06-24,16.8799991607666,16.950000762939453,16.290000915527344,16.920000076293945,16.390186309814453,43239
2020-06-25,16.90999984741211,16.90999984741211,15.869999885559082,16.25,15.741165161132812,42073
2020-06-26,16.149999618530273,16.5,15.829999923706055,16.5,15.98333740234375,24473
2020-06-29,16.520000457763672,16.520000457763672,15.779999732971191,16.229999542236328,15.721792221069336,46531
2020-06-30,16.09000015258789,16.190000534057617,15.710000038146973,16.020000457763672,15.518367767333984,34431
2020-07-01,15.979999542236328,16.169599533081055,15.779999732971191,16.049999237060547,15.5474271774292,18118
2020-07-02,16.25,16.579999923706055,15.899999618530273,16.139999389648438,15.63460922241211,25156
2020-07-06,16.200000762939453,16.829999923706055,16.059999465942383,16.829999923706055,16.30300521850586,124309
2020-07-07,16.610000610351562,16.610000610351562,15.635000228881836,16.170000076293945,15.66367244720459,43136
2020-07-08,16.110000610351562,16.360000610351562,15.449999809265137,15.579999923706055,15.092145919799805,34308
2020-07-09,15.489999771118164,15.890000343322754,14.819999694824219,14.899999618530273,14.433438301086426,26333
2020-07-10,14.760000228881836,14.90999984741211,14.350000381469727,14.59000015258789,14.133145332336426,22102
2020-07-13,14.760000228881836,14.989999771118164,14.640000343322754,14.84000015258789,14.375317573547363,29381
2020-07-14,14.600000381469727,15.295000076293945,14.479999542236328,15.0600004196167,14.58842945098877,14508
2020-07-15,15.119999885559082,15.711299896240234,15.100000381469727,15.1899995803833,14.714357376098633,49063
2020-07-16,15.140000343322754,15.854999542236328,14.890000343322754,15.800000190734863,15.305257797241211,29234
2020-07-17,15.710000038146973,15.829999923706055,15.118800163269043,15.369999885559082,14.888721466064453,16111
2020-07-20,15.369999885559082,15.5600004196167,14.850000381469727,14.9399995803833,14.472186088562012,17143
2020-07-21,15.100000381469727,15.545000076293945,14.84000015258789,15.130000114440918,14.65623664855957,48901
2020-07-22,15.0,15.130000114440918,14.899999618530273,15.079999923706055,14.607802391052246,19508
2020-07-23,15.050000190734863,15.149999618530273,14.8100004196167,14.970000267028809,14.501246452331543,9051
2020-07-24,14.970000267028809,14.970000267028809,14.5,14.619999885559082,14.162205696105957,20950
2020-07-27,14.539999961853027,14.9399995803833,13.5,13.869999885559082,13.435690879821777,40745
2020-07-28,13.8100004196167,14.239999771118164,13.680000305175781,14.199999809265137,13.755356788635254,17944
2020-07-29,14.170000076293945,14.369999885559082,13.6899995803833,13.829999923706055,13.396943092346191,13401
2020-07-30,13.729999542236328,14.0,13.38010025024414,13.710000038146973,13.28070068359375,11768
2020-07-31,13.720000267028809,13.720000267028809,12.989999771118164,13.229999542236328,12.815730094909668,40535
2020-08-03,13.199999809265137,14.359999656677246,13.199999809265137,14.100000381469727,13.658489227294922,48454
2020-08-04,13.989999771118164,14.890000343322754,13.989999771118164,14.890000343322754,14.423752784729004,25237
2020-08-05,15.0,15.0,14.210000038146973,14.369999885559082,13.920034408569336,16975
2020-08-06,14.25,14.420000076293945,13.930000305175781,13.989999771118164,13.551933288574219,13141
2020-08-07,13.859999656677246,14.199999809265137,13.619999885559082,14.15999984741211,13.716609954833984,24757
2020-08-10,14.119999885559082,14.479999542236328,13.979999542236328,14.479999542236328,14.026589393615723,11010
2020-08-11,14.5,14.960000038146973,14.5,14.720000267028809,14.259075164794922,26023
2020-08-12,14.829999923706055,14.979999542236328,14.680000305175781,14.970000267028809,14.501246452331543,17203
2020-08-13,14.960000038146973,14.979999542236328,14.670000076293945,14.899999618530273,14.433438301086426,15085
2020-08-14,14.760000228881836,14.779999732971191,14.569999694824219,14.760000228881836,14.297822952270508,11639
2020-08-17,14.680000305175781,14.75,14.5,14.640000343322754,14.181580543518066,15167
2020-08-18,14.5600004196167,14.5600004196167,14.09000015258789,14.350000381469727,13.90066146850586,17459
2020-08-19,14.319999694824219,14.430000305175781,13.90999984741211,14.079999923706055,13.639114379882812,21253
2020-08-20,14.010000228881836,14.010000228881836,13.505000114440918,13.59000015258789,13.164458274841309,39097
2020-08-21,13.430000305175781,13.918899536132812,13.430000305175781,13.819999694824219,13.387256622314453,18297
2020-08-24,13.850000381469727,14.40999984741211,13.720000267028809,14.40999984741211,13.958781242370605,16087
2020-08-25,15.0,15.0,12.520000457763672,14.420000076293945,13.96846866607666,101827
2020-08-26,14.880000114440918,16.200000762939453,14.3371000289917,15.850000381469727,15.353691101074219,47282
2020-08-27,15.789999961853027,15.789999961853027,14.595000267028809,14.6899995803833,14.230013847351074,64197
2020-08-28,14.869999885559082,15.3100004196167,14.84000015258789,15.279999732971191,14.801539421081543,46983
2020-08-31,15.5,15.510000228881836,13.854999542236328,14.5,14.045963287353516,48998
2020-09-01,14.34000015258789,14.579999923706055,13.899999618530273,14.050000190734863,13.610054969787598,76176
2020-09-02,14.229999542236328,15.420000076293945,14.149999618530273,14.369999885559082,13.920034408569336,39588
2020-09-03,14.329999923706055,14.520000457763672,13.859999656677246,14.0,13.561619758605957,17883
2020-09-04,13.90999984741211,14.071700096130371,13.244999885559082,13.600000381469727,13.174144744873047,28599
2020-09-08,13.430000305175781,13.430000305175781,13.050000190734863,13.069999694824219,12.660740852355957,23192
2020-09-09,13.130000114440918,13.8100004196167,13.130000114440918,13.5,13.077276229858398,31659
2020-09-10,13.460000038146973,13.725000381469727,13.050000190734863,13.289999961853027,12.873851776123047,16457
2020-09-11,13.220000267028809,13.460000038146973,13.204999923706055,13.369999885559082,12.951346397399902,11237
2020-09-14,13.390000343322754,13.760000228881836,13.010000228881836,13.220000267028809,12.806044578552246,81313
2020-09-15,13.220000267028809,13.486300468444824,13.050000190734863,13.380000114440918,12.961033821105957,17529
2020-09-16,13.359999656677246,13.829999923706055,13.3100004196167,13.489999771118164,13.067588806152344,13439
2020-09-17,13.390000343322754,13.630000114440918,13.100000381469727,13.399999618530273,12.980406761169434,49185
2020-09-18,13.470000267028809,17.450000762939453,13.319999694824219,14.9399995803833,14.472186088562012,461654
2020-09-21,15.779999732971191,16.68000030517578,14.4399995803833,14.569999694824219,14.113771438598633,90613
2020-09-22,14.8100004196167,14.899999618530273,13.699999809265137,13.930000305175781,13.493812561035156,113351
2020-09-23,13.90999984741211,14.350000381469727,13.680000305175781,13.680000305175781,13.251640319824219,73611
2020-09-24,13.800000190734863,13.829899787902832,13.380000114440918,13.619999885559082,13.193519592285156,58509
2020-09-25,13.619999885559082,14.029999732971191,13.40999984741211,14.010000228881836,13.571307182312012,27223
2020-09-28,14.140000343322754,14.444999694824219,13.970000267028809,14.029999732971191,13.590680122375488,14375
2020-09-29,14.020000457763672,14.5600004196167,13.819600105285645,14.5,14.045963287353516,28538
2020-09-30,14.550000190734863,14.609999656677246,13.760000228881836,13.920000076293945,13.484125137329102,32553
2020-10-01,13.904999732971191,14.90999984741211,13.904999732971191,14.619999885559082,14.162205696105957,29529
2020-10-02,14.420000076293945,14.979999542236328,14.208600044250488,14.789999961853027,14.326882362365723,8569
2020-10-05,14.604999542236328,15.180000305175781,14.604999542236328,14.880000114440918,14.414064407348633,11649
2020-10-06,14.800000190734863,14.829999923706055,14.369999885559082,14.369999885559082,13.920034408569336,16980
2020-10-07,14.579999923706055,14.753100395202637,14.170000076293945,14.180000305175781,13.735984802246094,28903
2020-10-08,14.520000457763672,14.606100082397461,13.739999771118164,13.800000190734863,13.36788272857666,40910
2020-10-09,14.0,14.430000305175781,13.90999984741211,14.380000114440918,13.92972183227539,13383
2020-10-12,14.34000015258789,14.397299766540527,14.050000190734863,14.119999885559082,13.677861213684082,14012
2020-10-13,13.9399995803833,14.3100004196167,13.649999618530273,14.0,13.561619758605957,31986
2020-10-14,14.279999732971191,14.399999618530273,13.829999923706055,13.829999923706055,13.396943092346191,34309
2020-10-15,13.699999809265137,14.390000343322754,13.579299926757812,14.390000343322754,13.939408302307129,55131
2020-10-16,14.279999732971191,14.279999732971191,13.65999984741211,13.670000076293945,13.24195384979248,15193
2020-10-19,13.680000305175781,14.0600004196167,13.59000015258789,13.920000076293945,13.484125137329102,48263
2020-10-20,13.800000190734863,14.039999961853027,13.800000190734863,14.039999961853027,13.60036849975586,16270
2020-10-21,13.970000267028809,14.100000381469727,13.789799690246582,13.960000038146973,13.522872924804688,33587
2020-10-22,13.84000015258789,14.170000076293945,13.84000015258789,14.0,13.561619758605957,9289
2020-10-23,14.109999656677246,14.289999961853027,13.97130012512207,14.170000076293945,13.726296424865723,19148
2020-10-26,13.859999656677246,14.510000228881836,13.859999656677246,14.510000228881836,14.05565071105957,148967
2020-10-27,14.510000228881836,14.510000228881836,13.989999771118164,13.989999771118164,13.551933288574219,20374
2020-10-28,13.6899995803833,14.0,13.449999809265137,13.899999618530273,13.464751243591309,36121
2020-10-29,13.8100004196167,14.510000228881836,13.670000076293945,14.289999961853027,13.842538833618164,254535
2020-10-30,14.15999984741211,14.40999984741211,13.880000114440918,14.149999618530273,13.706923484802246,21193
2020-11-02,14.149999618530273,14.348999977111816,13.640000343322754,13.65999984741211,13.232266426086426,21023
2020-11-03,13.670000076293945,14.09000015258789,13.630000114440918,13.899999618530273,13.464751243591309,32535
2020-11-04,13.819999694824219,14.300000190734863,13.6899995803833,14.100000381469727,13.658489227294922,22100
2020-11-05,14.289999961853027,14.300000190734863,14.0,14.140000343322754,13.697237014770508,29897
2020-11-06,14.109999656677246,14.350000381469727,14.100000381469727,14.180000305175781,13.735984802246094,11581
2020-11-09,14.199999809265137,14.800000190734863,14.199999809265137,14.710000038146973,14.249387741088867,247081
2020-11-10,14.760000228881836,15.390000343322754,14.609999656677246,15.180000305175781,14.704671859741211,32299
2020-11-11,15.1899995803833,15.395000457763672,14.899999618530273,15.149999618530273,14.675610542297363,34972
2020-11-12,15.210000038146973,15.390000343322754,14.710100173950195,15.050000190734863,14.578742027282715,15012
2020-11-13,15.020000457763672,15.119999885559082,14.699999809265137,15.050000190734863,14.578742027282715,64984
2020-11-16,15.050000190734863,15.6899995803833,15.0,15.609999656677246,15.121206283569336,35406
2020-11-17,15.3100004196167,15.949999809265137,15.260000228881836,15.90999984741211,15.411811828613281,43056
2020-11-18,16.0,17.579999923706055,16.0,16.6200008392334,16.099580764770508,252312
2020-11-19,16.649999618530273,16.850000381469727,16.149999618530273,16.68000030517578,16.15770149230957,40699
2020-11-20,16.940000534057617,17.139999389648438,16.579999923706055,16.649999618530273,16.12864112854004,83767
2020-11-23,17.725000381469727,17.725000381469727,16.299999237060547,17.059999465942383,16.525802612304688,73532
2020-11-24,17.200000762939453,17.719999313354492,16.68000030517578,17.510000228881836,16.961711883544922,128320
2020-11-25,17.440000534057617,17.84000015258789,17.149999618530273,17.670000076293945,17.116703033447266,67072
2020-11-27,17.405000686645508,18.020000457763672,17.405000686645508,17.979999542236328,17.416994094848633,35567
2020-11-30,17.979999542236328,18.389999389648438,17.90999984741211,18.389999389648438,17.81415557861328,121253
2020-12-01,18.40999984741211,18.5,17.260000228881836,17.790000915527344,17.23294448852539,57585
2020-12-02,17.690000534057617,17.799999237060547,17.420000076293945,17.549999237060547,17.000457763671875,19096
2020-12-03,17.639999389648438,17.959999084472656,17.502599716186523,17.8700008392334,17.310441970825195,32956
2020-12-04,17.860000610351562,18.690000534057617,17.600000381469727,18.690000534057617,18.10476303100586,36223
2020-12-07,18.729999542236328,18.979999542236328,18.56999969482422,18.979999542236328,18.38568115234375,32543
2020-12-08,19.350000381469727,19.350000381469727,18.43000030517578,18.639999389648438,18.05632781982422,54084
2020-12-09,18.690000534057617,18.75,17.790000915527344,17.899999618530273,17.339500427246094,37845
2020-12-10,17.690000534057617,18.450000762939453,17.649999618530273,18.290000915527344,17.717288970947266,32215
2020-12-11,18.280000686645508,18.59000015258789,18.06999969482422,18.34000015258789,17.765722274780273,33214
2020-12-14,18.360000610351562,18.65999984741211,18.030000686645508,18.25,17.678539276123047,59104
2020-12-15,18.229999542236328,18.760000228881836,18.09000015258789,18.559999465942383,17.978832244873047,213998
2020-12-16,18.540000915527344,18.540000915527344,18.020000457763672,18.25,17.678539276123047,41816
2020-12-17,18.229999542236328,18.4064998626709,18.059999465942383,18.25,17.678539276123047,118987
2020-12-18,18.239999771118164,18.639999389648438,18.104999542236328,18.260000228881836,17.688228607177734,138754
2020-12-21,18.09000015258789,18.40999984741211,17.829999923706055,18.049999237060547,17.484804153442383,46092
2020-12-22,18.059999465942383,18.860000610351562,18.0,18.56999969482422,17.9885196685791,67891
2020-12-23,18.5,19.399999618530273,18.459999084472656,19.209999084472656,18.608478546142578,50590
2020-12-24,19.219999313354492,19.350000381469727,18.885000228881836,19.030000686645508,18.43411636352539,17004
2020-12-28,19.0,19.469999313354492,18.850000381469727,19.31999969482422,18.715036392211914,37878
2020-12-29,19.010000228881836,19.3799991607666,18.559999465942383,18.850000381469727,18.25975227355957,40415
2020-12-30,18.84000015258789,19.235000610351562,18.729999542236328,19.100000381469727,18.50192642211914,26244
2020-12-31,19.209999084472656,19.209999084472656,18.50779914855957,19.049999237060547,18.453487396240234,28045
2021-01-04,19.1200008392334,19.1200008392334,18.270000457763672,18.469999313354492,17.891651153564453,31118
2021-01-05,18.440000534057617,18.899999618530273,18.399999618530273,18.899999618530273,18.30818748474121,15276
2021-01-06,18.969999313354492,19.149999618530273,18.610200881958008,19.079999923706055,18.48255157470703,22007
2021-01-07,19.239999771118164,20.170000076293945,19.124300003051758,20.040000915527344,19.412490844726562,37683
2021-01-08,20.149999618530273,20.149999618530273,19.270000457763672,19.59000015258789,18.976581573486328,21245
2021-01-11,19.440000534057617,19.690900802612305,19.22909927368164,19.459999084472656,18.850650787353516,47361
2021-01-12,19.65999984741211,19.969999313354492,19.5,19.56999969482422,18.95720863342285,69929
2021-01-13,19.600000381469727,19.790000915527344,19.040000915527344,19.149999618530273,18.550357818603516,45109
2021-01-14,19.260000228881836,19.485000610351562,18.850000381469727,19.100000381469727,18.50192642211914,76764
2021-01-15,18.709999084472656,19.25,18.698999404907227,18.790000915527344,18.201631546020508,40081
2021-01-19,18.989999771118164,19.5,18.700000762939453,19.06999969482422,18.472864151000977,89528
2021-01-20,19.06999969482422,19.559999465942383,18.670000076293945,18.75,18.162883758544922,85567
2021-01-21,18.719999313354492,19.1299991607666,18.719999313354492,18.75,18.162883758544922,82757
2021-01-22,18.40999984741211,18.989999771118164,18.260000228881836,18.6299991607666,18.046640396118164,29423
2021-01-25,18.829999923706055,19.610000610351562,18.520000457763672,19.549999237060547,18.937833786010742,53024
2021-01-26,19.6200008392334,19.93000030517578,19.600000381469727,19.860000610351562,19.238126754760742,28951
2021-01-27,19.610000610351562,19.989999771118164,19.299999237060547,19.829999923706055,19.209064483642578,40934
2021-01-28,19.3700008392334,20.0,19.3700008392334,19.81999969482422,19.199377059936523,70267
2021-01-29,19.950000762939453,19.950000762939453,18.990400314331055,19.139999389648438,18.54067039489746,90256
2021-02-01,19.450000762939453,19.450000762939453,18.610000610351562,18.68000030517578,18.095075607299805,92259
2021-02-02,18.899999618530273,19.770000457763672,18.72010040283203,19.510000228881836,18.899085998535156,85649
2021-02-03,19.469999313354492,19.799999237060547,19.420000076293945,19.43000030517578,18.821590423583984,28954
2021-02-04,19.40999984741211,19.670000076293945,19.31999969482422,19.540000915527344,18.92814826965332,65924
2021-02-05,19.469999313354492,19.889999389648438,19.44499969482422,19.729999542236328,19.11219596862793,40468
2021-02-08,19.889999389648438,21.350000381469727,19.889999389648438,21.219999313354492,20.555540084838867,50370
2021-02-09,22.079999923706055,22.649999618530273,21.149999618530273,22.549999237060547,21.843894958496094,175250
2021-02-10,22.739999771118164,23.5,21.849000930786133,23.190000534057617,22.463855743408203,78736
2021-02-11,23.540000915527344,23.540000915527344,22.100000381469727,22.600000381469727,21.892330169677734,82223
2021-02-12,22.3799991607666,23.149999618530273,22.149999618530273,22.549999237060547,21.843894958496094,52433
2021-02-16,22.40999984741211,23.0,22.40999984741211,22.81999969482422,22.105440139770508,54383
2021-02-17,22.829999923706055,23.15999984741211,22.229999542236328,22.40999984741211,21.70827865600586,38708
2021-02-18,22.219999313354492,22.379899978637695,21.139999389648438,21.25,20.5846004486084,55125
2021-02-19,22.030000686645508,22.030000686645508,21.139999389648438,21.850000381469727,21.165815353393555,119069
2021-02-22,21.700000762939453,22.469999313354492,21.700000762939453,21.8700008392334,21.18518829345703,42181
2021-02-23,21.049999237060547,21.670000076293945,20.510000228881836,21.610000610351562,20.93332862854004,39453
2021-02-24,21.09000015258789,22.559999465942383,21.049999237060547,22.170000076293945,21.475793838500977,46808
2021-02-25,22.219999313354492,22.239999771118164,21.510000228881836,21.670000076293945,20.9914493560791,21127
2021-02-26,21.395000457763672,22.209999084472656,21.28499984741211,21.68000030517578,21.001136779785156,36910
2021-03-01,21.770000457763672,22.489999771118164,21.690000534057617,22.010000228881836,21.320802688598633,28417
2021-03-02,21.395000457763672,22.149999618530273,21.170000076293945,21.40999984741211,20.739591598510742,36206
2021-03-03,21.350000381469727,22.299999237060547,21.350000381469727,22.0,21.31111717224121,46877
2021-03-04,21.395000457763672,22.270000457763672,20.69499969482422,21.219999313354492,20.555540084838867,32837
2021-03-05,21.610000610351562,21.790000915527344,20.1299991607666,21.540000915527344,20.865524291992188,41227
2021-03-08,21.399999618530273,21.5,20.459999084472656,20.600000381469727,19.9549560546875,146947
2021-03-09,20.639999389648438,21.239999771118164,20.3700008392334,20.780000686645508,20.129318237304688,150814
2021-03-10,21.0,21.600000381469727,21.0,21.399999618530273,20.729904174804688,55827
2021-03-11,21.459999084472656,22.940000534057617,21.130199432373047,22.809999465942383,22.095754623413086,67528
2021-03-12,22.600000381469727,23.700000762939453,22.600000381469727,23.59000015258789,22.851329803466797,63902
2021-03-15,23.670000076293945,23.860000610351562,22.854999542236328,23.170000076293945,22.444482803344727,52929
2021-03-16,23.270000457763672,23.364999771118164,22.329999923706055,22.989999771118164,22.270118713378906,58693
2021-03-17,22.860000610351562,23.329999923706055,22.389999389648438,22.790000915527344,22.07638168334961,33057
2021-03-18,22.850000381469727,23.090599060058594,22.110000610351562,22.389999389648438,21.688905715942383,68688
2021-03-19,22.399999618530273,23.219900131225586,21.86009979248047,22.899999618530273,22.18293571472168,103041
2021-03-22,22.020000457763672,22.219999313354492,21.270000457763672,21.989999771118164,21.757482528686523,96895
2021-03-23,21.889999389648438,22.104999542236328,21.399999618530273,21.510000228881836,21.282556533813477,77915
2021-03-24,21.59000015258789,22.420000076293945,20.989999771118164,20.989999771118164,20.768056869506836,27751
2021-03-25,21.309999465942383,21.309999465942383,20.6299991607666,21.239999771118164,21.015411376953125,47466
2021-03-26,21.360000610351562,21.649999618530273,20.940000534057617,21.469999313354492,21.242979049682617,49164
2021-03-29,21.309999465942383,21.7549991607666,20.719999313354492,20.940000534057617,20.718585968017578,21016
2021-03-30,20.969999313354492,21.540000915527344,20.950000762939453,21.25,21.025306701660156,72502
2021-03-31,21.309999465942383,21.469999313354492,20.889999389648438,21.229999542236328,21.005517959594727,79846
2021-04-01,21.65999984741211,21.959999084472656,21.020000457763672,21.959999084472656,21.727798461914062,94475
2021-04-05,22.06999969482422,22.559999465942383,21.6200008392334,22.510000228881836,22.271984100341797,60190
2021-04-06,22.270000457763672,22.6200008392334,21.93000030517578,22.0,21.767375946044922,57801
2021-04-07,21.989999771118164,22.469999313354492,21.700000762939453,21.899999618530273,21.668434143066406,341571
2021-04-08,22.030000686645508,22.235000610351562,21.790000915527344,22.030000686645508,21.797060012817383,71386
2021-04-09,22.030000686645508,22.313400268554688,21.780000686645508,22.239999771118164,22.004838943481445,58467
2021-04-12,21.920000076293945,22.229999542236328,21.510000228881836,21.799999237060547,21.569490432739258,22055
2021-04-13,21.829999923706055,22.1299991607666,21.389999389648438,21.68000030517578,21.450759887695312,27895
2021-04-14,21.719999313354492,21.93000030517578,21.389999389648438,21.389999389648438,21.16382598876953,150029
2021-04-15,21.649999618530273,21.940000534057617,21.40999984741211,21.59000015258789,21.361711502075195,84743
2021-04-16,21.75,21.860000610351562,21.489999771118164,21.829999923706055,21.59917449951172,16432
2021-04-19,21.649999618530273,21.770000457763672,21.365100860595703,21.5,21.272663116455078,26086
2021-04-20,21.489999771118164,21.549999237060547,21.200000762939453,21.360000610351562,21.134145736694336,35613
2021-04-21,21.450000762939453,22.0,21.450000762939453,21.93000030517578,21.698116302490234,22788
2021-04-22,21.889999389648438,22.329999923706055,21.78499984741211,21.969999313354492,21.737693786621094,22447
2021-04-23,21.940000534057617,23.170000076293945,21.940000534057617,22.700000762939453,22.459976196289062,65711
2021-04-26,22.940000534057617,23.239999771118164,22.5,22.799999237060547,22.558916091918945,46973
2021-04-27,22.790000915527344,22.959999084472656,22.399999618530273,22.469999313354492,22.232406616210938,31412
2021-04-28,22.209999084472656,22.75,22.209999084472656,22.510000228881836,22.271984100341797,61782
2021-04-29,22.690000534057617,22.8257999420166,22.149999618530273,22.399999618530273,22.163145065307617,19203
2021-04-30,22.239999771118164,22.239999771118164,21.600000381469727,21.850000381469727,21.61896324157715,32264
2021-05-03,21.829999923706055,22.8799991607666,21.829999923706055,22.719999313354492,22.47976303100586,44823
2021-05-04,22.5,22.584999084472656,21.889999389648438,22.209999084472656,21.975154876708984,30410
2021-05-05,22.34000015258789,22.655000686645508,22.059999465942383,22.350000381469727,22.113676071166992,22764
2021-05-06,22.420000076293945,22.950000762939453,22.420000076293945,22.889999389648438,22.647964477539062,46531
2021-05-07,23.0,23.579999923706055,23.0,23.440000534057617,23.192150115966797,38256
2021-05-10,23.559999465942383,23.559999465942383,22.899999618530273,23.079999923706055,22.835956573486328,38695
2021-05-11,22.65999984741211,23.06999969482422,22.464500427246094,22.989999771118164,22.74690818786621,53308
2021-05-12,22.739999771118164,22.989999771118164,22.100000381469727,22.350000381469727,22.113676071166992,33139
2021-05-13,22.48979949951172,22.760000228881836,22.389299392700195,22.639999389648438,22.40060806274414,27731
2021-05-14,22.639999389648438,22.850000381469727,22.440000534057617,22.690000534057617,22.45008087158203,23207
2021-05-17,22.690000534057617,22.81999969482422,22.299999237060547,22.610000610351562,22.370927810668945,27790
2021-05-18,22.649999618530273,23.21500015258789,22.155399322509766,23.059999465942383,22.8161678314209,24951
2021-05-19,22.329999923706055,23.100000381469727,22.313499450683594,22.84000015258789,22.598493576049805,38161
2021-05-20,23.010000228881836,23.3799991607666,22.739999771118164,23.290000915527344,23.043737411499023,30141
2021-05-21,23.360000610351562,23.5,23.190000534057617,23.309999465942383,23.06352424621582,19630
2021-05-24,23.399999618530273,23.440000534057617,22.93000030517578,23.18000030517578,22.934900283813477,27143
2021-05-25,23.3799991607666,24.799999237060547,23.34000015258789,24.75,24.488298416137695,83464
2021-05-26,24.799999237060547,25.0,23.59000015258789,23.8700008392334,23.617605209350586,54414
2021-05-27,23.969999313354492,24.260000228881836,23.579999923706055,24.1299991607666,23.874853134155273,138561
2021-05-28,24.420000076293945,24.674999237060547,23.81999969482422,24.209999084472656,23.954008102416992,23120
2021-06-01,24.440000534057617,24.440000534057617,23.739999771118164,24.190000534057617,23.934219360351562,32451
2021-06-02,24.020000457763672,24.260000228881836,23.690000534057617,24.200000762939453,23.944116592407227,20013
2021-06-03,24.110000610351562,24.360000610351562,23.653499603271484,24.270000457763672,24.01337432861328,19319
2021-06-04,24.469999313354492,24.790000915527344,23.950000762939453,24.670000076293945,24.40914535522461,16811
2021-06-07,24.809999465942383,24.969900131225586,24.579999923706055,24.809999465942383,24.54766273498535,11858
2021-06-08,24.770000457763672,25.280000686645508,24.645000457763672,24.969999313354492,24.705970764160156,24106
2021-06-09,24.510000228881836,24.889999389648438,24.5,24.780000686645508,24.517982482910156,13025
2021-06-10,24.729999542236328,24.815000534057617,24.100000381469727,24.229999542236328,23.973796844482422,29206
2021-06-11,24.290000915527344,24.790000915527344,24.06999969482422,24.780000686645508,24.517982482910156,38923
2021-06-14,24.899999618530273,26.65999984741211,24.899999618530273,26.399999618530273,26.120851516723633,122307
2021-06-15,25.524999618530273,27.084999084472656,25.524999618530273,26.290000915527344,26.01201629638672,107063
2021-06-16,27.100000381469727,28.649999618530273,27.0,28.459999084472656,28.159067153930664,191677
2021-06-17,28.280000686645508,28.520000457763672,27.030000686645508,27.5,27.20922088623047,164924
2021-06-18,27.420000076293945,28.1299991607666,26.6200008392334,26.670000076293945,26.387996673583984,382346
2021-06-21,26.670000076293945,28.09000015258789,26.670000076293945,27.030000686645508,26.744190216064453,92526
2021-06-22,27.06999969482422,27.25,26.6200008392334,27.010000228881836,26.724401473999023,75945
2021-06-23,27.059999465942383,27.5,27.010000228881836,27.1299991607666,26.84313201904297,50520
2021-06-24,27.15999984741211,27.43000030517578,27.139999389648438,27.260000228881836,26.971757888793945,23785
2021-06-25,27.334999084472656,27.499900817871094,27.0,27.149999618530273,26.8629207611084,101251
2021-06-28,27.020000457763672,27.709999084472656,27.020000457763672,27.40999984741211,27.2607421875,87404
2021-06-29,27.34000015258789,27.520000457763672,27.15999984741211,27.290000915527344,27.14139747619629,29131
2021-06-30,27.1200008392334,27.399999618530273,26.969999313354492,27.239999771118164,27.0916690826416,34534
2021-07-01,27.219999313354492,27.510000228881836,26.950000762939453,27.059999465942383,26.912647247314453,39216
2021-07-02,27.079999923706055,27.229999542236328,26.729999542236328,26.899999618530273,26.75351905822754,72103
2021-07-06,27.0,27.31999969482422,26.90999984741211,27.049999237060547,26.90270233154297,90203
2021-07-07,27.049999237060547,27.436199188232422,26.360000610351562,26.670000076293945,26.52477264404297,47962
2021-07-08,26.270000457763672,26.389999389648438,25.469999313354492,25.809999465942383,25.66945457458496,53466
2021-07-09,25.979999542236328,26.579999923706055,25.709999084472656,26.579999923706055,26.43526268005371,115509
2021-07-12,26.420000076293945,27.27989959716797,26.420000076293945,26.549999237060547,26.405424118041992,52020
2021-07-13,26.440000534057617,26.700000762939453,25.954999923706055,26.0,25.858421325683594,41845
2021-07-14,26.110000610351562,26.40999984741211,25.350000381469727,25.5,25.361143112182617,61289
2021-07-15,25.459999084472656,25.950000762939453,24.389999389648438,24.479999542236328,24.346696853637695,161840
2021-07-16,24.649999618530273,25.25,24.360000610351562,24.690000534057617,24.55555534362793,82871
2021-07-19,24.40999984741211,24.649999618530273,23.84000015258789,24.3700008392334,24.23729705810547,61355
2021-07-20,24.3799991607666,25.170000076293945,24.3799991607666,24.8700008392334,24.734575271606445,35579
2021-07-21,24.8799991607666,25.34000015258789,24.770000457763672,24.8700008392334,24.734575271606445,22261
2021-07-22,24.90999984741211,24.90999984741211,24.141000747680664,24.15999984741211,24.028440475463867,27710
2021-07-23,24.514999389648438,24.940000534057617,24.190000534057617,24.360000610351562,24.227352142333984,23364
2021-07-26,24.280000686645508,24.82509994506836,24.280000686645508,24.389999389648438,24.257186889648438,19000
2021-07-27,24.079999923706055,24.399999618530273,23.600000381469727,23.959999084472656,23.82952880859375,19199
2021-07-28,24.110000610351562,24.763999938964844,24.110000610351562,24.530000686645508,24.396425247192383,17307
2021-07-29,24.670000076293945,25.09000015258789,24.610000610351562,24.8700008392334,24.734575271606445,22490
2021-07-30,25.0,25.799999237060547,25.0,25.389999389648438,25.251741409301758,18900
2021-08-02,25.170000076293945,25.583099365234375,24.90999984741211,24.90999984741211,24.774356842041016,22971
2021-08-03,24.780000686645508,25.444299697875977,24.31089973449707,24.770000457763672,24.63511848449707,16733
2021-08-04,24.6200008392334,24.989999771118164,23.829999923706055,24.530000686645508,24.396425247192383,28204
2021-08-05,24.610000610351562,26.43000030517578,24.594999313354492,25.75,25.60978126525879,39544
2021-08-06,25.799999237060547,26.08209991455078,25.049999237060547,25.219999313354492,25.082666397094727,12778
2021-08-09,25.040000915527344,25.700000762939453,24.440000534057617,24.770000457763672,24.63511848449707,14460
2021-08-10,24.729999542236328,24.989999771118164,24.459999084472656,24.75,24.61522674560547,19834
2021-08-11,24.6200008392334,25.030000686645508,24.549999237060547,24.889999389648438,24.754465103149414,14125
2021-08-12,25.0,25.010000228881836,24.43000030517578,24.850000381469727,24.714683532714844,13685
2021-08-13,24.219999313354492,24.8700008392334,24.219999313354492,24.6200008392334,24.48593521118164,6621
2021-08-16,24.5049991607666,24.82900047302246,23.52989959716797,24.479999542236328,24.346696853637695,24953
2021-08-17,24.020000457763672,24.34000015258789,23.899999618530273,24.34000015258789,24.207460403442383,8966
2021-08-18,24.209999084472656,25.190000534057617,24.209999084472656,24.68000030517578,24.545608520507812,24124
2021-08-19,24.500099182128906,24.979999542236328,24.500099182128906,24.969999313354492,24.834028244018555,20493
2021-08-20,24.899999618530273,25.3799991607666,24.6299991607666,25.09000015258789,24.95337677001953,37090
2021-08-23,25.5,26.889999389648438,25.5,25.719999313354492,25.579944610595703,46774
2021-08-24,26.190000534057617,26.190000534057617,25.320100784301758,25.829999923706055,25.689346313476562,14367
2021-08-25,25.690000534057617,26.221500396728516,25.65999984741211,26.110000610351562,25.967823028564453,22568
2021-08-26,26.0,26.697799682617188,25.829999923706055,26.399999618530273,26.256242752075195,16914
2021-08-27,26.0,27.244600296020508,26.0,26.959999084472656,26.81319236755371,40543
2021-08-30,27.0,27.030000686645508,25.90999984741211,26.030000686645508,25.88825798034668,24281
2021-08-31,25.959999084472656,26.482200622558594,25.59000015258789,26.09000015258789,25.94793128967285,42804
2021-09-01,26.06999969482422,26.969999313354492,25.93000030517578,26.75,26.60433578491211,19140
2021-09-02,26.600000381469727,26.950000762939453,26.290000915527344,26.450000762939453,26.305971145629883,23371
2021-09-03,26.489999771118164,26.989999771118164,26.270000457763672,26.530000686645508,26.385536193847656,30832
2021-09-07,26.399999618530273,26.519899368286133,26.139999389648438,26.170000076293945,26.027494430541992,19648
2021-09-08,26.15999984741211,27.0,26.15999984741211,26.559999465942383,26.41537094116211,25307
2021-09-09,26.559999465942383,27.27989959716797,26.559999465942383,26.950000762939453,26.803247451782227,20063
2021-09-10,27.200000762939453,27.200000762939453,26.450000762939453,26.540000915527344,26.39548110961914,13345
2021-09-13,26.649999618530273,26.760000228881836,26.290000915527344,26.290000915527344,26.14684295654297,21715
2021-09-14,26.1200008392334,26.287200927734375,25.670000076293945,25.850000381469727,25.709238052368164,11387
2021-09-15,25.790000915527344,26.967100143432617,25.68000030517578,26.110000610351562,25.967823028564453,9369
2021-09-16,26.780000686645508,26.780000686645508,26.06999969482422,26.399999618530273,26.256242752075195,18818
2021-09-17,26.25,26.649900436401367,25.549999237060547,25.8799991607666,25.739072799682617,17615
2021-09-20,25.729999542236328,25.850000381469727,25.01889991760254,25.290000915527344,25.15228843688965,21716
2021-09-21,25.270000457763672,25.81999969482422,24.899999618530273,25.049999237060547,24.913593292236328,21562
2021-09-22,25.229999542236328,25.989999771118164,25.200000762939453,25.200000762939453,25.06277847290039,14646
2021-09-23,25.549999237060547,25.83489990234375,25.280000686645508,25.469999313354492,25.33130645751953,12407
2021-09-24,25.68000030517578,26.247800827026367,25.610000610351562,26.1200008392334,25.977767944335938,16575
2021-09-27,26.209999084472656,26.617399215698242,25.75,25.860000610351562,25.71918296813965,19198
2021-09-28,25.56999969482422,26.1299991607666,25.56999969482422,25.709999084472656,25.56999969482422,12615
2021-09-29,25.760099411010742,25.920000076293945,25.360000610351562,25.600000381469727,25.600000381469727,13075
2021-09-30,26.399999618530273,26.399999618530273,25.149999618530273,25.389999389648438,25.389999389648438,18158
2021-10-01,25.31999969482422,26.06999969482422,25.075000762939453,25.760000228881836,25.760000228881836,14472
2021-10-04,25.75,25.8799991607666,25.18000030517578,25.399999618530273,25.399999618530273,19412
2021-10-05,25.399999618530273,25.916400909423828,25.15999984741211,25.68000030517578,25.68000030517578,13692
2021-10-06,25.280000686645508,25.309999465942383,24.75,24.850000381469727,24.850000381469727,115677
2021-10-07,24.959999084472656,25.359899520874023,24.760000228881836,24.850000381469727,24.850000381469727,227992
2021-10-08,25.09000015258789,27.739999771118164,24.850000381469727,27.479999542236328,27.479999542236328,896502
2021-10-11,27.479999542236328,28.979999542236328,27.479999542236328,28.1200008392334,28.1200008392334,66839
2021-10-12,27.860000610351562,27.860000610351562,27.08009910583496,27.09000015258789,27.09000015258789,23463
2021-10-13,27.350000381469727,27.829999923706055,26.84000015258789,27.530000686645508,27.530000686645508,18337
2021-10-14,27.559999465942383,28.014999389648438,27.260000228881836,27.350000381469727,27.350000381469727,20036
2021-10-15,27.600000381469727,27.625,26.6299991607666,26.780000686645508,26.780000686645508,9731
2021-10-18,26.68000030517578,27.690000534057617,26.68000030517578,26.790000915527344,26.790000915527344,16270
2021-10-19,27.0,27.0,26.510000228881836,26.510000228881836,26.510000228881836,16965
2021-10-20,26.3799991607666,26.93079948425293,26.229999542236328,26.5,26.5,14065
2021-10-21,26.270000457763672,26.489999771118164,25.600000381469727,25.93000030517578,25.93000030517578,31076
2021-10-22,25.780000686645508,25.917499542236328,25.469999313354492,25.780000686645508,25.780000686645508,23047
2021-10-25,25.920000076293945,26.489999771118164,25.920000076293945,26.40999984741211,26.40999984741211,15817
2021-10-26,26.34000015258789,26.75,25.760000228881836,26.010000228881836,26.010000228881836,21530
2021-10-27,25.649999618530273,26.045000076293945,25.600000381469727,25.600000381469727,25.600000381469727,17333
2021-10-28,25.850000381469727,26.110000610351562,25.600000381469727,25.959999084472656,25.959999084472656,13548
2021-10-29,25.889999389648438,26.299999237060547,25.719999313354492,26.010000228881836,26.010000228881836,14200
2021-11-01,26.200000762939453,26.59000015258789,25.66349983215332,26.1200008392334,26.1200008392334,47136
2021-11-02,25.978700637817383,26.540000915527344,25.978700637817383,26.34000015258789,26.34000015258789,13172
2021-11-03,26.350000381469727,26.950000762939453,26.350000381469727,26.68000030517578,26.68000030517578,12543
2021-11-04,26.81999969482422,26.90999984741211,25.850000381469727,26.65999984741211,26.65999984741211,46574
2021-11-05,26.639999389648438,27.25,26.420000076293945,26.700000762939453,26.700000762939453,32922
2021-11-08,26.700000762939453,27.149900436401367,26.1200008392334,26.239999771118164,26.239999771118164,30070
2021-11-09,26.299999237060547,26.809999465942383,25.9414005279541,26.139999389648438,26.139999389648438,48791
2021-11-10,26.139999389648438,26.420000076293945,25.799999237060547,26.09000015258789,26.09000015258789,56232
2021-11-11,26.229999542236328,27.459999084472656,25.87540054321289,26.969999313354492,26.969999313354492,50481
2021-11-12,27.149999618530273,27.549999237060547,26.920000076293945,27.549999237060547,27.549999237060547,23051
2021-11-15,27.5,27.899999618530273,27.270000457763672,27.649999618530273,27.649999618530273,40487
2021-11-16,27.90999984741211,29.849899291992188,27.90999984741211,29.559999465942383,29.559999465942383,68254
2021-11-17,29.559999465942383,29.559999465942383,27.59000015258789,27.75,27.75,40251
2021-11-18,27.920000076293945,27.93000030517578,27.0,27.290000915527344,27.290000915527344,31560
2021-11-19,27.049999237060547,27.149900436401367,26.40169906616211,26.600000381469727,26.600000381469727,32118
2021-11-22,25.90999984741211,27.068099975585938,25.90999984741211,26.079999923706055,26.079999923706055,33278
2021-11-23,26.299999237060547,26.530000686645508,26.030000686645508,26.479999542236328,26.479999542236328,23161
2021-11-24,26.270000457763672,27.100000381469727,26.149999618530273,26.219999313354492,26.219999313354492,18172
2021-11-26,25.90999984741211,26.510799407958984,25.677000045776367,25.81999969482422,25.81999969482422,14815
2021-11-29,26.020000457763672,26.209999084472656,25.700000762939453,25.729999542236328,25.729999542236328,30393
2021-11-30,25.610000610351562,26.450000762939453,25.200000762939453,26.329999923706055,26.329999923706055,92008
2021-12-01,26.09000015258789,26.444799423217773,25.200000762939453,25.399999618530273,25.399999618530273,42722
2021-12-02,25.780000686645508,26.09000015258789,25.239999771118164,25.959999084472656,25.959999084472656,22304
2021-12-03,26.020000457763672,26.020000457763672,25.0,25.309999465942383,25.309999465942383,18713
2021-12-06,25.40999984741211,25.8799991607666,25.094999313354492,25.299999237060547,25.299999237060547,27342
2021-12-07,25.600000381469727,26.540000915527344,25.575000762939453,26.25,26.25,20286
2021-12-08,26.25,26.969999313354492,25.690000534057617,26.549999237060547,26.549999237060547,17498
2021-12-09,26.31999969482422,26.729999542236328,25.260000228881836,25.260000228881836,25.260000228881836,30837
2021-12-10,25.559999465942383,26.519899368286133,25.299999237060547,26.299999237060547,26.299999237060547,26984
