Date,Open,High,Low,Close,Adj Close,Volume
2017-11-07,19.0,19.0,19.0,19.0,19.0,263
2017-11-08,18.950000762939453,18.950000762939453,18.950000762939453,18.950000762939453,18.950000762939453,1000
2017-11-09,18.25,18.25,17.75,18.25,18.25,2748
2017-11-10,18.0,18.0,18.0,18.0,18.0,267
2017-11-13,16.799999237060547,17.0,16.799999237060547,17.0,17.0,804
2017-11-14,17.0,16.5,16.5,16.5,16.5,210
2017-11-15,15.5,15.5,15.199999809265137,15.45199966430664,15.45199966430664,732
2017-11-16,15.5,15.5,15.199999809265137,15.199999809265137,15.199999809265137,1400
2017-11-17,15.25,15.5,14.649999618530273,14.649999618530273,14.649999618530273,1832
2017-11-20,15.5,15.5,15.300000190734863,15.300000190734863,15.300000190734863,1870
2017-11-21,15.350000381469727,15.350000381469727,15.300000190734863,15.350000381469727,15.350000381469727,2239
2017-11-22,15.0,15.0,15.0,15.0,15.0,317
2017-11-24,15.0,15.5,14.0,14.0,14.0,500
2017-11-27,14.0,14.0,14.0,14.0,14.0,0
2017-11-28,14.0,14.0,14.0,14.0,14.0,0
2017-11-29,14.25,14.5,14.25,14.5,14.5,1124
2017-11-30,14.5,14.5,14.5,14.5,14.5,200
2017-12-01,14.5,14.699999809265137,14.5,14.5,14.5,2355
2017-12-04,14.5,14.5,14.5,14.5,14.5,0
2017-12-05,14.25,14.25,13.5,13.5,13.5,2495
2017-12-06,13.5,13.5,13.5,13.5,13.5,0
2017-12-07,11.5,11.5600004196167,11.199999809265137,11.5600004196167,11.5600004196167,1469
2017-12-08,12.038000106811523,12.0600004196167,12.038000106811523,12.0600004196167,12.0600004196167,767
2017-12-11,11.579999923706055,12.270000457763672,11.579999923706055,12.270000457763672,12.270000457763672,2826
2017-12-12,11.40999984741211,11.59000015258789,11.40999984741211,11.59000015258789,11.59000015258789,3080
2017-12-13,12.0,12.0,11.899999618530273,12.0,12.0,2629
2017-12-14,12.710000038146973,13.520000457763672,12.710000038146973,13.520000457763672,13.520000457763672,3817
2017-12-15,13.09000015258789,13.199999809265137,12.699999809265137,13.199999809265137,13.199999809265137,2352
2017-12-18,13.699999809265137,14.680000305175781,13.680000305175781,14.020000457763672,14.020000457763672,17052
2017-12-19,14.630000114440918,15.75,14.630000114440918,15.75,15.75,853
2017-12-20,15.239999771118164,15.260000228881836,15.1899995803833,15.1899995803833,15.1899995803833,675
2017-12-21,14.5,14.890000343322754,14.5,14.890000343322754,14.890000343322754,4325
2017-12-22,14.673199653625488,15.899999618530273,14.673199653625488,14.720000267028809,14.720000267028809,3000
2017-12-26,14.890000343322754,15.3100004196167,14.890000343322754,15.25,15.25,2622
2017-12-27,15.220000267028809,15.220000267028809,15.220000267028809,15.220000267028809,15.220000267028809,227
2017-12-28,14.300000190734863,15.350000381469727,14.300000190734863,15.300000190734863,15.300000190734863,1500
2017-12-29,15.644000053405762,15.680000305175781,15.644000053405762,15.680000305175781,15.680000305175781,830
2018-01-02,15.710000038146973,15.710000038146973,15.710000038146973,15.710000038146973,15.710000038146973,263
2018-01-03,17.229999542236328,17.649999618530273,17.229999542236328,17.59000015258789,17.59000015258789,2306
2018-01-04,17.75,18.110000610351562,17.75,18.110000610351562,18.110000610351562,2710
2018-01-05,17.059999465942383,17.209999084472656,16.764999389648438,17.209999084472656,17.209999084472656,1635
2018-01-08,17.31999969482422,17.31999969482422,17.059999465942383,17.059999465942383,17.059999465942383,565
2018-01-09,17.260000228881836,17.389999389648438,17.260000228881836,17.389999389648438,17.389999389648438,675
2018-01-10,17.209999084472656,17.209999084472656,16.93000030517578,17.030000686645508,17.030000686645508,495
2018-01-11,16.989999771118164,17.110000610351562,16.989999771118164,17.110000610351562,17.110000610351562,349
2018-01-12,16.600000381469727,16.649999618530273,16.600000381469727,16.649999618530273,16.649999618530273,876
2018-01-16,16.360000610351562,16.360000610351562,16.360000610351562,16.360000610351562,16.360000610351562,245
2018-01-17,15.954999923706055,16.309999465942383,15.954999923706055,16.010000228881836,16.010000228881836,1600
2018-01-18,15.947999954223633,15.960000038146973,15.710000038146973,15.710000038146973,15.710000038146973,3754
2018-01-19,15.270000457763672,15.470000267028809,14.520000457763672,15.470000267028809,15.470000267028809,2763
2018-01-22,14.75,15.109999656677246,14.75,15.109999656677246,15.109999656677246,2430
2018-01-23,15.300000190734863,15.300000190734863,15.300000190734863,15.300000190734863,15.300000190734863,170
2018-01-24,15.369999885559082,15.40999984741211,15.369999885559082,15.40999984741211,15.40999984741211,796
2018-01-25,15.460000038146973,16.18000030517578,15.460000038146973,16.0,16.0,11646
2018-01-26,16.079999923706055,16.079999923706055,16.079999923706055,16.079999923706055,16.079999923706055,1097
2018-01-29,15.5649995803833,15.5649995803833,15.5649995803833,15.5649995803833,15.5649995803833,150
2018-01-30,15.5649995803833,15.5649995803833,15.5649995803833,15.5649995803833,15.5649995803833,0
2018-01-31,14.75,14.920000076293945,14.5,14.600000381469727,14.600000381469727,7714
2018-02-01,14.399999618530273,14.479999542236328,14.399999618530273,14.479999542236328,14.479999542236328,600
2018-02-02,14.90999984741211,14.90999984741211,14.90999984741211,14.90999984741211,14.90999984741211,261
2018-02-05,14.350000381469727,14.350000381469727,14.0,14.0,14.0,978
2018-02-06,12.8100004196167,12.899999618530273,12.720000267028809,12.859999656677246,12.859999656677246,3287
2018-02-07,12.859999656677246,12.859999656677246,12.859999656677246,12.859999656677246,12.859999656677246,0
2018-02-08,14.100000381469727,14.100000381469727,13.800000190734863,13.800000190734863,13.800000190734863,3625
2018-02-09,13.210000038146973,13.329999923706055,13.210000038146973,13.329999923706055,13.329999923706055,200
2018-02-12,13.329999923706055,13.329999923706055,13.329999923706055,13.329999923706055,13.329999923706055,0
2018-02-13,13.5,13.609999656677246,12.579999923706055,13.609999656677246,13.609999656677246,2276
2018-02-14,13.609999656677246,13.609999656677246,13.609999656677246,13.609999656677246,13.609999656677246,0
2018-02-15,13.609999656677246,13.609999656677246,13.609999656677246,13.609999656677246,13.609999656677246,0
2018-02-16,13.930000305175781,13.930000305175781,13.899999618530273,13.899999618530273,13.899999618530273,400
2018-02-20,13.899999618530273,13.899999618530273,13.899999618530273,13.899999618530273,13.899999618530273,0
2018-02-21,13.899999618530273,13.899999618530273,13.899999618530273,13.899999618530273,13.899999618530273,0
2018-02-22,13.899999618530273,13.899999618530273,13.899999618530273,13.899999618530273,13.899999618530273,0
2018-02-23,13.5600004196167,13.65999984741211,13.220000267028809,13.65999984741211,13.65999984741211,700
2018-02-26,13.65999984741211,13.65999984741211,13.65999984741211,13.65999984741211,13.65999984741211,0
2018-02-27,13.59000015258789,13.640000343322754,13.59000015258789,13.640000343322754,13.640000343322754,277
2018-02-28,13.220000267028809,13.220000267028809,13.220000267028809,13.220000267028809,13.220000267028809,600
2018-03-01,13.220000267028809,13.220000267028809,12.880000114440918,12.880000114440918,12.880000114440918,850
2018-03-02,12.880000114440918,12.880000114440918,12.880000114440918,12.880000114440918,12.880000114440918,0
2018-03-05,13.130000114440918,13.130000114440918,13.130000114440918,13.130000114440918,13.130000114440918,202
2018-03-06,12.75,12.760000228881836,12.75,12.760000228881836,12.760000228881836,519
2018-03-07,13.329999923706055,13.329999923706055,13.329999923706055,13.329999923706055,13.329999923706055,307
2018-03-08,13.0,13.0,12.970000267028809,12.970000267028809,12.970000267028809,200
2018-03-09,12.970000267028809,12.970000267028809,12.970000267028809,12.970000267028809,12.970000267028809,0
2018-03-12,12.970000267028809,12.970000267028809,12.970000267028809,12.970000267028809,12.970000267028809,0
2018-03-13,12.970000267028809,12.970000267028809,12.970000267028809,12.970000267028809,12.970000267028809,0
2018-03-14,12.970000267028809,12.970000267028809,12.970000267028809,12.970000267028809,12.970000267028809,0
2018-03-15,12.970000267028809,12.970000267028809,12.970000267028809,12.970000267028809,12.970000267028809,0
2018-03-16,12.970000267028809,12.970000267028809,12.970000267028809,12.970000267028809,12.970000267028809,0
2018-03-19,11.739999771118164,11.9399995803833,11.739999771118164,11.90999984741211,11.90999984741211,5093
2018-03-20,11.789999961853027,11.789999961853027,11.789999961853027,11.789999961853027,11.789999961853027,1000
2018-03-21,11.789999961853027,11.789999961853027,11.789999961853027,11.789999961853027,11.789999961853027,0
2018-03-22,11.920000076293945,11.920000076293945,11.720000267028809,11.789999961853027,11.789999961853027,600
2018-03-23,11.989999771118164,11.989999771118164,11.789999961853027,11.789999961853027,11.789999961853027,200
2018-03-26,11.850000381469727,11.850000381469727,11.850000381469727,11.850000381469727,11.850000381469727,500
2018-03-27,12.149999618530273,12.149999618530273,12.149999618530273,12.149999618530273,12.149999618530273,400
2018-03-28,12.079999923706055,12.079999923706055,12.079999923706055,12.079999923706055,12.079999923706055,200
2018-03-29,11.640000343322754,11.6899995803833,11.399999618530273,11.399999618530273,11.399999618530273,1359
2018-04-02,11.399999618530273,11.399999618530273,11.399999618530273,11.399999618530273,11.399999618530273,0
2018-04-03,11.399999618530273,11.399999618530273,11.399999618530273,11.399999618530273,11.399999618530273,0
2018-04-04,11.399999618530273,11.399999618530273,11.399999618530273,11.399999618530273,11.399999618530273,0
2018-04-05,11.399999618530273,11.399999618530273,11.399999618530273,11.399999618530273,11.399999618530273,0
2018-04-06,11.399999618530273,11.399999618530273,11.399999618530273,11.399999618530273,11.399999618530273,0
2018-04-09,11.420000076293945,11.420000076293945,11.420000076293945,11.420000076293945,11.420000076293945,150
2018-04-10,11.619999885559082,11.619999885559082,11.619999885559082,11.619999885559082,11.619999885559082,100
2018-04-11,11.619999885559082,11.619999885559082,11.5,11.5,11.5,400
2018-04-12,11.899999618530273,12.149999618530273,11.899999618530273,12.149999618530273,12.149999618530273,700
2018-04-13,11.479999542236328,11.680000305175781,11.479999542236328,11.680000305175781,11.680000305175781,400
2018-04-16,11.680000305175781,11.680000305175781,11.680000305175781,11.680000305175781,11.680000305175781,0
2018-04-17,11.25,11.25,11.25,11.25,11.25,346
2018-04-18,11.65999984741211,11.65999984741211,11.65999984741211,11.65999984741211,11.65999984741211,200
2018-04-19,11.65999984741211,11.65999984741211,11.65999984741211,11.65999984741211,11.65999984741211,0
2018-04-20,11.279999732971191,11.279999732971191,11.279999732971191,11.279999732971191,11.279999732971191,300
2018-04-23,10.869999885559082,11.069999694824219,10.869999885559082,11.069999694824219,11.069999694824219,400
2018-04-24,11.609999656677246,11.609999656677246,11.600000381469727,11.600000381469727,11.600000381469727,3532
2018-04-25,11.600000381469727,11.600000381469727,11.600000381469727,11.600000381469727,11.600000381469727,0
2018-04-26,11.600000381469727,11.600000381469727,11.600000381469727,11.600000381469727,11.600000381469727,200
2018-04-27,11.600000381469727,11.600000381469727,11.600000381469727,11.600000381469727,11.600000381469727,0
2018-04-30,11.359999656677246,11.359999656677246,11.359999656677246,11.359999656677246,11.359999656677246,267
2018-05-01,11.359999656677246,11.359999656677246,11.359999656677246,11.359999656677246,11.359999656677246,0
2018-05-02,11.829999923706055,12.029999732971191,11.829999923706055,12.029999732971191,12.029999732971191,7200
2018-05-03,12.029999732971191,12.029999732971191,12.029999732971191,12.029999732971191,12.029999732971191,0
2018-05-04,12.029999732971191,12.029999732971191,12.029999732971191,12.029999732971191,12.029999732971191,0
2018-05-07,12.75,12.75,12.75,12.75,12.75,100
2018-05-08,13.0,13.25,13.0,13.0,13.0,435
2018-05-09,13.890000343322754,13.890000343322754,13.5,13.5,13.5,800
2018-05-10,13.899999618530273,15.289999961853027,13.899999618530273,13.899999618530273,13.899999618530273,2823
2018-05-11,15.0,15.25,15.0,15.25,15.25,5500
2018-05-14,14.779999732971191,15.149999618530273,14.75,15.142000198364258,15.142000198364258,13531
2018-05-15,15.0,15.0,13.5600004196167,14.704700469970703,14.704700469970703,2046
2018-05-16,13.720199584960938,14.649999618530273,13.720199584960938,14.38479995727539,14.38479995727539,8164
2018-05-17,14.0,14.829000473022461,14.0,14.699999809265137,14.699999809265137,10719
2018-05-18,14.0,14.829000473022461,14.0,14.699999809265137,14.699999809265137,10719
2018-05-21,14.199999809265137,15.414999961853027,13.650099754333496,14.5,14.5,22014
2018-05-22,17.0,17.0,14.479999542236328,14.649999618530273,14.649999618530273,4884
2018-05-23,14.25,14.373700141906738,13.99899959564209,14.0,14.0,5355
2018-05-24,14.0,14.0,13.5,13.645700454711914,13.645700454711914,5489
2018-05-25,13.51099967956543,13.800000190734863,13.51099967956543,13.520000457763672,13.520000457763672,3626
2018-05-29,13.899999618530273,13.899999618530273,13.529999732971191,13.619999885559082,13.619999885559082,3250
2018-05-30,13.5600004196167,13.880000114440918,13.50100040435791,13.782999992370605,13.782999992370605,5661
2018-05-31,13.520000457763672,13.824199676513672,13.5,13.5,13.5,6756
2018-06-01,13.399999618530273,13.878199577331543,13.399999618530273,13.75,13.75,1200
2018-06-04,13.800000190734863,13.800000190734863,13.800000190734863,13.800000190734863,13.800000190734863,200
2018-06-05,13.899999618530273,13.899999618530273,13.800000190734863,13.819999694824219,13.819999694824219,1600
2018-06-06,14.0,14.010000228881836,13.949999809265137,14.0,14.0,3005
2018-06-07,15.0,15.0,13.510000228881836,14.989999771118164,14.989999771118164,5352
2018-06-08,14.0,14.553600311279297,13.99899959564209,14.100000381469727,14.100000381469727,9250
2018-06-11,16.0,17.979999542236328,14.710000038146973,15.100000381469727,15.100000381469727,17214
2018-06-12,14.9975004196167,16.0,13.621000289916992,13.800000190734863,13.800000190734863,21708
2018-06-13,13.800000190734863,14.40999984741211,13.800000190734863,14.0,14.0,6647
2018-06-14,14.5,15.21619987487793,14.260000228881836,15.0,15.0,11434
2018-06-15,16.100000381469727,16.100000381469727,15.0,16.0,16.0,12728
2018-06-18,16.540000915527344,16.540000915527344,15.5,15.949999809265137,15.949999809265137,4554
2018-06-19,15.520000457763672,15.770000457763672,15.126299858093262,15.369999885559082,15.369999885559082,11612
2018-06-20,15.369999885559082,15.369999885559082,15.369999885559082,15.369999885559082,15.369999885559082,0
2018-06-21,14.899999618530273,15.289999961853027,14.325799942016602,14.325799942016602,14.325799942016602,2585
2018-06-22,15.229999542236328,15.229999542236328,14.478699684143066,14.699999809265137,14.699999809265137,5453
2018-06-25,14.73330020904541,14.761799812316895,14.10099983215332,14.761799812316895,14.761799812316895,2311
2018-06-26,14.761799812316895,14.761799812316895,14.761799812316895,14.761799812316895,14.761799812316895,0
2018-06-27,14.010000228881836,14.343999862670898,14.010000228881836,14.343999862670898,14.343999862670898,440
2018-06-28,14.859999656677246,14.859999656677246,14.463399887084961,14.463399887084961,14.463399887084961,700
2018-06-29,14.470000267028809,14.470000267028809,14.0,14.0,14.0,1333
2018-07-02,14.0,14.0,14.0,14.0,14.0,0
2018-07-03,14.0,14.0,14.0,14.0,14.0,0
2018-07-05,14.25,15.579999923706055,13.968400001525879,14.260000228881836,14.260000228881836,6797
2018-07-06,14.449999809265137,14.449999809265137,13.84000015258789,13.949999809265137,13.949999809265137,6485
2018-07-09,14.420000076293945,14.420000076293945,14.0,14.0,14.0,2484
2018-07-10,14.0,14.0,14.0,14.0,14.0,0
2018-07-11,14.499899864196777,14.499899864196777,14.499899864196777,14.499899864196777,14.499899864196777,164
2018-07-12,14.0,14.0,13.40999984741211,13.40999984741211,13.40999984741211,8085
2018-07-13,13.460000038146973,13.460000038146973,13.350000381469727,13.350000381469727,13.350000381469727,1900
2018-07-16,13.350000381469727,13.350000381469727,13.350000381469727,13.350000381469727,13.350000381469727,0
2018-07-17,13.973600387573242,13.973600387573242,13.15999984741211,13.412599563598633,13.412599563598633,8201
2018-07-18,13.880000114440918,13.880000114440918,13.23069953918457,13.25,13.25,5172
2018-07-19,14.899999618530273,14.899999618530273,14.0,14.47189998626709,14.47189998626709,1260
2018-07-20,14.069999694824219,14.0871000289917,13.899999618530273,13.96150016784668,13.96150016784668,2650
2018-07-23,13.960000038146973,14.5,13.850000381469727,14.300000190734863,14.300000190734863,3192
2018-07-24,12.869999885559082,14.126999855041504,13.699999809265137,13.699999809265137,13.699999809265137,2216
2018-07-25,14.25,14.25,13.5,13.676799774169922,13.676799774169922,3399
2018-07-26,13.699999809265137,14.893199920654297,13.631999969482422,14.893199920654297,14.893199920654297,2764
2018-07-27,14.850000381469727,14.850000381469727,14.100000381469727,14.100000381469727,14.100000381469727,2857
2018-07-30,14.100000381469727,14.100000381469727,14.100000381469727,14.100000381469727,14.100000381469727,0
2018-07-31,14.399999618530273,14.399999618530273,14.380000114440918,14.380000114440918,14.380000114440918,234
2018-08-01,14.475299835205078,14.475299835205078,14.359100341796875,14.359100341796875,14.359100341796875,400
2018-08-02,14.25,14.25,13.149999618530273,13.923500061035156,13.923500061035156,4051
2018-08-03,13.949999809265137,13.949999809265137,13.75,13.75,13.75,371
2018-08-06,13.40999984741211,13.943099975585938,13.40999984741211,13.943099975585938,13.943099975585938,664
2018-08-07,13.300000190734863,13.433099746704102,13.069999694824219,13.3100004196167,13.3100004196167,6044
2018-08-08,13.079999923706055,13.079999923706055,12.930000305175781,12.930000305175781,12.930000305175781,4375
2018-08-09,13.100000381469727,13.100000381469727,12.930000305175781,12.930000305175781,12.930000305175781,929
2018-08-10,12.569999694824219,12.569999694824219,12.569999694824219,12.569999694824219,12.569999694824219,629
2018-08-13,12.569999694824219,12.933899879455566,12.150099754333496,12.316900253295898,12.316900253295898,2247
2018-08-14,12.25,12.5625,12.010000228881836,12.5,12.5,2122
2018-08-15,12.350000381469727,12.350000381469727,11.789999961853027,11.789999961853027,11.789999961853027,3847
2018-08-16,12.979999542236328,12.979999542236328,11.760000228881836,12.30270004272461,12.30270004272461,4754
2018-08-17,13.101499557495117,13.101499557495117,12.899999618530273,12.899999618530273,12.899999618530273,536
2018-08-20,13.199999809265137,13.199999809265137,12.979999542236328,13.0,13.0,7755
2018-08-21,12.600000381469727,12.600000381469727,12.5,12.5,12.5,1005
2018-08-22,12.541999816894531,12.623700141906738,12.5,12.5,12.5,1540
2018-08-23,12.550000190734863,12.550000190734863,12.550000190734863,12.550000190734863,12.550000190734863,118
2018-08-24,12.449999809265137,12.449999809265137,11.850099563598633,12.100000381469727,12.100000381469727,3362
2018-08-27,12.050000190734863,12.050000190734863,11.880000114440918,11.906100273132324,11.906100273132324,2857
2018-08-28,11.859999656677246,12.0,11.859999656677246,12.0,12.0,758
2018-08-29,11.859999656677246,11.859999656677246,11.850000381469727,11.850000381469727,11.850000381469727,1195
2018-08-30,11.800000190734863,11.800000190734863,11.6899995803833,11.6899995803833,11.6899995803833,7154
2018-08-31,11.502699851989746,11.502699851989746,11.430000305175781,11.430000305175781,11.430000305175781,2051
2018-09-04,11.430000305175781,11.430000305175781,11.050000190734863,11.123299598693848,11.123299598693848,6561
2018-09-05,11.0,11.169099807739258,10.553400039672852,11.169099807739258,11.169099807739258,2073
2018-09-06,10.699999809265137,11.600000381469727,10.564900398254395,11.315600395202637,11.315600395202637,5471
2018-09-07,11.406800270080566,11.406800270080566,11.350000381469727,11.350000381469727,11.350000381469727,205
2018-09-10,11.380000114440918,11.380000114440918,10.699999809265137,11.096699714660645,11.096699714660645,2086
2018-09-11,11.096699714660645,11.096699714660645,11.096699714660645,11.096699714660645,11.096699714660645,0
2018-09-12,10.720000267028809,10.75,10.5,10.510000228881836,10.510000228881836,3575
2018-09-13,10.510100364685059,10.510100364685059,10.510100364685059,10.510100364685059,10.510100364685059,302
2018-09-14,10.510100364685059,10.510100364685059,10.510100364685059,10.510100364685059,10.510100364685059,0
2018-09-17,10.520000457763672,11.015800476074219,10.451000213623047,11.015800476074219,11.015800476074219,1300
2018-09-18,11.25,11.25,11.25,11.25,11.25,164
2018-09-19,11.0,11.0,10.0,10.010000228881836,10.010000228881836,1546
2018-09-20,10.5,10.699999809265137,10.5,10.699999809265137,10.699999809265137,1481
2018-09-21,10.699999809265137,10.699999809265137,10.699999809265137,10.699999809265137,10.699999809265137,0
2018-09-24,10.619999885559082,10.979999542236328,10.0,10.150500297546387,10.150500297546387,10935
2018-09-25,10.549099922180176,10.549099922180176,10.150099754333496,10.243300437927246,10.243300437927246,1248
2018-09-26,10.552499771118164,10.800000190734863,10.546500205993652,10.800000190734863,10.800000190734863,1100
2018-09-27,10.800000190734863,10.800000190734863,10.550000190734863,10.550000190734863,10.550000190734863,1016
2018-09-28,10.665499687194824,10.665499687194824,10.665499687194824,10.665499687194824,10.665499687194824,242
2018-10-01,11.09000015258789,11.09000015258789,11.050000190734863,11.050000190734863,11.050000190734863,545
2018-10-02,11.050000190734863,11.050000190734863,11.050000190734863,11.050000190734863,11.050000190734863,0
2018-10-03,10.239999771118164,10.239999771118164,10.220000267028809,10.220000267028809,10.220000267028809,907
2018-10-04,10.220000267028809,10.220000267028809,10.220000267028809,10.220000267028809,10.220000267028809,0
2018-10-05,10.699999809265137,10.764200210571289,10.310999870300293,10.6899995803833,10.6899995803833,8768
2018-10-08,10.65999984741211,10.65999984741211,10.65999984741211,10.65999984741211,10.65999984741211,318
2018-10-09,10.649999618530273,10.649999618530273,10.649999618530273,10.649999618530273,10.649999618530273,340
2018-10-10,10.315199851989746,10.315199851989746,10.149999618530273,10.149999618530273,10.149999618530273,656
2018-10-11,10.5,10.5,10.140000343322754,10.140000343322754,10.140000343322754,1485
2018-10-12,10.130000114440918,11.270000457763672,9.979999542236328,10.300000190734863,10.300000190734863,7619
2018-10-15,10.300000190734863,10.300000190734863,10.300000190734863,10.300000190734863,10.300000190734863,0
2018-10-16,10.289899826049805,10.289899826049805,10.0,10.015999794006348,10.015999794006348,1202
2018-10-17,10.5,10.5,10.5,10.5,10.5,296
2018-10-18,10.5,10.5,9.960000038146973,9.960000038146973,9.960000038146973,490
2018-10-19,9.960000038146973,9.960000038146973,9.960000038146973,9.960000038146973,9.960000038146973,0
2018-10-22,10.0,10.5,10.0,10.5,10.5,854
2018-10-23,10.102700233459473,10.29990005493164,10.100000381469727,10.109999656677246,10.109999656677246,4950
2018-10-24,10.079999923706055,10.199999809265137,10.0,10.049500465393066,10.049500465393066,3931
2018-10-25,10.0,10.0,9.600000381469727,9.934000015258789,9.934000015258789,5051
2018-10-26,9.8125,9.812700271606445,9.8100004196167,9.8100004196167,9.8100004196167,560
2018-10-29,9.84000015258789,9.84000015258789,9.600000381469727,9.600000381469727,9.600000381469727,1520
2018-10-30,9.600000381469727,9.600000381469727,9.399999618530273,9.547499656677246,9.547499656677246,4002
2018-10-31,9.359999656677246,9.731200218200684,9.359999656677246,9.731200218200684,9.731200218200684,300
2018-11-01,9.399999618530273,9.399999618530273,9.0,9.010000228881836,9.010000228881836,2104
2018-11-02,9.0,9.361599922180176,9.0,9.361599922180176,9.361599922180176,1761
2018-11-05,9.390000343322754,9.567000389099121,9.350000381469727,9.567000389099121,9.567000389099121,1726
2018-11-06,9.567000389099121,9.567000389099121,9.567000389099121,9.567000389099121,9.567000389099121,0
2018-11-07,9.567000389099121,9.567000389099121,9.567000389099121,9.567000389099121,9.567000389099121,0
2018-11-08,9.13010025024414,9.13010025024414,9.069999694824219,9.069999694824219,9.069999694824219,802
2018-11-09,9.069999694824219,9.069999694824219,9.010000228881836,9.010000228881836,9.010000228881836,1603
2018-11-12,9.010000228881836,9.010000228881836,9.010000228881836,9.010000228881836,9.010000228881836,0
2018-11-13,9.010000228881836,9.010000228881836,9.010000228881836,9.010000228881836,9.010000228881836,0
2018-11-14,9.010000228881836,9.010000228881836,9.010000228881836,9.010000228881836,9.010000228881836,0
2018-11-15,9.380900382995605,9.380900382995605,9.380900382995605,9.380900382995605,9.380900382995605,120
2018-11-16,9.460000038146973,9.75,9.460000038146973,9.75,9.75,2065
2018-11-19,9.970000267028809,9.970000267028809,9.5,9.679900169372559,9.679900169372559,2247
2018-11-20,9.617300033569336,9.617300033569336,9.617300033569336,9.617300033569336,9.617300033569336,108
2018-11-21,9.5,9.5,9.25,9.25,9.25,1385
2018-11-23,9.449999809265137,9.561599731445312,9.300000190734863,9.399999618530273,9.399999618530273,3529
2018-11-26,9.6899995803833,9.6899995803833,9.319999694824219,9.319999694824219,9.319999694824219,2385
2018-11-27,9.25,9.25,9.149999618530273,9.239999771118164,9.239999771118164,2370
2018-11-28,9.239999771118164,9.239999771118164,9.233699798583984,9.233699798583984,9.233699798583984,523
2018-11-29,9.233699798583984,9.233699798583984,9.233699798583984,9.233699798583984,9.233699798583984,0
2018-11-30,9.233699798583984,9.233699798583984,9.233699798583984,9.233699798583984,9.233699798583984,0
2018-12-03,9.17710018157959,9.222999572753906,9.17710018157959,9.222999572753906,9.222999572753906,726
2018-12-04,9.222999572753906,9.222999572753906,9.222999572753906,9.222999572753906,9.222999572753906,0
2018-12-06,9.149999618530273,9.149999618530273,8.760000228881836,8.760000228881836,8.760000228881836,2897
2018-12-07,8.510000228881836,8.920000076293945,8.510000228881836,8.600000381469727,8.600000381469727,2800
2018-12-10,8.699999809265137,9.239999771118164,8.699999809265137,9.239999771118164,9.239999771118164,2123
2018-12-11,8.510000228881836,8.510000228881836,8.510000228881836,8.510000228881836,8.510000228881836,435
2018-12-12,8.359999656677246,8.359999656677246,8.359999656677246,8.359999656677246,8.359999656677246,163
2018-12-13,8.15999984741211,8.15999984741211,8.010000228881836,8.010000228881836,8.010000228881836,773
2018-12-14,8.010000228881836,8.010000228881836,7.699999809265137,7.800000190734863,7.800000190734863,1335
2018-12-17,7.75,7.75,7.75,7.75,7.75,737
2018-12-18,7.610000133514404,7.710000038146973,7.510000228881836,7.559999942779541,7.559999942779541,1838
2018-12-19,8.0,8.0,7.199999809265137,7.199999809265137,7.199999809265137,2708
2018-12-20,7.199999809265137,7.199999809265137,7.199999809265137,7.199999809265137,7.199999809265137,0
2018-12-21,5.760000228881836,6.119999885559082,5.760000228881836,6.119999885559082,6.119999885559082,758
2018-12-24,6.119999885559082,6.119999885559082,6.119999885559082,6.119999885559082,6.119999885559082,0
2018-12-26,6.349999904632568,7.690000057220459,6.349999904632568,7.079999923706055,7.079999923706055,1864
2018-12-27,7.449999809265137,7.449999809265137,6.906599998474121,6.906599998474121,6.906599998474121,1011
2018-12-28,5.860000133514404,7.199999809265137,5.809999942779541,6.550000190734863,6.550000190734863,2088
2018-12-31,6.699999809265137,6.699999809265137,6.0,6.130000114440918,6.130000114440918,37690
2019-01-02,6.130000114440918,6.130000114440918,6.130000114440918,6.130000114440918,6.130000114440918,0
2019-01-03,6.139999866485596,6.139999866485596,6.050000190734863,6.050000190734863,6.050000190734863,661
2019-01-04,6.481200218200684,6.484000205993652,6.449999809265137,6.449999809265137,6.449999809265137,1545
2019-01-07,7.800000190734863,8.210000038146973,7.38640022277832,7.38640022277832,7.38640022277832,1113
2019-01-08,7.5,7.5,7.5,7.5,7.5,212
2019-01-09,7.5,7.999899864196777,7.5,7.989999771118164,7.989999771118164,1774
2019-01-10,7.989999771118164,8.739999771118164,7.670000076293945,7.71999979019165,7.71999979019165,4448
2019-01-11,6.949999809265137,6.949999809265137,6.949999809265137,6.949999809265137,6.949999809265137,100
2019-01-14,7.309999942779541,7.718999862670898,7.309999942779541,7.427700042724609,7.427700042724609,1543
2019-01-15,7.480000019073486,7.480000019073486,7.420000076293945,7.420000076293945,7.420000076293945,3009
2019-01-16,7.550000190734863,7.989999771118164,7.550000190734863,7.599999904632568,7.599999904632568,3056
2019-01-17,7.599999904632568,7.679999828338623,7.550000190734863,7.550000190734863,7.550000190734863,3629
2019-01-18,7.449999809265137,7.619999885559082,7.349999904632568,7.349999904632568,7.349999904632568,1746
2019-01-22,7.5,7.599999904632568,7.5,7.553999900817871,7.553999900817871,4891
2019-01-23,7.599999904632568,7.599999904632568,7.349999904632568,7.349999904632568,7.349999904632568,8433
2019-01-24,7.380000114440918,7.510000228881836,7.315000057220459,7.315000057220459,7.315000057220459,6511
2019-01-25,7.322700023651123,7.599899768829346,7.0,7.5,7.5,8313
2019-01-28,7.5,7.5,7.5,7.5,7.5,3325
2019-01-29,7.150000095367432,7.202700138092041,6.150000095367432,7.102700233459473,7.102700233459473,10761
2019-01-30,7.590000152587891,7.590000152587891,7.349999904632568,7.409999847412109,7.409999847412109,4958
2019-01-31,7.539000034332275,7.539000034332275,7.409999847412109,7.409999847412109,7.409999847412109,1565
2019-02-01,7.400000095367432,7.4984002113342285,7.25,7.300000190734863,7.300000190734863,4968
2019-02-04,7.309999942779541,7.5,7.070000171661377,7.170000076293945,7.170000076293945,2270
2019-02-05,7.300000190734863,7.4899001121521,7.300000190734863,7.4899001121521,7.4899001121521,3144
2019-02-06,7.489999771118164,7.489999771118164,7.489999771118164,7.489999771118164,7.489999771118164,111
2019-02-07,7.682700157165527,7.989999771118164,7.235499858856201,7.480000019073486,7.480000019073486,3833
2019-02-08,7.356299877166748,7.409999847412109,7.150000095367432,7.300000190734863,7.300000190734863,4595
2019-02-11,7.300000190734863,8.359999656677246,7.300000190734863,7.599999904632568,7.599999904632568,2391
2019-02-12,7.456600189208984,7.499899864196777,7.400000095367432,7.400000095367432,7.400000095367432,1235
2019-02-13,7.492700099945068,7.5,7.3927001953125,7.3927001953125,7.3927001953125,1346
2019-02-14,7.760000228881836,7.760000228881836,7.340700149536133,7.349999904632568,7.349999904632568,1935
2019-02-15,7.480000019073486,7.53000020980835,7.289999961853027,7.289999961853027,7.289999961853027,2168
2019-02-19,7.889999866485596,7.889999866485596,7.0,7.309999942779541,7.309999942779541,7505
2019-02-20,7.309999942779541,7.309999942779541,7.309999942779541,7.309999942779541,7.309999942779541,0
2019-02-21,7.010000228881836,7.400000095367432,7.010000228881836,7.199999809265137,7.199999809265137,7106
2019-02-22,7.25,7.599999904632568,7.25,7.480000019073486,7.480000019073486,5409
2019-02-25,7.732500076293945,7.732500076293945,7.239999771118164,7.519999980926514,7.519999980926514,12826
2019-02-26,7.5,8.0649995803833,7.5,7.769999980926514,7.769999980926514,14582
2019-02-27,7.75,7.849999904632568,7.659999847412109,7.739999771118164,7.739999771118164,6006
2019-02-28,7.699999809265137,7.900000095367432,7.539999961853027,7.630000114440918,7.630000114440918,9327
2019-03-01,7.769999980926514,8.149999618530273,7.71999979019165,7.71999979019165,7.71999979019165,4024
2019-03-04,7.800000190734863,7.871300220489502,7.638899803161621,7.659999847412109,7.659999847412109,7638
2019-03-05,7.739999771118164,8.050000190734863,7.2480998039245605,7.3572998046875,7.3572998046875,12453
2019-03-06,7.409999847412109,7.690000057220459,7.400000095367432,7.690000057220459,7.690000057220459,3043
2019-03-07,8.182700157165527,8.182700157165527,7.400000095367432,7.679999828338623,7.679999828338623,9957
2019-03-08,7.832699775695801,7.900000095367432,7.400000095367432,7.760000228881836,7.760000228881836,24764
2019-03-11,7.840000152587891,8.205400466918945,7.705599784851074,8.050000190734863,8.050000190734863,6172
2019-03-12,8.300000190734863,8.350000381469727,7.911200046539307,7.949900150299072,7.949900150299072,5430
2019-03-13,8.199999809265137,8.199999809265137,7.690000057220459,7.925000190734863,7.925000190734863,3759
2019-03-14,7.690000057220459,8.187000274658203,7.5,7.699999809265137,7.699999809265137,15809
2019-03-15,8.133899688720703,8.133899688720703,7.604899883270264,8.050000190734863,8.050000190734863,5133
2019-03-18,7.75,7.980800151824951,7.550000190734863,7.710000038146973,7.710000038146973,8867
2019-03-19,7.619999885559082,7.988999843597412,7.580999851226807,7.951399803161621,7.951399803161621,4856
2019-03-20,7.820000171661377,8.149999618530273,7.599999904632568,8.0,8.0,13519
2019-03-21,7.889999866485596,7.889999866485596,7.610000133514404,7.610000133514404,7.610000133514404,3299
2019-03-22,7.699999809265137,7.900000095367432,7.659999847412109,7.849999904632568,7.849999904632568,1558
2019-03-25,7.832300186157227,7.832300186157227,7.829999923706055,7.829999923706055,7.829999923706055,333
2019-03-26,7.7270002365112305,7.820000171661377,7.7270002365112305,7.75,7.75,1265
2019-03-27,7.670000076293945,7.920000076293945,7.670000076293945,7.851799964904785,7.851799964904785,1370
2019-03-28,7.705399990081787,7.8144001960754395,7.705399990081787,7.789999961853027,7.789999961853027,3360
2019-03-29,7.75,7.885700225830078,7.650000095367432,7.75,7.75,4358
2019-04-01,7.8420000076293945,8.802800178527832,7.8420000076293945,8.324899673461914,8.324899673461914,42891
2019-04-02,8.539999961853027,8.539999961853027,7.911399841308594,8.199999809265137,8.199999809265137,18405
2019-04-03,8.279999732971191,9.047800064086914,8.279999732971191,8.899999618530273,8.899999618530273,9344
2019-04-04,9.105999946594238,9.702400207519531,8.829999923706055,9.58899974822998,9.58899974822998,10102
2019-04-05,9.670000076293945,9.670000076293945,8.847800254821777,8.963800430297852,8.963800430297852,23553
2019-04-08,9.140000343322754,9.75,9.0,9.711799621582031,9.711799621582031,3400
2019-04-09,9.819999694824219,11.285499572753906,9.819999694824219,11.220000267028809,11.220000267028809,11641
2019-04-10,12.12399959564209,12.19950008392334,11.27560043334961,11.657999992370605,11.657999992370605,13079
2019-04-11,12.180000305175781,12.180000305175781,11.029999732971191,12.180000305175781,12.180000305175781,16436
2019-04-12,12.15999984741211,12.15999984741211,10.859999656677246,11.329999923706055,11.329999923706055,7963
2019-04-15,11.125,11.499899864196777,11.125,11.341400146484375,11.341400146484375,3417
2019-04-16,13.100000381469727,13.100000381469727,11.373600006103516,11.40999984741211,11.40999984741211,36012
2019-04-17,12.75,14.0,11.293999671936035,12.789999961853027,12.789999961853027,39245
2019-04-18,13.75,13.75,12.850299835205078,13.5,13.5,22697
2019-04-22,13.569999694824219,13.569999694824219,13.149999618530273,13.224599838256836,13.224599838256836,9154
2019-04-23,13.399999618530273,13.399999618530273,12.350000381469727,12.989999771118164,12.989999771118164,8732
2019-04-24,12.760000228881836,12.760000228881836,11.399999618530273,11.550000190734863,11.550000190734863,16546
2019-04-25,11.390000343322754,11.999899864196777,11.010100364685059,11.550000190734863,11.550000190734863,7541
2019-04-26,11.170000076293945,11.170000076293945,10.449999809265137,10.550000190734863,10.550000190734863,6750
2019-04-29,10.460000038146973,10.5,10.132399559020996,10.149999618530273,10.149999618530273,2528
2019-04-30,10.029999732971191,10.90250015258789,9.899299621582031,10.149999618530273,10.149999618530273,13754
2019-05-01,10.24120044708252,10.24120044708252,10.100000381469727,10.100000381469727,10.100000381469727,2347
2019-05-02,10.496999740600586,10.5,10.25,10.379899978637695,10.379899978637695,2516
2019-05-03,10.960000038146973,11.096099853515625,10.770000457763672,11.096099853515625,11.096099853515625,1940
2019-05-06,10.552499771118164,10.552499771118164,10.534099578857422,10.550000190734863,10.550000190734863,2198
2019-05-07,11.289999961853027,11.599699974060059,11.217399597167969,11.474300384521484,11.474300384521484,5683
2019-05-08,11.590700149536133,11.590700149536133,10.520099639892578,10.520099639892578,10.520099639892578,1830
2019-05-09,11.300000190734863,11.5,11.300000190734863,11.44729995727539,11.44729995727539,7349
2019-05-10,12.151200294494629,12.151200294494629,12.151200294494629,12.151200294494629,12.151200294494629,434
2019-05-13,11.79990005493164,12.726799964904785,11.640000343322754,11.899999618530273,11.899999618530273,3004
2019-05-14,11.75,11.75,11.25,11.356499671936035,11.356499671936035,4806
2019-05-15,11.369999885559082,11.5,11.350000381469727,11.350000381469727,11.350000381469727,1431
2019-05-16,11.434800148010254,11.434800148010254,10.899999618530273,11.149999618530273,11.149999618530273,1195
2019-05-17,11.109199523925781,11.336000442504883,11.109199523925781,11.336000442504883,11.336000442504883,653
2019-05-20,11.099900245666504,11.130000114440918,11.070099830627441,11.100000381469727,11.100000381469727,1371
2019-05-21,11.300000190734863,11.300000190734863,11.0,11.199999809265137,11.199999809265137,1385
2019-05-22,11.5,12.149999618530273,11.5,12.092499732971191,12.092499732971191,1982
2019-05-23,11.520000457763672,11.819999694824219,11.5,11.50790023803711,11.50790023803711,1859
2019-05-24,12.380000114440918,12.380000114440918,11.5,12.193699836730957,12.193699836730957,12173
2019-05-28,11.989999771118164,11.989999771118164,11.329999923706055,11.520000457763672,11.520000457763672,3233
2019-05-29,11.744999885559082,11.744999885559082,11.460000038146973,11.510000228881836,11.510000228881836,3657
2019-05-30,11.949999809265137,11.949999809265137,11.479999542236328,11.899999618530273,11.899999618530273,982
2019-05-31,11.74429988861084,11.850000381469727,11.510000228881836,11.850000381469727,11.850000381469727,2268
2019-06-03,11.970000267028809,11.970000267028809,11.970000267028809,11.970000267028809,11.970000267028809,362
2019-06-04,11.800000190734863,11.800000190734863,11.700200080871582,11.700200080871582,11.700200080871582,3088
2019-06-05,11.699999809265137,11.699999809265137,11.600000381469727,11.600000381469727,11.600000381469727,1594
2019-06-06,11.640000343322754,11.913700103759766,11.57610034942627,11.913700103759766,11.913700103759766,4978
2019-06-07,11.90999984741211,11.90999984741211,11.59000015258789,11.600000381469727,11.600000381469727,1882
2019-06-10,11.920000076293945,11.920000076293945,11.619999885559082,11.64799976348877,11.64799976348877,1775
2019-06-11,11.920000076293945,11.920000076293945,11.920000076293945,11.920000076293945,11.920000076293945,463
2019-06-12,11.920000076293945,11.920000076293945,11.680000305175781,11.899999618530273,11.899999618530273,1411
2019-06-13,11.710000038146973,11.710000038146973,11.5,11.649999618530273,11.649999618530273,3668
2019-06-14,11.699999809265137,11.789999961853027,11.5,11.711199760437012,11.711199760437012,5650
2019-06-17,11.920000076293945,11.920000076293945,11.5,11.5,11.5,697
2019-06-18,11.529999732971191,11.609999656677246,11.5,11.5,11.5,450
2019-06-19,11.5,11.789999961853027,11.25,11.25,11.25,1731
2019-06-20,11.9399995803833,11.9399995803833,11.385600090026855,11.550000190734863,11.550000190734863,5128
2019-06-21,11.949999809265137,11.949999809265137,11.949999809265137,11.949999809265137,11.949999809265137,294
2019-06-24,11.749899864196777,11.749899864196777,11.220600128173828,11.220600128173828,11.220600128173828,1435
2019-06-25,11.656299591064453,11.699999809265137,11.460000038146973,11.460000038146973,11.460000038146973,2895
2019-06-26,11.800000190734863,11.859999656677246,11.779999732971191,11.850000381469727,11.850000381469727,2209
2019-06-27,11.949999809265137,11.949999809265137,11.949999809265137,11.949999809265137,11.949999809265137,506
2019-06-28,11.843899726867676,11.899999618530273,11.5,11.739999771118164,11.739999771118164,1789
2019-07-01,11.739999771118164,11.739999771118164,11.739999771118164,11.739999771118164,11.739999771118164,0
2019-07-02,11.739999771118164,11.739999771118164,11.739999771118164,11.739999771118164,11.739999771118164,0
2019-07-03,11.680000305175781,11.75,11.464200019836426,11.619999885559082,11.619999885559082,2409
2019-07-05,11.543999671936035,11.543999671936035,11.268500328063965,11.268500328063965,11.268500328063965,288
2019-07-08,11.199999809265137,11.26990032196045,10.960000038146973,11.26990032196045,11.26990032196045,2607
2019-07-09,10.949999809265137,10.960000038146973,10.010000228881836,10.86989974975586,10.86989974975586,4550
2019-07-10,10.859999656677246,10.859999656677246,10.850000381469727,10.859999656677246,10.859999656677246,520
2019-07-11,10.5,10.803799629211426,10.25,10.350000381469727,10.350000381469727,3464
2019-07-12,10.300000190734863,10.300000190734863,10.0,10.068499565124512,10.068499565124512,3108
2019-07-15,9.960000038146973,10.225600242614746,9.928899765014648,10.225600242614746,10.225600242614746,2011
2019-07-16,10.220000267028809,10.220000267028809,9.989999771118164,9.989999771118164,9.989999771118164,588
2019-07-17,10.630000114440918,10.630000114440918,10.5,10.5,10.5,568
2019-07-18,10.5600004196167,10.5600004196167,10.212300300598145,10.212300300598145,10.212300300598145,1132
2019-07-19,10.109999656677246,10.199999809265137,9.920000076293945,10.050000190734863,10.050000190734863,5114
2019-07-22,10.199999809265137,10.199999809265137,9.989999771118164,10.047300338745117,10.047300338745117,3019
2019-07-23,10.199600219726562,10.202699661254883,10.0600004196167,10.0600004196167,10.0600004196167,1102
2019-07-24,10.100000381469727,10.149999618530273,10.100000381469727,10.149999618530273,10.149999618530273,711
2019-07-25,9.9399995803833,9.9399995803833,9.9399995803833,9.9399995803833,9.9399995803833,325
2019-07-26,10.199999809265137,10.5,10.0,10.5,10.5,918
2019-07-29,10.399999618530273,10.399999618530273,9.930000305175781,9.930000305175781,9.930000305175781,2974
2019-07-30,9.930000305175781,9.930000305175781,9.930000305175781,9.930000305175781,9.930000305175781,0
2019-07-31,10.0,10.524100303649902,9.97249984741211,9.97249984741211,9.97249984741211,2689
2019-08-01,10.180000305175781,10.180000305175781,10.0,10.0,10.0,420
2019-08-02,9.971400260925293,9.971400260925293,9.971400260925293,9.971400260925293,9.971400260925293,212
2019-08-05,9.850000381469727,9.850000381469727,9.199999809265137,9.600000381469727,9.600000381469727,3821
2019-08-06,9.569999694824219,9.569999694824219,9.114999771118164,9.399999618530273,9.399999618530273,8582
2019-08-07,9.199999809265137,9.346500396728516,9.080100059509277,9.300000190734863,9.300000190734863,1810
2019-08-08,9.300100326538086,9.300100326538086,9.300100326538086,9.300100326538086,9.300100326538086,474
2019-08-09,9.390000343322754,9.699999809265137,9.320099830627441,9.699999809265137,9.699999809265137,1624
2019-08-12,9.564200401306152,9.564200401306152,9.564200401306152,9.564200401306152,9.564200401306152,124
2019-08-13,9.100000381469727,9.388500213623047,9.100000381469727,9.298199653625488,9.298199653625488,1352
2019-08-14,9.079999923706055,9.149999618530273,9.079999923706055,9.149999618530273,9.149999618530273,1934
2019-08-15,9.109999656677246,9.460000038146973,9.079999923706055,9.199999809265137,9.199999809265137,10276
2019-08-16,9.100000381469727,9.199999809265137,9.079999923706055,9.149999618530273,9.149999618530273,5514
2019-08-19,9.5,9.5,8.800000190734863,8.934900283813477,8.934900283813477,7288
2019-08-20,8.670000076293945,8.6899995803833,8.550000190734863,8.6899995803833,8.6899995803833,1765
2019-08-21,8.5378999710083,8.710000038146973,8.05270004272461,8.25,8.25,11505
2019-08-22,8.5,8.5,8.25,8.25,8.25,578
2019-08-23,8.789999961853027,9.970000267028809,8.5,9.069999694824219,9.069999694824219,10979
2019-08-26,9.0,9.069999694824219,8.510000228881836,8.510000228881836,8.510000228881836,12946
2019-08-27,8.779999732971191,8.779999732971191,8.600000381469727,8.600000381469727,8.600000381469727,1169
2019-08-28,8.600000381469727,8.64900016784668,8.600000381469727,8.623200416564941,8.623200416564941,1842
2019-08-29,8.649999618530273,9.5,8.649999618530273,8.850000381469727,8.850000381469727,3034
2019-08-30,8.600000381469727,8.702199935913086,8.300000190734863,8.658499717712402,8.658499717712402,5796
2019-09-03,8.270000457763672,8.270000457763672,7.400000095367432,7.400000095367432,7.400000095367432,12913
2019-09-04,7.680099964141846,7.866300106048584,7.680099964141846,7.829999923706055,7.829999923706055,2026
2019-09-05,7.400000095367432,7.603300094604492,7.050000190734863,7.199999809265137,7.199999809265137,9888
2019-09-06,7.300000190734863,7.320000171661377,7.197299957275391,7.199999809265137,7.199999809265137,2312
2019-09-09,7.200099945068359,7.550000190734863,7.200099945068359,7.464900016784668,7.464900016784668,2866
2019-09-10,7.130000114440918,7.409999847412109,7.010000228881836,7.130000114440918,7.130000114440918,5486
2019-09-11,7.050000190734863,7.449999809265137,7.050000190734863,7.25,7.25,3810
2019-09-12,7.059999942779541,7.21999979019165,7.059999942779541,7.21999979019165,7.21999979019165,692
2019-09-13,7.21999979019165,7.21999979019165,7.21999979019165,7.21999979019165,7.21999979019165,0
2019-09-16,7.199999809265137,7.25,7.070000171661377,7.079999923706055,7.079999923706055,2268
2019-09-17,7.4517998695373535,7.464000225067139,7.260000228881836,7.300000190734863,7.300000190734863,3928
2019-09-18,7.349999904632568,7.349999904632568,7.150000095367432,7.2104997634887695,7.2104997634887695,1730
2019-09-19,7.119999885559082,7.119999885559082,6.745200157165527,7.099999904632568,7.099999904632568,11312
2019-09-20,6.949999809265137,6.980000019073486,6.728000164031982,6.840000152587891,6.840000152587891,9661
2019-09-23,6.821899890899658,6.921899795532227,6.821899890899658,6.877200126647949,6.877200126647949,1266
2019-09-24,6.460000038146973,6.870699882507324,6.4496002197265625,6.4496002197265625,6.4496002197265625,4865
2019-09-25,6.409999847412109,6.5,6.409999847412109,6.5,6.5,558
2019-09-26,6.780099868774414,6.780099868774414,6.360000133514404,6.409999847412109,6.409999847412109,3532
2019-09-27,6.578000068664551,6.578000068664551,6.578000068664551,6.578000068664551,6.578000068664551,201
2019-09-30,6.939499855041504,6.939499855041504,6.900000095367432,6.900000095367432,6.900000095367432,794
2019-10-01,6.521999835968018,6.558700084686279,6.521999835968018,6.558700084686279,6.558700084686279,848
2019-10-02,6.800000190734863,6.880000114440918,6.724699974060059,6.880000114440918,6.880000114440918,3323
2019-10-03,6.659999847412109,6.659999847412109,6.050000190734863,6.457900047302246,6.457900047302246,4964
2019-10-04,6.46999979019165,6.46999979019165,6.400000095367432,6.449999809265137,6.449999809265137,560
2019-10-07,6.349999904632568,6.5,6.347700119018555,6.5,6.5,2255
2019-10-08,6.401100158691406,6.510000228881836,6.050099849700928,6.396500110626221,6.396500110626221,3827
2019-10-09,6.460000038146973,6.699999809265137,6.210000038146973,6.210000038146973,6.210000038146973,5159
2019-10-10,6.179999828338623,6.201000213623047,6.176000118255615,6.201000213623047,6.201000213623047,1946
2019-10-11,6.300000190734863,6.829999923706055,6.300000190734863,6.5,6.5,10196
2019-10-14,6.5,6.5,6.300000190734863,6.489999771118164,6.489999771118164,1822
2019-10-15,6.460000038146973,6.5,6.460000038146973,6.5,6.5,371
2019-10-16,6.590000152587891,6.781300067901611,6.590000152587891,6.779900074005127,6.779900074005127,2020
2019-10-17,7.050899982452393,9.010000228881836,7.050899982452393,8.737000465393066,8.737000465393066,5204
2019-10-18,8.25,8.25,7.639999866485596,7.86329984664917,7.86329984664917,2966
2019-10-21,7.75,8.25,7.71999979019165,7.769999980926514,7.769999980926514,3421
2019-10-22,7.880000114440918,8.199999809265137,7.880000114440918,8.077300071716309,8.077300071716309,2558
2019-10-23,7.880000114440918,7.880000114440918,7.860000133514404,7.869999885559082,7.869999885559082,1348
2019-10-24,8.0,8.300000190734863,7.880000114440918,8.289999961853027,8.289999961853027,8352
2019-10-25,8.300000190734863,8.550000190734863,8.300000190734863,8.357999801635742,8.357999801635742,3033
2019-10-28,8.539999961853027,9.130000114440918,8.479999542236328,8.789999961853027,8.789999961853027,7529
2019-10-29,8.699999809265137,8.699999809265137,8.399999618530273,8.550000190734863,8.550000190734863,3064
2019-10-30,8.600000381469727,8.600000381469727,8.068699836730957,8.199999809265137,8.199999809265137,5371
2019-10-31,8.210000038146973,8.239999771118164,8.17140007019043,8.201399803161621,8.201399803161621,2557
2019-11-01,8.14900016784668,8.175000190734863,7.900000095367432,7.909999847412109,7.909999847412109,3160
2019-11-04,7.940000057220459,8.0649995803833,7.849999904632568,7.860000133514404,7.860000133514404,2673
2019-11-05,7.860000133514404,7.860000133514404,7.860000133514404,7.860000133514404,7.860000133514404,0
2019-11-06,7.900000095367432,8.0649995803833,7.847700119018555,7.900000095367432,7.900000095367432,2527
2019-11-07,8.239999771118164,8.239999771118164,7.849999904632568,7.849999904632568,7.849999904632568,1162
2019-11-08,7.800000190734863,7.800000190734863,7.309999942779541,7.529399871826172,7.529399871826172,2659
2019-11-11,7.539999961853027,7.849999904632568,7.53000020980835,7.849999904632568,7.849999904632568,2282
2019-11-12,7.702700138092041,7.824999809265137,7.679999828338623,7.679999828338623,7.679999828338623,2334
2019-11-13,7.380000114440918,7.5,7.0,7.0,7.0,2913
2019-11-14,7.059999942779541,7.150000095367432,7.059999942779541,7.150000095367432,7.150000095367432,1920
2019-11-15,7.050000190734863,7.071100234985352,7.050000190734863,7.071100234985352,7.071100234985352,2729
2019-11-18,7.0,7.050000190734863,7.0,7.050000190734863,7.050000190734863,2016
2019-11-19,7.0,7.039999961853027,7.0,7.039999961853027,7.039999961853027,1893
2019-11-20,7.162399768829346,7.162399768829346,7.0,7.0,7.0,557
2019-11-21,7.0,7.0,7.0,7.0,7.0,0
2019-11-22,7.0507001876831055,7.0507001876831055,7.050000190734863,7.050000190734863,7.050000190734863,958
2019-11-25,7.059999942779541,7.447700023651123,7.059999942779541,7.210000038146973,7.210000038146973,1008
2019-11-26,7.070000171661377,7.980500221252441,7.070000171661377,7.510000228881836,7.510000228881836,10277
2019-11-27,7.699999809265137,8.039999961853027,7.650000095367432,7.652699947357178,7.652699947357178,5406
2019-11-29,8.010000228881836,8.010000228881836,7.650000095367432,7.650000095367432,7.650000095367432,1344
2019-12-02,7.610000133514404,7.650000095367432,7.550000190734863,7.550000190734863,7.550000190734863,2061
2019-12-03,7.34089994430542,7.4822001457214355,7.070000171661377,7.070000171661377,7.070000171661377,2834
2019-12-04,7.150000095367432,7.619999885559082,7.080399990081787,7.080399990081787,7.080399990081787,3110
2019-12-05,7.36299991607666,7.619999885559082,7.119999885559082,7.619999885559082,7.619999885559082,3628
2019-12-06,7.699999809265137,7.699999809265137,7.5,7.5,7.5,13379
2019-12-09,7.630000114440918,7.635000228881836,7.438199996948242,7.438199996948242,7.438199996948242,2957
2019-12-10,7.550000190734863,7.639999866485596,7.445000171661377,7.559999942779541,7.559999942779541,4264
2019-12-11,7.949999809265137,7.949999809265137,7.300000190734863,7.639999866485596,7.639999866485596,6344
2019-12-12,7.639999866485596,7.639999866485596,7.599999904632568,7.599999904632568,7.599999904632568,3265
2019-12-13,7.639999866485596,7.960000038146973,7.639999866485596,7.958000183105469,7.958000183105469,1799
2019-12-16,7.960000038146973,8.539999961853027,7.600100040435791,8.371800422668457,8.371800422668457,6444
2019-12-17,8.34000015258789,8.34000015258789,7.639999866485596,8.180000305175781,8.180000305175781,4528
2019-12-18,8.260000228881836,8.34000015258789,7.916999816894531,8.34000015258789,8.34000015258789,5840
2019-12-19,8.260000228881836,8.260000228881836,7.769999980926514,7.78000020980835,7.78000020980835,5756
2019-12-20,8.190400123596191,8.190400123596191,7.821899890899658,8.15880012512207,8.15880012512207,1248
2019-12-23,8.100000381469727,8.100000381469727,7.664100170135498,8.09000015258789,8.09000015258789,5992
2019-12-24,8.100000381469727,8.500699996948242,8.100000381469727,8.154000282287598,8.154000282287598,2887
2019-12-26,8.399999618530273,8.399999618530273,8.31190013885498,8.319999694824219,8.319999694824219,894
2019-12-27,8.199999809265137,8.270000457763672,8.149999618530273,8.260000228881836,8.260000228881836,3400
2019-12-30,8.149999618530273,8.65999984741211,8.149999618530273,8.322999954223633,8.322999954223633,6489
2019-12-31,8.490400314331055,8.5,8.26039981842041,8.26039981842041,8.26039981842041,3648
2020-01-02,8.312399864196777,8.59280014038086,8.300000190734863,8.300000190734863,8.300000190734863,2741
2020-01-03,8.449999809265137,8.649999618530273,8.350000381469727,8.350000381469727,8.350000381469727,7045
2020-01-06,8.569999694824219,8.600000381469727,8.199999809265137,8.460000038146973,8.460000038146973,7036
2020-01-07,8.418600082397461,8.48639965057373,8.300000190734863,8.300000190734863,8.300000190734863,5074
2020-01-08,8.319999694824219,8.449999809265137,8.319999694824219,8.350000381469727,8.350000381469727,6308
2020-01-09,8.369999885559082,9.344599723815918,8.369999885559082,9.25730037689209,9.25730037689209,5618
2020-01-10,9.300000190734863,9.982199668884277,9.170000076293945,9.760000228881836,9.760000228881836,11046
2020-01-13,9.800000190734863,10.309800148010254,9.800000190734863,10.050000190734863,10.050000190734863,15394
2020-01-14,10.0,10.0,9.429900169372559,9.789999961853027,9.789999961853027,8070
2020-01-15,9.850000381469727,10.0,9.795599937438965,9.949999809265137,9.949999809265137,1518
2020-01-16,9.899999618530273,9.899999618530273,9.5,9.75,9.75,12592
2020-01-17,9.739999771118164,9.739999771118164,9.260000228881836,9.5,9.5,9557
2020-01-21,9.25,10.029999732971191,9.25,9.600000381469727,9.600000381469727,7750
2020-01-22,9.300000190734863,9.5,9.198399543762207,9.198399543762207,9.198399543762207,14026
2020-01-23,9.199999809265137,9.350000381469727,9.0,9.0,9.0,3481
2020-01-24,9.468999862670898,9.468999862670898,9.0,9.0,9.0,2615
2020-01-27,9.0,9.380000114440918,8.976200103759766,8.999899864196777,8.999899864196777,5503
2020-01-28,9.199999809265137,9.199999809265137,8.617199897766113,8.821399688720703,8.821399688720703,5123
2020-01-29,8.640000343322754,8.640000343322754,8.100000381469727,8.325499534606934,8.325499534606934,6702
2020-01-30,8.449999809265137,8.699999809265137,8.302000045776367,8.5,8.5,7173
2020-01-31,8.5,8.5,8.374699592590332,8.374699592590332,8.374699592590332,9752
2020-02-03,8.374699592590332,8.374699592590332,8.374699592590332,8.374699592590332,8.374699592590332,0
2020-02-04,8.34000015258789,8.479900360107422,8.100000381469727,8.430000305175781,8.430000305175781,10925
2020-02-05,8.264599800109863,8.264599800109863,8.264599800109863,8.264599800109863,8.264599800109863,392
2020-02-06,8.270000457763672,8.839200019836426,8.270000457763672,8.514300346374512,8.514300346374512,1548
2020-02-07,8.850000381469727,8.949999809265137,8.328800201416016,8.328800201416016,8.328800201416016,2986
2020-02-10,8.25,8.66759967803955,8.25,8.444100379943848,8.444100379943848,2280
2020-02-11,8.600000381469727,8.600000381469727,8.291899681091309,8.291899681091309,8.291899681091309,1988
2020-02-12,8.565999984741211,8.789400100708008,8.565999984741211,8.655900001525879,8.655900001525879,2096
2020-02-13,8.8100004196167,8.8100004196167,8.600000381469727,8.600000381469727,8.600000381469727,2366
2020-02-14,8.600000381469727,8.789999961853027,8.399999618530273,8.600000381469727,8.600000381469727,6187
2020-02-18,8.8100004196167,8.9399995803833,8.722399711608887,8.800000190734863,8.800000190734863,6586
2020-02-19,8.930000305175781,8.930000305175781,8.40999984741211,8.460000038146973,8.460000038146973,14687
2020-02-20,8.460000038146973,8.460000038146973,8.35219955444336,8.399999618530273,8.399999618530273,7100
2020-02-21,8.390000343322754,8.800000190734863,8.390000343322754,8.800000190734863,8.800000190734863,4795
2020-02-24,8.970000267028809,8.970000267028809,8.390000343322754,8.640000343322754,8.640000343322754,8967
2020-02-25,8.399999618530273,8.420000076293945,8.149999618530273,8.149999618530273,8.149999618530273,9430
2020-02-26,8.050000190734863,8.050000190734863,7.650899887084961,7.7083001136779785,7.7083001136779785,7387
2020-02-27,7.869999885559082,7.909999847412109,7.54449987411499,7.909999847412109,7.909999847412109,6125
2020-02-28,7.909999847412109,7.909999847412109,7.309999942779541,7.5,7.5,12393
2020-03-02,7.349999904632568,7.400000095367432,6.809999942779541,7.025000095367432,7.025000095367432,13772
2020-03-03,7.199999809265137,7.199999809265137,7.030099868774414,7.099999904632568,7.099999904632568,1251
2020-03-04,7.809999942779541,8.053999900817871,7.349999904632568,7.710000038146973,7.710000038146973,11537
2020-03-05,7.579999923706055,7.579999923706055,6.909999847412109,7.216599941253662,7.216599941253662,8684
2020-03-06,7.099999904632568,7.150000095367432,7.0,7.050000190734863,7.050000190734863,13272
2020-03-09,6.650000095367432,6.800000190734863,6.329999923706055,6.349999904632568,6.349999904632568,18308
2020-03-10,6.400000095367432,6.679299831390381,6.360000133514404,6.500400066375732,6.500400066375732,15568
2020-03-11,6.723199844360352,6.911200046539307,6.389999866485596,6.389999866485596,6.389999866485596,2255
2020-03-12,6.5,6.5,5.420000076293945,5.599999904632568,5.599999904632568,13770
2020-03-13,5.349999904632568,6.0269999504089355,5.340000152587891,5.710000038146973,5.710000038146973,10430
2020-03-16,5.199999809265137,5.570000171661377,5.0,5.0,5.0,5395
2020-03-17,5.0,5.460000038146973,4.0,5.449999809265137,5.449999809265137,7933
2020-03-18,4.909999847412109,4.909999847412109,4.260000228881836,4.650000095367432,4.650000095367432,9697
2020-03-19,4.409999847412109,4.840000152587891,4.309999942779541,4.550000190734863,4.550000190734863,7427
2020-03-20,4.550000190734863,4.989999771118164,4.349999904632568,4.449999809265137,4.449999809265137,16654
2020-03-23,4.670000076293945,4.670000076293945,4.070000171661377,4.116399765014648,4.116399765014648,15486
2020-03-24,4.119999885559082,4.449999809265137,4.099999904632568,4.300000190734863,4.300000190734863,9077
2020-03-25,4.46999979019165,4.800000190734863,4.231500148773193,4.650000095367432,4.650000095367432,9615
2020-03-26,4.659999847412109,5.150000095367432,4.5,4.786900043487549,4.786900043487549,10360
2020-03-27,4.760000228881836,5.53000020980835,4.75,4.75,4.75,4569
2020-03-30,5.230000019073486,6.5,5.0,5.489999771118164,5.489999771118164,15073
2020-03-31,5.32450008392334,5.32450008392334,5.050000190734863,5.090000152587891,5.090000152587891,5295
2020-04-01,5.029200077056885,5.6539998054504395,5.0,5.489999771118164,5.489999771118164,7367
2020-04-02,5.300000190734863,5.300000190734863,4.789400100708008,4.849999904632568,4.849999904632568,5783
2020-04-03,4.900000095367432,4.96999979019165,4.530099868774414,4.929999828338623,4.929999828338623,4458
2020-04-06,4.908999919891357,5.380000114440918,4.900000095367432,5.000199794769287,5.000199794769287,6893
2020-04-07,5.380000114440918,5.380000114440918,4.949999809265137,5.139999866485596,5.139999866485596,4240
2020-04-08,5.25,5.25,5.175000190734863,5.199999809265137,5.199999809265137,953
2020-04-09,5.199999809265137,5.400000095367432,5.019999980926514,5.019999980926514,5.019999980926514,15199
2020-04-13,5.199999809265137,5.499899864196777,5.019999980926514,5.28000020980835,5.28000020980835,3680
2020-04-14,5.070099830627441,5.400000095367432,5.070099830627441,5.400000095367432,5.400000095367432,4307
2020-04-15,5.400000095367432,5.400000095367432,5.0,5.0,5.0,1057
2020-04-16,5.367800235748291,5.367800235748291,5.194200038909912,5.194200038909912,5.194200038909912,1570
2020-04-17,5.362299919128418,5.362299919128418,5.139699935913086,5.199999809265137,5.199999809265137,1995
2020-04-20,5.300000190734863,5.449900150299072,5.199999809265137,5.26800012588501,5.26800012588501,3655
2020-04-21,5.329999923706055,5.329999923706055,5.010000228881836,5.099999904632568,5.099999904632568,1542
2020-04-22,5.099999904632568,5.239999771118164,5.099999904632568,5.239999771118164,5.239999771118164,1302
2020-04-23,5.042600154876709,5.190000057220459,5.042600154876709,5.150000095367432,5.150000095367432,2673
2020-04-24,5.25,5.25,5.010000228881836,5.067500114440918,5.067500114440918,735
2020-04-27,5.25,6.980000019073486,5.25,6.389999866485596,6.389999866485596,24321
2020-04-28,6.900000095367432,6.900000095367432,6.118599891662598,6.360000133514404,6.360000133514404,11136
2020-04-29,6.179999828338623,6.300000190734863,5.559999942779541,6.299900054931641,6.299900054931641,9035
2020-04-30,6.315700054168701,6.315700054168701,6.098999977111816,6.289999961853027,6.289999961853027,1938
2020-05-01,6.300000190734863,6.919600009918213,6.300000190734863,6.887700080871582,6.887700080871582,2244
2020-05-04,6.5,6.5,5.789999961853027,6.199100017547607,6.199100017547607,4834
2020-05-05,6.25,6.375,5.849999904632568,5.849999904632568,5.849999904632568,4188
2020-05-06,6.019999980926514,6.110000133514404,6.019999980926514,6.109799861907959,6.109799861907959,1531
2020-05-07,6.400000095367432,6.449999809265137,6.400000095367432,6.449999809265137,6.449999809265137,2044
2020-05-08,6.46999979019165,6.699999809265137,6.46999979019165,6.579999923706055,6.579999923706055,2954
2020-05-11,6.699999809265137,7.0,6.699999809265137,6.989999771118164,6.989999771118164,4984
2020-05-12,6.590000152587891,7.012700080871582,6.460000038146973,6.6793999671936035,6.6793999671936035,2889
2020-05-13,6.550000190734863,6.883699893951416,6.099899768829346,6.840000152587891,6.840000152587891,5488
2020-05-14,6.900000095367432,7.200500011444092,6.849999904632568,7.200500011444092,7.200500011444092,9747
2020-05-15,7.139999866485596,7.49970006942749,7.0,7.49970006942749,7.49970006942749,4551
2020-05-18,7.489999771118164,7.639999866485596,7.28000020980835,7.390500068664551,7.390500068664551,6806
2020-05-19,7.570000171661377,7.75,7.2600998878479,7.739999771118164,7.739999771118164,8647
2020-05-20,7.699999809265137,7.840000152587891,7.662099838256836,7.744999885559082,7.744999885559082,3090
2020-05-21,7.570000171661377,7.849999904632568,7.570000171661377,7.8140997886657715,7.8140997886657715,4193
2020-05-22,7.849999904632568,7.849999904632568,7.650000095367432,7.846499919891357,7.846499919891357,10573
2020-05-26,7.889999866485596,7.929999828338623,7.730000019073486,7.760000228881836,7.760000228881836,8833
2020-05-27,7.829999923706055,8.659899711608887,7.813199996948242,8.100000381469727,8.100000381469727,16815
2020-05-28,8.149999618530273,8.399999618530273,7.599999904632568,8.152799606323242,8.152799606323242,30272
2020-05-29,8.050000190734863,8.089099884033203,7.75,7.75,7.75,7989
2020-06-01,7.580599784851074,7.829899787902832,7.300000190734863,7.449999809265137,7.449999809265137,12066
2020-06-02,7.639999866485596,8.130000114440918,7.400000095367432,7.795000076293945,7.795000076293945,8566
2020-06-03,7.849999904632568,8.430000305175781,7.849999904632568,8.351099967956543,8.351099967956543,7457
2020-06-04,8.449999809265137,9.1899995803833,7.960000038146973,8.510000228881836,8.510000228881836,41101
2020-06-05,8.899999618530273,8.9399995803833,8.220000267028809,8.260000228881836,8.260000228881836,19955
2020-06-08,8.260000228881836,8.260000228881836,8.260000228881836,8.260000228881836,8.260000228881836,0
2020-06-09,6.75,6.75,6.289999961853027,6.389999866485596,6.389999866485596,247526
2020-06-10,6.5,6.5,6.300000190734863,6.300000190734863,6.300000190734863,66164
2020-06-11,6.400000095367432,6.400000095367432,6.010000228881836,6.059999942779541,6.059999942779541,62377
2020-06-12,6.28000020980835,6.28000020980835,6.059999942779541,6.15500020980835,6.15500020980835,46585
2020-06-15,6.090000152587891,6.099999904632568,6.050000190734863,6.050000190734863,6.050000190734863,25567
2020-06-16,6.099999904632568,6.25,5.900000095367432,5.949999809265137,5.949999809265137,57492
2020-06-17,6.099899768829346,6.199999809265137,6.019999980926514,6.054999828338623,6.054999828338623,44138
2020-06-18,6.039999961853027,6.199999809265137,6.039999961853027,6.110000133514404,6.110000133514404,29431
2020-06-19,6.230000019073486,6.230000019073486,5.949999809265137,5.96999979019165,5.96999979019165,36162
2020-06-22,6.019999980926514,6.019999980926514,5.849999904632568,5.920000076293945,5.920000076293945,30865
2020-06-23,5.940000057220459,5.9899001121521,5.849999904632568,5.909999847412109,5.909999847412109,51028
2020-06-24,6.010000228881836,6.099899768829346,5.5,5.809999942779541,5.809999942779541,58418
2020-06-25,5.920000076293945,5.952400207519531,5.75,5.75,5.75,8702
2020-06-26,5.670000076293945,5.715000152587891,5.5,5.569200038909912,5.569200038909912,20394
2020-06-29,5.519999980926514,5.739999771118164,5.5,5.614999771118164,5.614999771118164,8466
2020-06-30,5.690000057220459,6.199999809265137,5.554999828338623,5.769999980926514,5.769999980926514,19911
2020-07-01,5.869999885559082,5.9899001121521,5.449999809265137,5.519999980926514,5.519999980926514,37669
2020-07-02,5.820000171661377,5.989999771118164,5.53000020980835,5.570000171661377,5.570000171661377,12723
2020-07-06,5.599999904632568,6.28000020980835,5.599999904632568,6.170000076293945,6.170000076293945,62086
2020-07-07,6.190000057220459,6.199900150299072,6.010000228881836,6.050000190734863,6.050000190734863,10426
2020-07-08,6.150000095367432,6.340000152587891,6.059999942779541,6.230000019073486,6.230000019073486,74735
2020-07-09,6.489999771118164,6.829999923706055,6.400000095367432,6.610000133514404,6.610000133514404,278104
2020-07-10,6.800000190734863,6.849999904632568,6.610000133514404,6.730000019073486,6.730000019073486,185259
2020-07-13,6.639999866485596,6.916999816894531,6.199999809265137,6.239999771118164,6.239999771118164,98496
2020-07-14,6.380000114440918,6.449999809265137,6.099999904632568,6.289999961853027,6.289999961853027,49129
2020-07-15,6.300000190734863,6.429999828338623,6.260000228881836,6.309999942779541,6.309999942779541,27104
2020-07-16,6.449999809265137,6.670000076293945,6.409999847412109,6.599999904632568,6.599999904632568,133598
2020-07-17,6.800000190734863,6.900000095367432,6.71999979019165,6.800000190734863,6.800000190734863,128146
2020-07-20,7.5,7.597899913787842,7.300000190734863,7.429999828338623,7.429999828338623,382507
2020-07-21,7.429999828338623,7.699999809265137,7.349999904632568,7.519999980926514,7.519999980926514,204271
2020-07-22,7.519999980926514,7.711299896240234,7.5,7.590000152587891,7.590000152587891,115402
2020-07-23,7.900000095367432,7.900000095367432,7.5,7.670000076293945,7.670000076293945,197027
2020-07-24,7.789999961853027,7.789999961853027,7.5,7.619999885559082,7.619999885559082,74886
2020-07-27,7.659999847412109,7.800000190734863,7.619999885559082,7.78000020980835,7.78000020980835,115544
2020-07-28,7.78000020980835,7.849999904632568,7.019999980926514,7.139999866485596,7.139999866485596,199789
2020-07-29,7.099999904632568,7.099999904632568,6.550000190734863,6.75,6.75,150166
2020-07-30,6.699999809265137,7.005000114440918,6.659999847412109,6.920000076293945,6.920000076293945,107857
2020-07-31,6.949999809265137,7.139999866485596,6.449999809265137,6.5,6.5,92445
2020-08-03,6.619999885559082,6.619999885559082,6.210000038146973,6.369999885559082,6.369999885559082,125775
2020-08-04,6.409999847412109,6.599999904632568,6.25,6.449999809265137,6.449999809265137,185690
2020-08-05,6.539999961853027,6.599999904632568,6.460000038146973,6.550000190734863,6.550000190734863,73167
2020-08-06,6.539999961853027,6.699999809265137,6.5,6.510000228881836,6.510000228881836,70494
2020-08-07,6.550000190734863,6.6585001945495605,6.329999923706055,6.5,6.5,77464
2020-08-10,6.559999942779541,6.632699966430664,6.449999809265137,6.570000171661377,6.570000171661377,49922
2020-08-11,6.539999961853027,6.699999809265137,6.5,6.510000228881836,6.510000228881836,65099
2020-08-12,6.510000228881836,6.573999881744385,6.150000095367432,6.340000152587891,6.340000152587891,93414
2020-08-13,6.309999942779541,6.559999942779541,6.210000038146973,6.389999866485596,6.389999866485596,43314
2020-08-14,6.389999866485596,6.569900035858154,6.329999923706055,6.440000057220459,6.440000057220459,40014
2020-08-17,6.539999961853027,6.659999847412109,6.369999885559082,6.599999904632568,6.599999904632568,83012
2020-08-18,6.639999866485596,6.699999809265137,6.489999771118164,6.539999961853027,6.539999961853027,38221
2020-08-19,6.619999885559082,6.619999885559082,6.25,6.400000095367432,6.400000095367432,48832
2020-08-20,6.46999979019165,6.480000019073486,6.090000152587891,6.179999828338623,6.179999828338623,59400
2020-08-21,6.179999828338623,6.199999809265137,6.0,6.050000190734863,6.050000190734863,82521
2020-08-24,6.110000133514404,6.139999866485596,5.800000190734863,5.980000019073486,5.980000019073486,65107
2020-08-25,5.949999809265137,6.170000076293945,5.940000057220459,6.079999923706055,6.079999923706055,34341
2020-08-26,6.150000095367432,6.150000095367432,5.820300102233887,6.150000095367432,6.150000095367432,54374
2020-08-27,6.130000114440918,6.25,5.947999954223633,6.190000057220459,6.190000057220459,48124
2020-08-28,6.28000020980835,6.28000020980835,5.849999904632568,6.050000190734863,6.050000190734863,95922
2020-08-31,6.139999866485596,6.28000020980835,5.940000057220459,6.059999942779541,6.059999942779541,67771
2020-09-01,6.010000228881836,6.110000133514404,5.860000133514404,6.099999904632568,6.099999904632568,67292
2020-09-02,6.300000190734863,6.369999885559082,6.099999904632568,6.199999809265137,6.199999809265137,76407
2020-09-03,6.25,6.269999980926514,6.010000228881836,6.190000057220459,6.190000057220459,46400
2020-09-04,6.110000133514404,6.170000076293945,5.869999885559082,6.059999942779541,6.059999942779541,46770
2020-09-08,5.940000057220459,6.110000133514404,5.869999885559082,6.010000228881836,6.010000228881836,60149
2020-09-09,6.050000190734863,6.449999809265137,6.050000190734863,6.400000095367432,6.400000095367432,39502
2020-09-10,6.489999771118164,6.599999904632568,6.480000019073486,6.599999904632568,6.599999904632568,64378
2020-09-11,6.599999904632568,7.25,6.494999885559082,7.050000190734863,7.050000190734863,94802
2020-09-14,7.050000190734863,7.599999904632568,7.019999980926514,7.260000228881836,7.260000228881836,91516
2020-09-15,7.260000228881836,7.630000114440918,7.150100231170654,7.610000133514404,7.610000133514404,81908
2020-09-16,8.0,8.470000267028809,7.923699855804443,8.300000190734863,8.300000190734863,152552
2020-09-17,8.789999961853027,11.699999809265137,8.550000190734863,11.0,11.0,1003406
2020-09-18,11.0,11.0,11.0,11.0,11.0,0
2020-09-21,11.0,11.0,11.0,11.0,11.0,0
2020-09-22,11.0,11.0,11.0,11.0,11.0,0
2020-09-23,11.0,11.0,11.0,11.0,11.0,0
2020-09-24,11.0,11.0,11.0,11.0,11.0,0
2020-09-25,11.0,11.0,11.0,11.0,11.0,0
2020-09-28,36.97999954223633,54.5,26.799999237060547,37.0,37.0,49382542
2020-09-29,31.25,34.5,25.350000381469727,25.3799991607666,25.3799991607666,8076578
2020-09-30,23.360000610351562,27.469999313354492,22.219999313354492,23.420000076293945,23.420000076293945,5746510
2020-10-01,26.299999237060547,27.5,25.209999084472656,25.309999465942383,25.309999465942383,2773318
2020-10-02,23.510000228881836,28.600000381469727,23.299999237060547,26.110000610351562,26.110000610351562,3179064
2020-10-05,29.059999465942383,39.08000183105469,27.5,34.65999984741211,34.65999984741211,11608574
2020-10-06,40.0,49.45000076293945,39.06999969482422,42.0,42.0,16612407
2020-10-07,46.189998626708984,48.95000076293945,41.209999084472656,42.84000015258789,42.84000015258789,6661960
2020-10-08,41.54999923706055,41.79999923706055,36.850101470947266,38.849998474121094,38.849998474121094,2932925
2020-10-09,41.11000061035156,41.5,38.02000045776367,39.11000061035156,39.11000061035156,1461320
2020-10-12,37.0,37.05820083618164,33.79999923706055,34.400001525878906,34.400001525878906,2242207
2020-10-13,32.15999984741211,35.5,32.0,32.0,32.0,1458369
2020-10-14,33.29999923706055,36.790000915527344,33.0,33.709999084472656,33.709999084472656,2607623
2020-10-15,32.099998474121094,33.689998626708984,31.440000534057617,32.79999923706055,32.79999923706055,695979
2020-10-16,33.0099983215332,33.415000915527344,29.500200271606445,30.139999389648438,30.139999389648438,961574
2020-10-19,30.270000457763672,31.5,29.100000381469727,29.200000762939453,29.200000762939453,629138
2020-10-20,29.200000762939453,29.200000762939453,29.200000762939453,29.200000762939453,29.200000762939453,0
2020-10-21,29.200000762939453,29.200000762939453,29.200000762939453,29.200000762939453,29.200000762939453,0
2020-10-22,26.979999542236328,28.850000381469727,25.5,27.010000228881836,27.010000228881836,1822506
2020-10-23,27.260000228881836,27.950000762939453,25.559999465942383,25.780000686645508,25.780000686645508,625485
2020-10-26,25.0,25.950000762939453,23.09000015258789,24.290000915527344,24.290000915527344,710910
2020-10-27,24.200000762939453,24.44499969482422,23.010000228881836,23.299999237060547,23.299999237060547,387471
2020-10-28,22.979999542236328,22.979999542236328,20.739999771118164,21.200000762939453,21.200000762939453,607981
2020-10-29,22.15999984741211,24.01300048828125,21.33169937133789,21.6299991607666,21.6299991607666,850465
2020-10-30,21.850000381469727,22.159799575805664,19.3799991607666,19.940000534057617,19.940000534057617,783525
2020-11-02,20.219999313354492,22.25,20.219999313354492,20.969999313354492,20.969999313354492,732988
2020-11-03,23.700000762939453,25.459999084472656,21.709999084472656,23.8799991607666,23.8799991607666,1755984
2020-11-04,25.290000915527344,25.600000381469727,22.149999618530273,22.450000762939453,22.450000762939453,982208
2020-11-05,23.0,24.850000381469727,22.649999618530273,24.299999237060547,24.299999237060547,1174806
2020-11-06,24.899999618530273,24.989999771118164,22.15999984741211,22.510000228881836,22.510000228881836,788666
2020-11-09,24.600000381469727,24.739999771118164,22.25,22.809999465942383,22.809999465942383,1137775
2020-11-10,23.041500091552734,24.110000610351562,22.100000381469727,23.780000686645508,23.780000686645508,1154740
2020-11-11,23.969999313354492,25.149999618530273,22.8799991607666,24.440000534057617,24.440000534057617,1741121
2020-11-12,24.0,28.700000762939453,23.81999969482422,26.399999618530273,26.399999618530273,3916706
2020-11-13,27.190000534057617,29.600000381469727,25.56999969482422,26.719999313354492,26.719999313354492,2197834
2020-11-16,27.389999389648438,30.739999771118164,26.68000030517578,29.709999084472656,29.709999084472656,1636198
2020-11-17,30.200000762939453,30.25,26.639999389648438,28.010000228881836,28.010000228881836,1428267
2020-11-18,28.479999542236328,28.479999542236328,25.75,25.959999084472656,25.959999084472656,1264113
2020-11-19,26.40999984741211,27.459999084472656,24.510000228881836,27.059999465942383,27.059999465942383,1306385
2020-11-20,26.899999618530273,27.049999237060547,26.030000686645508,26.34000015258789,26.34000015258789,537536
2020-11-23,26.440000534057617,29.0,25.440000534057617,29.0,29.0,1731582
2020-11-24,28.280000686645508,29.5,26.649999618530273,28.3700008392334,28.3700008392334,1290189
2020-11-25,27.790000915527344,29.700000762939453,27.350000381469727,28.690000534057617,28.690000534057617,710986
2020-11-27,29.309999465942383,32.0,28.350000381469727,29.299999237060547,29.299999237060547,1611539
2020-11-30,29.899999618530273,29.899999618530273,27.260000228881836,27.940000534057617,27.940000534057617,837714
2020-12-01,29.0,29.0,25.799999237060547,25.8799991607666,25.8799991607666,847052
2020-12-02,26.09000015258789,26.459999084472656,23.559999465942383,25.75,25.75,901392
2020-12-03,27.0,27.799999237060547,25.899999618530273,26.68000030517578,26.68000030517578,802198
2020-12-04,26.670000076293945,26.898000717163086,25.0,25.389999389648438,25.389999389648438,615384
2020-12-07,25.649999618530273,27.200000762939453,24.6200008392334,26.8799991607666,26.8799991607666,894156
2020-12-08,26.700000762939453,27.41200065612793,25.559999465942383,27.25,27.25,652561
2020-12-09,27.75,28.850000381469727,25.049999237060547,25.940000534057617,25.940000534057617,945893
2020-12-10,25.309999465942383,25.8799991607666,25.0,25.700000762939453,25.700000762939453,485350
2020-12-11,26.209999084472656,26.489999771118164,25.100000381469727,26.0,26.0,569703
2020-12-14,26.09000015258789,26.229999542236328,24.184999465942383,24.850000381469727,24.850000381469727,635574
2020-12-15,25.114999771118164,25.998899459838867,24.386899948120117,25.510000228881836,25.510000228881836,723939
2020-12-16,25.299999237060547,26.25,25.0,26.200000762939453,26.200000762939453,552578
2020-12-17,26.190000534057617,26.8799991607666,25.700000762939453,26.850000381469727,26.850000381469727,481471
2020-12-18,26.469999313354492,29.0,26.450000762939453,28.059999465942383,28.059999465942383,899255
2020-12-21,26.850000381469727,28.020000457763672,26.100000381469727,27.850000381469727,27.850000381469727,500636
2020-12-22,27.5,31.860000610351562,27.5,31.149999618530273,31.149999618530273,2229905
2020-12-23,31.65999984741211,31.81909942626953,28.579999923706055,29.399999618530273,29.399999618530273,1468023
2020-12-24,29.899999618530273,30.469999313354492,27.777599334716797,28.479999542236328,28.479999542236328,477937
2020-12-28,29.200000762939453,30.350000381469727,27.65999984741211,28.06999969482422,28.06999969482422,675016
2020-12-29,28.30389976501465,28.704700469970703,25.360000610351562,27.059999465942383,27.059999465942383,650322
2020-12-30,27.299999237060547,28.75,27.25,27.489999771118164,27.489999771118164,431082
2020-12-31,27.510000228881836,27.702999114990234,25.8700008392334,26.549999237060547,26.549999237060547,666755
2021-01-04,27.510000228881836,29.352800369262695,27.121700286865234,28.649999618530273,28.649999618530273,996174
2021-01-05,29.0,33.13999938964844,28.500200271606445,32.25,32.25,1892624
2021-01-06,32.25,34.400001525878906,29.049999237060547,30.049999237060547,30.049999237060547,1730598
2021-01-07,31.32710075378418,35.18000030517578,31.32710075378418,34.970001220703125,34.970001220703125,1433781
2021-01-08,36.84000015258789,36.95000076293945,31.799999237060547,33.880001068115234,33.880001068115234,1341132
2021-01-11,33.880001068115234,34.290199279785156,32.58000183105469,33.38999938964844,33.38999938964844,425349
2021-01-12,33.25,35.839900970458984,33.04999923706055,34.7599983215332,34.7599983215332,773039
2021-01-13,34.959999084472656,36.70000076293945,34.20000076293945,35.9900016784668,35.9900016784668,719240
2021-01-14,35.83000183105469,41.4900016784668,35.22999954223633,40.0,40.0,2924130
2021-01-15,41.189998626708984,41.5,37.02519989013672,40.90999984741211,40.90999984741211,1284994
2021-01-19,42.560001373291016,48.400001525878906,42.09000015258789,46.130001068115234,46.130001068115234,1815942
2021-01-20,48.95000076293945,49.790000915527344,41.779998779296875,43.900001525878906,43.900001525878906,2033103
2021-01-21,45.20000076293945,49.939998626708984,44.25,49.689998626708984,49.689998626708984,1428193
2021-01-22,47.29999923706055,51.599998474121094,47.119998931884766,48.13999938964844,48.13999938964844,1060338
2021-01-25,50.0,55.499900817871094,47.18000030517578,55.25,55.25,1901476
2021-01-26,57.959999084472656,63.97999954223633,57.189998626708984,60.560001373291016,60.560001373291016,2416385
2021-01-27,57.869998931884766,66.70369720458984,57.099998474121094,62.31999969482422,62.31999969482422,1695398
2021-01-28,59.81999969482422,62.0,51.320899963378906,55.279998779296875,55.279998779296875,1622515
2021-01-29,53.5099983215332,55.15999984741211,49.0,49.68000030517578,49.68000030517578,1241592
2021-02-01,53.79999923706055,54.900001525878906,51.20000076293945,53.869998931884766,53.869998931884766,1057174
2021-02-02,54.413299560546875,54.82720184326172,48.400001525878906,53.310001373291016,53.310001373291016,1180445
2021-02-03,51.810001373291016,54.11000061035156,49.560001373291016,51.5099983215332,51.5099983215332,820484
2021-02-04,51.0,53.45000076293945,47.59000015258789,52.970001220703125,52.970001220703125,1284620
2021-02-05,51.52000045776367,51.95000076293945,49.18000030517578,50.43000030517578,50.43000030517578,732360
2021-02-08,51.4900016784668,58.849998474121094,50.189998626708984,57.70000076293945,57.70000076293945,1529781
2021-02-09,59.15999984741211,61.9900016784668,57.34000015258789,59.619998931884766,59.619998931884766,989641
2021-02-10,59.70000076293945,60.970001220703125,56.0099983215332,58.810001373291016,58.810001373291016,682417
2021-02-11,58.08000183105469,58.2400016784668,53.0629997253418,53.7400016784668,53.7400016784668,775507
2021-02-12,54.16999816894531,57.88999938964844,52.130001068115234,56.38999938964844,56.38999938964844,741669
2021-02-16,58.130001068115234,62.70989990234375,58.099998474121094,60.5099983215332,60.5099983215332,870273
2021-02-17,58.380001068115234,60.470001220703125,55.13880157470703,58.369998931884766,58.369998931884766,571222
2021-02-18,56.13999938964844,57.81999969482422,53.78010177612305,54.619998931884766,54.619998931884766,456483
2021-02-19,55.7400016784668,61.5,55.7400016784668,59.400001525878906,59.400001525878906,806340
2021-02-22,58.5,60.64139938354492,55.91999816894531,56.58000183105469,56.58000183105469,763130
2021-02-23,53.560001373291016,55.869998931884766,42.0,55.70000076293945,55.70000076293945,1181175
2021-02-24,57.040000915527344,64.98699951171875,55.5,63.400001525878906,63.400001525878906,1593045
2021-02-25,61.900001525878906,72.32579803466797,60.33000183105469,64.05999755859375,64.05999755859375,1893794
2021-02-26,64.08170318603516,69.30249786376953,60.02000045776367,67.16999816894531,67.16999816894531,1150259
2021-03-01,70.0,79.11000061035156,69.0,73.7300033569336,73.7300033569336,1453199
2021-03-02,74.2300033569336,83.80989837646484,74.20999908447266,80.77999877929688,80.77999877929688,1505058
2021-03-03,85.0,86.80000305175781,71.0,74.30999755859375,74.30999755859375,1435951
2021-03-04,71.69999694824219,74.7510986328125,56.0,60.209999084472656,60.209999084472656,2128943
2021-03-05,63.060001373291016,64.0,48.29999923706055,55.5,55.5,2182715
2021-03-08,58.26449966430664,62.4900016784668,55.130001068115234,56.02000045776367,56.02000045776367,1341060
2021-03-09,60.0,69.697998046875,58.08000183105469,68.18000030517578,68.18000030517578,2310248
2021-03-10,73.2699966430664,74.9800033569336,63.11009979248047,67.3499984741211,67.3499984741211,1417716
2021-03-11,68.00659942626953,74.33000183105469,63.79999923706055,72.5999984741211,72.5999984741211,1388186
2021-03-12,70.0,73.2300033569336,67.94940185546875,71.81999969482422,71.81999969482422,751201
2021-03-15,74.82610321044922,79.94999694824219,73.30000305175781,79.30000305175781,79.30000305175781,999948
2021-03-16,82.04000091552734,82.94999694824219,74.06999969482422,76.62999725341797,76.62999725341797,1135189
2021-03-17,74.61000061035156,80.4800033569336,72.10009765625,76.83000183105469,76.83000183105469,1067012
2021-03-18,78.0,88.97000122070312,75.41000366210938,79.5999984741211,79.5999984741211,2208243
2021-03-19,80.19999694824219,81.80999755859375,75.20999908447266,78.94000244140625,78.94000244140625,1043225
2021-03-22,80.1500015258789,81.75,75.61260223388672,81.70999908447266,81.70999908447266,1021839
2021-03-23,81.70999908447266,81.70999908447266,81.70999908447266,81.70999908447266,81.70999908447266,0
2021-03-24,73.7300033569336,74.30999755859375,60.599998474121094,68.31999969482422,68.31999969482422,4029415
2021-03-25,67.01000213623047,71.9000015258789,61.59000015258789,70.3499984741211,70.3499984741211,1526534
2021-03-26,72.2300033569336,77.67340087890625,68.51000213623047,70.4000015258789,70.4000015258789,1445580
2021-03-29,69.19000244140625,69.91580200195312,63.36000061035156,64.0,64.0,909073
2021-03-30,63.5099983215332,64.77069854736328,60.099998474121094,63.2599983215332,63.2599983215332,1687681
2021-03-31,65.0,71.27999877929688,64.26000213623047,69.48999786376953,69.48999786376953,1200578
2021-04-01,71.26000213623047,74.94999694824219,66.56999969482422,68.0999984741211,68.0999984741211,1730583
2021-04-05,70.95999908447266,70.95999908447266,63.5099983215332,66.5199966430664,66.5199966430664,838369
2021-04-06,65.83000183105469,68.81999969482422,65.0,68.11000061035156,68.11000061035156,558725
2021-04-07,68.16999816894531,68.16999816894531,64.37210083007812,65.72000122070312,65.72000122070312,685805
2021-04-08,67.91999816894531,74.35919952392578,66.3134994506836,72.66999816894531,72.66999816894531,1476261
2021-04-09,72.58000183105469,72.93000030517578,67.7699966430664,69.30000305175781,69.30000305175781,851461
2021-04-12,70.37000274658203,70.41000366210938,65.6500015258789,67.02999877929688,67.02999877929688,664964
2021-04-13,67.0,69.9800033569336,66.04010009765625,69.51000213623047,69.51000213623047,720610
2021-04-14,69.23999786376953,72.66000366210938,67.25,68.0,68.0,1018912
2021-04-15,69.26000213623047,72.87999725341797,65.0199966430664,67.23999786376953,67.23999786376953,1264040
2021-04-16,67.91999816894531,68.25,64.2699966430664,65.06999969482422,65.06999969482422,612624
2021-04-19,64.97000122070312,66.0,62.52000045776367,65.9800033569336,65.9800033569336,742925
2021-04-20,65.1500015258789,65.48999786376953,61.880001068115234,63.68000030517578,63.68000030517578,509457
2021-04-21,63.7400016784668,67.75,62.279998779296875,67.56999969482422,67.56999969482422,482303
2021-04-22,67.04000091552734,70.9000015258789,65.6500015258789,67.20999908447266,67.20999908447266,915863
2021-04-23,68.5,70.79000091552734,68.0,69.7699966430664,69.7699966430664,477703
2021-04-26,69.58999633789062,76.2136001586914,68.91999816894531,73.83000183105469,73.83000183105469,1029031
2021-04-27,74.68319702148438,77.0790023803711,72.93160247802734,74.9000015258789,74.9000015258789,567922
2021-04-28,74.58999633789062,74.86000061035156,71.5999984741211,73.6500015258789,73.6500015258789,392409
2021-04-29,75.0,75.87999725341797,70.29000091552734,72.37000274658203,72.37000274658203,446825
2021-04-30,70.6875,74.01000213623047,70.41999816894531,70.69999694824219,70.69999694824219,299477
2021-05-03,71.9000015258789,72.0,66.61000061035156,68.31999969482422,68.31999969482422,506527
2021-05-04,67.75630187988281,69.75,64.0,67.69999694824219,67.69999694824219,617038
2021-05-05,69.33000183105469,70.44999694824219,66.8499984741211,68.0,68.0,468525
2021-05-06,67.58000183105469,68.25,62.54999923706055,65.23999786376953,65.23999786376953,771779
2021-05-07,65.0,69.17839813232422,64.75,65.86000061035156,65.86000061035156,423961
2021-05-10,66.20999908447266,66.5,63.150001525878906,63.599998474121094,63.599998474121094,349305
2021-05-11,60.83000183105469,63.599998474121094,59.16999816894531,62.65999984741211,62.65999984741211,531760
2021-05-12,61.052799224853516,62.0,57.31420135498047,57.459999084472656,57.459999084472656,529996
2021-05-13,58.65999984741211,59.470001220703125,53.0099983215332,54.88999938964844,54.88999938964844,541783
2021-05-14,55.70000076293945,58.59000015258789,54.0,58.369998931884766,58.369998931884766,482322
2021-05-17,58.790000915527344,61.61989974975586,56.900001525878906,61.0,61.0,308399
2021-05-18,62.20000076293945,65.6500015258789,62.15010070800781,65.45999908447266,65.45999908447266,310246
2021-05-19,63.150001525878906,63.4900016784668,58.959999084472656,61.310001373291016,61.310001373291016,278801
2021-05-20,62.119998931884766,63.16999816894531,60.099998474121094,61.41999816894531,61.41999816894531,259605
2021-05-21,62.70000076293945,62.81999969482422,60.400001525878906,60.66999816894531,60.66999816894531,193513
2021-05-24,60.869998931884766,63.630001068115234,60.54999923706055,62.83000183105469,62.83000183105469,277517
2021-05-25,63.5,65.43000030517578,63.02000045776367,63.68000030517578,63.68000030517578,306115
2021-05-26,63.959999084472656,65.25,62.130001068115234,63.54999923706055,63.54999923706055,309721
2021-05-27,63.54999923706055,64.94000244140625,61.599998474121094,64.94000244140625,64.94000244140625,474654
2021-05-28,64.83999633789062,67.4999008178711,64.0,64.9000015258789,64.9000015258789,319584
2021-06-01,65.75,67.5,65.16999816894531,66.41999816894531,66.41999816894531,254097
2021-06-02,66.2300033569336,69.3499984741211,65.25,68.80000305175781,68.80000305175781,252037
2021-06-03,68.20999908447266,69.87000274658203,66.11000061035156,69.13999938964844,69.13999938964844,282962
2021-06-04,70.0,72.82990264892578,69.5,71.87999725341797,71.87999725341797,375503
2021-06-07,72.5,73.69999694824219,68.3499984741211,69.22000122070312,69.22000122070312,345945
2021-06-08,70.0,70.80719757080078,65.65339660644531,68.63999938964844,68.63999938964844,339658
2021-06-09,69.06999969482422,71.5,68.7301025390625,69.72000122070312,69.72000122070312,354394
2021-06-10,71.75,74.0999984741211,70.88999938964844,73.12000274658203,73.12000274658203,444698
2021-06-11,73.16999816894531,75.11000061035156,70.87090301513672,73.30999755859375,73.30999755859375,329847
2021-06-14,73.6500015258789,74.1500015258789,70.33999633789062,71.18000030517578,71.18000030517578,367309
2021-06-15,70.48999786376953,71.16999816894531,67.06999969482422,69.12000274658203,69.12000274658203,344928
2021-06-16,68.9000015258789,71.29000091552734,68.66000366210938,70.37000274658203,70.37000274658203,243513
2021-06-17,69.2300033569336,70.55999755859375,68.0,68.83000183105469,68.83000183105469,262922
2021-06-18,67.83979797363281,68.66999816894531,66.38999938964844,67.8499984741211,67.8499984741211,385799
2021-06-21,67.1500015258789,68.35150146484375,66.19000244140625,67.88999938964844,67.88999938964844,248198
2021-06-22,67.97000122070312,69.80000305175781,66.61000061035156,69.16999816894531,69.16999816894531,210014
2021-06-23,70.0,76.27989959716797,69.58499908447266,74.11000061035156,74.11000061035156,795375
2021-06-24,74.94999694824219,74.94999694824219,70.61000061035156,72.5,72.5,363059
2021-06-25,73.5199966430664,74.11000061035156,71.75,72.94000244140625,72.94000244140625,302736
2021-06-28,73.01000213623047,77.69000244140625,72.97000122070312,75.83999633789062,75.83999633789062,446379
2021-06-29,75.61000061035156,78.48999786376953,74.80000305175781,76.80000305175781,76.80000305175781,298898
2021-06-30,77.0,79.5,76.5,78.16000366210938,78.16000366210938,205424
2021-07-01,78.83999633789062,78.83999633789062,75.65170288085938,76.72000122070312,76.72000122070312,186730
2021-07-02,77.23999786376953,78.22000122070312,76.0,77.80000305175781,77.80000305175781,146131
2021-07-06,78.05000305175781,78.3499984741211,70.16000366210938,70.87999725341797,70.87999725341797,683964
2021-07-07,71.4000015258789,72.73999786376953,67.06999969482422,68.16999816894531,68.16999816894531,442131
2021-07-08,67.0,68.5199966430664,65.5199966430664,67.86000061035156,67.86000061035156,290643
2021-07-09,68.26000213623047,71.97229766845703,67.5,71.05000305175781,71.05000305175781,211224
2021-07-12,71.05000305175781,74.51000213623047,70.75499725341797,72.94999694824219,72.94999694824219,316576
2021-07-13,72.97000122070312,72.9800033569336,68.33999633789062,69.19000244140625,69.19000244140625,310220
2021-07-14,70.12999725341797,72.47000122070312,66.80000305175781,66.98999786376953,66.98999786376953,306272
2021-07-15,67.0,69.69000244140625,66.45999908447266,67.70999908447266,67.70999908447266,233619
2021-07-16,68.4000015258789,68.61000061035156,63.75,64.4000015258789,64.4000015258789,460657
2021-07-19,61.20130157470703,64.37999725341797,60.8849983215332,63.08000183105469,63.08000183105469,355286
2021-07-20,63.560001373291016,63.880001068115234,50.099998474121094,50.52000045776367,50.52000045776367,1899755
2021-07-21,47.290000915527344,58.399898529052734,47.060001373291016,57.61000061035156,57.61000061035156,1289943
2021-07-22,57.58000183105469,58.0,54.05039978027344,55.689998626708984,55.689998626708984,463053
2021-07-23,56.75,56.790000915527344,52.31999969482422,52.31999969482422,52.31999969482422,428015
2021-07-26,52.18000030517578,55.064998626708984,50.68000030517578,53.0,53.0,366043
2021-07-27,52.27000045776367,52.27000045776367,48.7400016784668,50.56999969482422,50.56999969482422,421258
2021-07-28,51.209999084472656,52.72999954223633,50.599998474121094,52.54999923706055,52.54999923706055,254660
2021-07-29,53.939998626708984,58.0,53.5,55.75,55.75,439299
2021-07-30,55.02000045776367,56.150001525878906,53.819400787353516,55.060001373291016,55.060001373291016,251275
2021-08-02,55.779998779296875,57.54650115966797,54.150001525878906,54.869998931884766,54.869998931884766,404560
2021-08-03,54.2400016784668,55.54499816894531,53.20539855957031,55.529998779296875,55.529998779296875,191998
2021-08-04,55.91999816894531,58.485198974609375,55.02000045776367,56.34000015258789,56.34000015258789,425689
2021-08-05,56.25,59.230899810791016,55.2510986328125,58.09000015258789,58.09000015258789,374561
2021-08-06,58.7400016784668,60.75,57.810001373291016,59.779998779296875,59.779998779296875,258450
2021-08-09,58.86000061035156,61.20000076293945,58.70000076293945,60.11000061035156,60.11000061035156,385866
2021-08-10,60.95000076293945,65.0,60.95000076293945,64.16000366210938,64.16000366210938,380963
2021-08-11,65.0,65.5,63.160099029541016,64.55000305175781,64.55000305175781,316184
2021-08-12,64.23999786376953,65.69999694824219,63.099998474121094,65.18000030517578,65.18000030517578,239624
2021-08-13,66.4000015258789,66.69999694824219,63.61000061035156,64.13999938964844,64.13999938964844,247545
2021-08-16,62.83000183105469,64.25,59.71500015258789,60.099998474121094,60.099998474121094,340595
2021-08-17,58.470001220703125,58.599998474121094,54.0,54.459999084472656,54.459999084472656,515204
2021-08-18,53.349998474121094,54.79999923706055,51.099998474121094,51.20000076293945,51.20000076293945,515420
2021-08-19,50.279998779296875,51.720001220703125,48.211299896240234,49.88999938964844,49.88999938964844,487044
2021-08-20,49.900001525878906,52.29999923706055,49.54999923706055,51.97999954223633,51.97999954223633,312856
2021-08-23,53.02180099487305,53.97999954223633,52.15999984741211,53.33000183105469,53.33000183105469,227320
2021-08-24,53.97999954223633,54.9900016784668,53.099998474121094,54.61000061035156,54.61000061035156,244837
2021-08-25,54.58000183105469,58.0099983215332,53.41379928588867,56.189998626708984,56.189998626708984,239667
2021-08-26,55.68000030517578,56.760398864746094,53.5,53.93000030517578,53.93000030517578,267851
2021-08-27,53.880001068115234,56.970001220703125,53.5099983215332,55.72999954223633,55.72999954223633,258190
2021-08-30,56.905799865722656,60.18000030517578,56.02009963989258,58.52000045776367,58.52000045776367,342715
2021-08-31,58.459999084472656,59.83000183105469,56.220001220703125,58.880001068115234,58.880001068115234,222826
2021-09-01,58.56999969482422,60.349998474121094,57.25,58.58000183105469,58.58000183105469,255537
2021-09-02,58.4900016784668,60.58000183105469,58.4900016784668,59.220001220703125,59.220001220703125,233295
2021-09-03,59.72999954223633,61.67530059814453,59.349998474121094,60.130001068115234,60.130001068115234,271454
2021-09-07,59.540000915527344,59.70399856567383,54.45000076293945,54.97999954223633,54.97999954223633,636883
2021-09-08,54.65999984741211,55.20000076293945,52.02000045776367,52.810001373291016,52.810001373291016,354211
2021-09-09,53.74319839477539,56.95000076293945,52.529998779296875,54.369998931884766,54.369998931884766,290983
2021-09-10,54.83000183105469,56.599998474121094,54.83000183105469,55.150001525878906,55.150001525878906,196570
2021-09-13,55.5099983215332,56.209999084472656,53.18000030517578,56.20000076293945,56.20000076293945,292729
2021-09-14,56.2599983215332,57.47999954223633,55.02000045776367,55.290000915527344,55.290000915527344,245689
2021-09-15,55.33000183105469,57.41999816894531,54.77000045776367,57.34000015258789,57.34000015258789,225011
2021-09-16,56.38999938964844,56.38999938964844,53.060001373291016,53.86000061035156,53.86000061035156,328216
2021-09-17,53.029998779296875,53.989898681640625,52.79999923706055,53.630001068115234,53.630001068115234,304340
2021-09-20,50.5,51.5,49.380001068115234,50.290000915527344,50.290000915527344,453402
2021-09-21,51.31999969482422,52.029998779296875,49.599998474121094,50.38999938964844,50.38999938964844,283979
2021-09-22,51.209999084472656,53.16999816894531,51.20000076293945,52.43000030517578,52.43000030517578,260967
2021-09-23,52.459999084472656,54.560001373291016,52.459999084472656,53.900001525878906,53.900001525878906,208964
2021-09-24,53.790000915527344,53.91450119018555,52.130001068115234,52.2400016784668,52.2400016784668,174067
2021-09-27,51.79999923706055,53.222999572753906,50.720001220703125,51.40999984741211,51.40999984741211,176566
2021-09-28,50.9900016784668,51.000999450683594,49.310001373291016,49.31999969482422,49.31999969482422,354233
2021-09-29,50.06999969482422,53.41999816894531,49.5,52.66999816894531,52.66999816894531,495789
2021-09-30,53.65999984741211,55.06999969482422,52.010101318359375,54.459999084472656,54.459999084472656,404990
2021-10-01,54.77000045776367,54.77000045776367,51.34000015258789,54.130001068115234,54.130001068115234,223967
2021-10-04,54.900001525878906,55.099998474121094,52.54999923706055,53.20000076293945,53.20000076293945,345142
2021-10-05,53.119998931884766,55.380001068115234,52.0,53.65999984741211,53.65999984741211,249461
2021-10-06,53.130001068115234,53.88999938964844,51.63999938964844,52.599998474121094,52.599998474121094,189056
2021-10-07,53.58760070800781,55.779998779296875,53.0,54.849998474121094,54.849998474121094,248633
2021-10-08,55.31999969482422,55.400001525878906,53.76499938964844,54.06999969482422,54.06999969482422,150035
2021-10-11,54.939998626708984,58.790000915527344,54.5,57.36000061035156,57.36000061035156,345492
2021-10-12,57.72999954223633,61.220001220703125,57.13999938964844,57.939998626708984,57.939998626708984,641238
2021-10-13,58.45000076293945,61.290000915527344,58.439998626708984,60.099998474121094,60.099998474121094,277038
2021-10-14,61.41999816894531,62.900001525878906,61.18000030517578,62.4900016784668,62.4900016784668,322348
2021-10-15,62.599998474121094,62.9900016784668,60.400001525878906,60.900001525878906,60.900001525878906,264697
2021-10-18,59.970001220703125,62.69609832763672,59.970001220703125,62.040000915527344,62.040000915527344,195060
2021-10-19,63.130001068115234,63.79520034790039,61.52000045776367,62.380001068115234,62.380001068115234,367030
2021-10-20,62.400001525878906,62.58000183105469,59.5099983215332,60.7400016784668,60.7400016784668,309774
2021-10-21,59.099998474121094,61.7400016784668,58.0,58.790000915527344,58.790000915527344,226520
2021-10-22,58.61000061035156,59.47999954223633,55.523101806640625,55.709999084472656,55.709999084472656,404062
2021-10-25,57.70000076293945,62.58000183105469,57.65999984741211,62.5,62.5,481394
2021-10-26,64.0,67.65599822998047,63.310001373291016,63.95000076293945,63.95000076293945,644933
2021-10-27,63.439998626708984,64.29000091552734,62.040000915527344,62.61000061035156,62.61000061035156,232673
2021-10-28,62.900001525878906,65.80000305175781,62.05059814453125,65.48999786376953,65.48999786376953,331642
2021-10-29,65.0199966430664,65.21649932861328,62.34000015258789,62.34000015258789,62.34000015258789,339494
2021-11-01,63.0,65.67960357666016,63.0,64.98999786376953,64.98999786376953,313352
2021-11-02,64.70999908447266,65.4000015258789,62.900001525878906,64.3499984741211,64.3499984741211,187630
2021-11-03,64.19999694824219,65.03610229492188,62.720001220703125,64.5999984741211,64.5999984741211,206153
2021-11-04,65.29000091552734,68.88999938964844,65.22000122070312,66.38999938964844,66.38999938964844,360366
2021-11-05,66.87999725341797,66.87999725341797,62.540000915527344,63.95000076293945,63.95000076293945,285465
2021-11-08,64.30999755859375,66.25,63.63999938964844,64.68000030517578,64.68000030517578,353681
2021-11-09,65.44999694824219,65.9999008178711,62.68000030517578,63.939998626708984,63.939998626708984,208886
2021-11-10,63.2599983215332,63.27000045776367,58.279998779296875,58.34000015258789,58.34000015258789,407760
2021-11-11,60.63999938964844,64.21900177001953,60.15999984741211,62.970001220703125,62.970001220703125,325655
2021-11-12,63.900001525878906,65.11000061035156,62.95000076293945,64.25,64.25,276273
2021-11-15,63.310001373291016,63.33000183105469,60.65999984741211,61.619998931884766,61.619998931884766,298234
2021-11-16,61.150001525878906,62.61000061035156,59.84000015258789,62.41999816894531,62.41999816894531,252800
2021-11-17,62.349998474121094,62.9900016784668,59.810001373291016,59.880001068115234,59.880001068115234,191211
2021-11-18,60.20330047607422,60.27000045776367,57.54999923706055,57.84000015258789,57.84000015258789,271005
2021-11-19,57.79999923706055,60.88990020751953,57.79999923706055,60.150001525878906,60.150001525878906,254100
2021-11-22,61.439998626708984,64.88999938964844,60.70000076293945,62.0,62.0,413599
2021-11-23,61.19169998168945,63.15999984741211,59.29999923706055,61.0,61.0,234592
2021-11-24,60.060001373291016,60.70000076293945,57.880001068115234,58.90999984741211,58.90999984741211,438007
2021-11-26,57.90999984741211,58.900001525878906,56.34000015258789,58.29999923706055,58.29999923706055,169695
2021-11-29,59.0,60.779998779296875,57.400001525878906,60.119998931884766,60.119998931884766,338746
2021-11-30,59.9900016784668,61.5,58.0,60.0,60.0,397305
2021-12-01,60.7400016784668,61.689998626708984,55.16999816894531,55.36000061035156,55.36000061035156,381262
2021-12-02,55.68000030517578,58.5,55.25,57.90999984741211,57.90999984741211,354785
2021-12-03,57.060001373291016,58.33000183105469,52.20000076293945,53.810001373291016,53.810001373291016,569888
2021-12-06,53.900001525878906,56.51499938964844,51.31010055541992,54.84000015258789,54.84000015258789,491664
2021-12-07,56.84000015258789,59.9900016784668,56.63669967651367,58.77000045776367,58.77000045776367,382036
2021-12-08,59.40999984741211,62.529998779296875,58.61009979248047,62.099998474121094,62.099998474121094,397046
2021-12-09,60.81999969482422,62.29999923706055,58.529998779296875,59.33000183105469,59.33000183105469,262898
2021-12-10,60.25,62.05500030517578,58.52000045776367,58.61000061035156,58.61000061035156,357008
